inverter_id,st,pv,mppt,north,east,lat,lon,elev_m,slope_deg,aspect_deg,cross_slope_deg,plane_rms_m,table_east,table_north,table_lat,table_lon
WB01-INV01,1,1,1,9890197.445,459568.105,-0.993397,116.636597,68.87,7.514,186.0,-0.79,0.42,,,,
WB01-INV01,2,2,1,9890197.487,459583.711,-0.9933967,116.6367372,68.86,10.648,2.2,0.41,0.071,459584.647,9890199.417,-0.9933792,116.6367456
WB01-INV01,3,3,2,9890197.545,459599.322,-0.9933962,116.6368775,68.81,10.211,0.4,0.07,0.062,459600.247,9890199.417,-0.9933792,116.6368859
WB01-INV01,4,4,2,9890204.853,459614.843,-0.9933301,116.637017,68.24,10.68,4.3,0.81,0.13,459615.847,9890206.685,-0.9933135,116.6370261
WB01-INV01,5,5,3,9890197.569,459614.857,-0.993396,116.6370172,68.89,11.31,2.9,0.58,0.134,459615.847,9890199.417,-0.9933793,116.6370261
WB01-INV01,6,6,3,9890197.589,459630.487,-0.9933958,116.6371576,68.89,11.569,0.9,0.18,0.134,459631.447,9890199.417,-0.9933793,116.6371663
WB01-INV01,7,7,4,9890204.905,459630.383,-0.9933296,116.6371567,68.28,12.134,1.0,0.21,0.139,459631.447,9890206.685,-0.9933135,116.6371663
WB01-INV01,8,8,4,9890204.826,459646.079,-0.9933303,116.6372978,68.45,11.235,0.0,0.0,0.095,459647.047,9890206.685,-0.9933135,116.6373065
WB01-INV01,9,9,5,9890197.542,459646.059,-0.9933962,116.6372976,68.82,10.178,2.0,0.36,0.075,459647.047,9890199.417,-0.9933793,116.6373065
WB01-INV01,10,10,5,9890204.802,459661.567,-0.9933306,116.637437,68.7,10.419,2.5,0.46,0.156,459662.647,9890206.685,-0.9933135,116.6374467
WB01-INV01,11,11,6,9890197.551,459661.604,-0.9933962,116.6374373,69.02,9.751,1.6,0.27,0.153,459662.647,9890199.417,-0.9933793,116.6374467
WB01-INV01,12,12,6,9890175.919,459567.828,-0.9935918,116.6365945,70.3,11.687,5.0,1.03,0.123,459569.047,9890177.613,-0.9935765,116.6366054
WB01-INV01,13,13,7,9890175.948,459583.36,-0.9935915,116.6367341,70.16,10.184,3.2,0.57,0.1,459584.647,9890177.613,-0.9935765,116.6367456
WB01-INV01,14,14,7,9890176.007,459599.009,-0.993591,116.6368747,69.97,11.36,0.7,0.14,0.063,459600.247,9890177.613,-0.9935765,116.6368858
WB01-INV01,15,15,8,9890176.124,459614.613,-0.99359,116.637015,69.99,10.749,0.5,0.09,0.06,459615.847,9890177.613,-0.9935765,116.637026
WB01-INV01,16,16,8,9890176.117,459630.149,-0.9935901,116.6371546,69.91,10.219,4.2,0.76,0.071,459631.447,9890177.613,-0.9935765,116.6371663
WB01-INV01,17,17,9,9890176.06,459645.807,-0.9935906,116.6372953,69.91,11.424,1.4,0.28,0.045,459647.047,9890177.613,-0.9935765,116.6373065
WB01-INV01,18,18,9,9890176.037,459661.343,-0.9935908,116.637435,70.03,10.237,1.4,0.25,0.116,459662.647,9890177.613,-0.9935766,116.6374467
WB01-INV02,1,1,1,9890168.726,459567.902,-0.9936569,116.6365951,70.87,11.799,0.7,0.15,0.068,459569.047,9890170.345,-0.9936422,116.6366054
WB01-INV02,2,2,1,9890161.437,459567.863,-0.9937228,116.6365948,71.41,11.63,2.5,0.51,0.107,459569.047,9890163.077,-0.993708,116.6366054
WB01-INV02,3,3,2,9890154.249,459567.86,-0.9937878,116.6365947,71.76,10.872,3.3,0.63,0.137,459569.047,9890155.809,-0.9937737,116.6366054
WB01-INV02,4,4,2,9890168.741,459583.473,-0.9936567,116.6367351,70.76,10.619,3.0,0.56,0.084,459584.647,9890170.345,-0.9936422,116.6367456
WB01-INV02,5,5,3,9890161.453,459583.417,-0.9937227,116.6367346,71.2,10.221,3.5,0.63,0.106,459584.647,9890163.077,-0.993708,116.6367456
WB01-INV02,6,6,3,9890154.266,459583.468,-0.9937877,116.636735,71.56,9.852,3.2,0.56,0.074,459584.647,9890155.809,-0.9937737,116.6367456
WB01-INV02,7,7,4,9890168.746,459598.973,-0.9936567,116.6368744,70.59,11.436,2.3,0.47,0.085,459600.247,9890170.345,-0.9936423,116.6368858
WB01-INV02,8,8,4,9890161.499,459598.986,-0.9937223,116.6368745,71.05,10.275,2.6,0.47,0.106,459600.247,9890163.077,-0.993708,116.6368858
WB01-INV02,9,9,5,9890154.281,459599.052,-0.9937876,116.6368751,71.38,9.711,1.6,0.27,0.071,459600.247,9890155.809,-0.9937738,116.6368858
WB01-INV02,10,10,5,9890168.822,459614.633,-0.9936561,116.6370151,70.64,11.023,0.7,0.14,0.058,459615.847,9890170.345,-0.9936423,116.637026
WB01-INV02,11,11,6,9890161.532,459614.578,-0.993722,116.6370146,70.88,10.692,2.6,0.49,0.075,459615.847,9890163.077,-0.993708,116.637026
WB01-INV02,12,12,6,9890154.3,459614.665,-0.9937874,116.6370154,71.3,11.14,2.4,0.47,0.105,459615.847,9890155.809,-0.9937738,116.637026
WB01-INV02,13,13,7,9890168.856,459630.184,-0.9936558,116.6371549,70.57,10.714,2.6,0.49,0.057,459631.447,9890170.345,-0.9936423,116.6371662
WB01-INV02,14,14,7,9890161.561,459630.202,-0.9937218,116.6371551,70.79,10.178,2.1,0.38,0.042,459631.447,9890163.077,-0.993708,116.6371662
WB01-INV02,15,15,8,9890168.879,459645.832,-0.9936556,116.6372955,70.54,10.09,1.7,0.3,0.062,459647.047,9890170.345,-0.9936423,116.6373065
WB01-INV02,16,16,8,9890161.567,459645.814,-0.9937217,116.6372954,70.82,10.306,0.2,0.04,0.031,459647.047,9890163.077,-0.9937081,116.6373065
WB01-INV02,17,17,9,9890168.917,459661.376,-0.9936552,116.6374352,70.55,9.909,2.3,0.4,0.104,459662.647,9890170.345,-0.9936423,116.6374467
WB01-INV02,18,18,9,9890161.613,459661.331,-0.9937213,116.6374348,71.05,10.066,3.1,0.55,0.119,459662.647,9890163.077,-0.9937081,116.6374467
WB01-INV03,1,1,1,9890146.904,459567.876,-0.9938543,116.6365949,71.98,13.488,5.5,1.32,0.225,459569.047,9890148.541,-0.9938395,116.6366054
WB01-INV03,2,2,1,9890139.509,459568.259,-0.9939212,116.6365983,72.83,11.892,1.8,0.38,0.133,459569.047,9890141.273,-0.9939052,116.6366054
WB01-INV03,3,3,2,9890132.338,459568.284,-0.9939861,116.6365985,73.32,13.076,0.6,0.14,0.132,459569.047,9890134.005,-0.993971,116.6366054
WB01-INV03,4,4,2,9890146.843,459583.531,-0.9938549,116.6367356,72.0,13.837,2.7,0.66,0.138,459584.647,9890148.541,-0.9938395,116.6367456
WB01-INV03,5,5,3,9890139.506,459583.924,-0.9939212,116.6367391,72.63,13.064,0.5,0.12,0.188,459584.647,9890141.273,-0.9939053,116.6367456
WB01-INV03,6,6,3,9890146.821,459599.097,-0.9938551,116.6368755,71.89,13.758,2.3,0.56,0.134,459600.247,9890148.541,-0.9938395,116.6368858
WB01-INV03,7,7,4,9890139.508,459599.432,-0.9939212,116.6368785,72.48,12.585,1.6,0.36,0.15,459600.247,9890141.273,-0.9939053,116.6368858
WB01-INV03,8,8,4,9890146.811,459615.009,-0.9938552,116.6370185,71.86,15.105,0.3,0.08,0.145,459615.847,9890148.541,-0.9938395,116.637026
WB01-INV03,9,9,5,9890139.506,459614.886,-0.9939213,116.6370174,72.59,12.793,359.7,-0.07,0.19,459615.847,9890141.273,-0.9939053,116.637026
WB01-INV03,10,10,5,9890154.33,459630.268,-0.9937872,116.6371556,71.18,9.978,2.7,0.47,0.066,459631.447,9890155.809,-0.9937738,116.6371662
WB01-INV03,11,11,6,9890146.83,459630.514,-0.993855,116.6371578,71.86,13.077,0.1,0.02,0.136,459631.447,9890148.541,-0.9938395,116.6371662
WB01-INV03,12,12,6,9890139.494,459630.426,-0.9939214,116.637157,72.38,12.804,2.0,0.45,0.234,459631.447,9890141.273,-0.9939053,116.6371662
WB01-INV03,13,13,7,9890154.398,459645.832,-0.9937866,116.6372955,71.18,9.909,1.7,0.3,0.074,459647.047,9890155.809,-0.9937738,116.6373064
WB01-INV03,14,14,7,9890146.867,459646.1,-0.9938547,116.6372979,72.13,12.162,358.9,-0.24,0.081,459647.047,9890148.541,-0.9938396,116.6373064
WB01-INV03,15,15,8,9890139.579,459646.096,-0.9939206,116.6372979,72.58,10.946,358.7,-0.25,0.056,459647.047,9890141.273,-0.9939053,116.6373064
WB01-INV03,16,16,8,9890154.438,459661.47,-0.9937862,116.6374361,71.2,10.099,1.6,0.28,0.081,459662.647,9890155.809,-0.9937738,116.6374467
WB01-INV03,17,17,9,9890146.858,459661.704,-0.9938548,116.6374382,72.22,11.17,4.0,0.79,0.133,459662.647,9890148.541,-0.9938396,116.6374467
WB01-INV03,18,18,9,9890139.57,459661.625,-0.9939207,116.6374375,72.64,10.999,4.8,0.93,0.149,459662.647,9890141.273,-0.9939053,116.6374466
WB01-INV04,1,1,1,9890134.005,459584.647,-0.993971,116.6367456,72.9,10.799,1.5,0.29,0.07,459584.647,9890134.005,-0.993971,116.6367456
WB01-INV04,2,2,1,9890126.737,459584.647,-0.9940368,116.6367456,73.59,11.054,1.5,0.29,0.13,459584.647,9890126.737,-0.9940368,116.6367456
WB01-INV04,3,3,2,9890119.469,459584.647,-0.9941025,116.6367456,74.41,11.313,3.2,0.64,0.199,459584.647,9890119.469,-0.9941025,116.6367456
WB01-INV04,4,4,2,9890134.005,459600.247,-0.993971,116.6368858,72.89,11.354,0.8,0.16,0.065,459600.247,9890134.005,-0.993971,116.6368858
WB01-INV04,5,5,3,9890126.737,459600.247,-0.9940368,116.6368858,73.51,12.06,0.2,0.04,0.14,459600.247,9890126.737,-0.9940368,116.6368858
WB01-INV04,6,6,3,9890119.469,459600.247,-0.9941025,116.6368858,74.37,11.335,1.8,0.36,0.12,459600.247,9890119.469,-0.9941025,116.6368858
WB01-INV04,7,7,4,9890134.005,459615.847,-0.993971,116.637026,72.83,11.185,0.1,0.02,0.153,459615.847,9890134.005,-0.993971,116.637026
WB01-INV04,8,8,4,9890126.737,459615.847,-0.9940368,116.637026,73.46,12.06,0.3,0.06,0.129,459615.847,9890126.737,-0.9940368,116.637026
WB01-INV04,9,9,5,9890119.469,459615.847,-0.9941025,116.637026,74.29,11.714,2.2,0.46,0.122,459615.847,9890119.469,-0.9941025,116.637026
WB01-INV04,10,10,5,9890134.005,459631.447,-0.9939711,116.6371662,72.82,10.59,1.1,0.21,0.048,459631.447,9890134.005,-0.9939711,116.6371662
WB01-INV04,11,11,6,9890126.737,459631.447,-0.9940368,116.6371662,73.38,11.67,0.9,0.19,0.121,459631.447,9890126.737,-0.9940368,116.6371662
WB01-INV04,12,12,6,9890119.469,459631.447,-0.9941026,116.6371662,74.09,12.115,1.8,0.39,0.109,459631.447,9890119.469,-0.9941026,116.6371662
WB01-INV04,13,13,7,9890134.005,459647.047,-0.9939711,116.6373064,72.76,11.598,1.1,0.23,0.075,459647.047,9890134.005,-0.9939711,116.6373064
WB01-INV04,14,14,7,9890126.737,459647.047,-0.9940368,116.6373064,73.33,11.266,4.1,0.82,0.108,459647.047,9890126.737,-0.9940368,116.6373064
WB01-INV04,15,15,8,9890119.469,459647.047,-0.9941026,116.6373064,73.98,12.513,3.8,0.84,0.136,459647.047,9890119.469,-0.9941026,116.6373064
WB01-INV04,16,16,8,9890134.005,459662.647,-0.9939711,116.6374466,72.8,11.065,6.0,1.17,0.18,459662.647,9890134.005,-0.9939711,116.6374466
WB01-INV04,17,17,9,9890126.737,459662.647,-0.9940368,116.6374466,73.04,13.406,3.5,0.83,0.184,459662.647,9890126.737,-0.9940368,116.6374466
WB01-INV04,18,18,9,9890119.469,459662.647,-0.9941026,116.6374466,73.68,12.16,3.5,0.75,0.203,459662.647,9890119.469,-0.9941026,116.6374466
WB01-INV05,1,1,1,9890112.201,459584.647,-0.9941683,116.6367456,74.99,12.564,3.5,0.78,0.186,459584.647,9890112.201,-0.9941683,116.6367456
WB01-INV05,2,2,1,9890104.933,459584.647,-0.994234,116.6367456,75.61,12.418,359.5,-0.11,0.168,459584.647,9890104.933,-0.994234,116.6367456
WB01-INV05,3,3,2,9890097.665,459584.647,-0.9942998,116.6367455,76.14,10.982,0.9,0.17,0.113,459584.647,9890097.665,-0.9942998,116.6367455
WB01-INV05,4,4,2,9890090.397,459584.647,-0.9943655,116.6367455,76.81,12.737,0.3,0.07,0.179,459584.647,9890090.397,-0.9943655,116.6367455
WB01-INV05,5,5,3,9890112.201,459600.247,-0.9941683,116.6368858,74.98,11.884,358.1,-0.4,0.165,459600.247,9890112.201,-0.9941683,116.6368858
WB01-INV05,6,6,3,9890104.933,459600.247,-0.994234,116.6368858,75.53,12.857,1.8,0.41,0.133,459600.247,9890104.933,-0.994234,116.6368858
WB01-INV05,7,7,4,9890097.665,459600.247,-0.9942998,116.6368858,76.35,10.233,0.2,0.04,0.061,459600.247,9890097.665,-0.9942998,116.6368858
WB01-INV05,8,8,4,9890112.201,459615.847,-0.9941683,116.637026,75.04,10.841,1.7,0.33,0.091,459615.847,9890112.201,-0.9941683,116.637026
WB01-INV05,9,9,5,9890104.933,459615.847,-0.9942341,116.637026,75.65,11.367,1.0,0.2,0.122,459615.847,9890104.933,-0.9942341,116.637026
WB01-INV05,10,10,5,9890097.665,459615.847,-0.9942998,116.637026,76.32,9.847,1.4,0.24,0.084,459615.847,9890097.665,-0.9942998,116.637026
WB01-INV05,11,11,6,9890112.201,459631.447,-0.9941683,116.6371662,74.91,9.642,4.7,0.8,0.107,459631.447,9890112.201,-0.9941683,116.6371662
WB01-INV05,12,12,6,9890104.933,459631.447,-0.9942341,116.6371662,75.53,11.072,2.8,0.55,0.096,459631.447,9890104.933,-0.9942341,116.6371662
WB01-INV05,13,13,7,9890097.665,459631.447,-0.9942998,116.6371662,76.26,10.363,3.6,0.66,0.09,459631.447,9890097.665,-0.9942998,116.6371662
WB01-INV05,14,14,7,9890112.201,459647.047,-0.9941683,116.6373064,74.66,10.579,2.0,0.37,0.094,459647.047,9890112.201,-0.9941683,116.6373064
WB01-INV05,15,15,8,9890104.933,459647.047,-0.9942341,116.6373064,75.31,11.472,3.1,0.63,0.17,459647.047,9890104.933,-0.9942341,116.6373064
WB01-INV05,16,16,8,9890097.665,459647.047,-0.9942998,116.6373064,75.97,10.225,2.8,0.5,0.118,459647.047,9890097.665,-0.9942998,116.6373064
WB01-INV05,17,17,9,9890112.201,459662.647,-0.9941683,116.6374466,74.36,11.319,4.7,0.94,0.229,459662.647,9890112.201,-0.9941683,116.6374466
WB01-INV05,18,18,9,9890104.933,459662.647,-0.9942341,116.6374466,75.02,12.329,5.8,1.27,0.255,459662.647,9890104.933,-0.9942341,116.6374466
WB01-INV06,1,1,1,9890066.92,459568.214,-0.9945779,116.6365978,79.38,11.334,0.8,0.16,0.14,459569.047,9890068.593,-0.9945628,116.6366053
WB01-INV06,2,2,1,9890081.332,459583.85,-0.9944475,116.6367384,78.1,13.013,0.6,0.14,0.166,459584.647,9890083.129,-0.9944313,116.6367455
WB01-INV06,3,3,2,9890074.112,459583.749,-0.9945129,116.6367374,79.0,10.848,2.0,0.38,0.118,459584.647,9890075.861,-0.994497,116.6367455
WB01-INV06,4,4,2,9890066.873,459583.792,-0.9945784,116.6367378,79.36,10.947,0.6,0.12,0.057,459584.647,9890068.593,-0.9945628,116.6367455
WB01-INV06,5,5,3,9890088.523,459599.496,-0.9943825,116.636879,77.39,10.978,359.3,-0.14,0.091,459600.247,9890090.397,-0.9943655,116.6368857
WB01-INV06,6,6,3,9890081.334,459599.412,-0.9944475,116.6368782,78.15,12.468,0.7,0.15,0.132,459600.247,9890083.129,-0.9944313,116.6368857
WB01-INV06,7,7,4,9890074.124,459599.364,-0.9945128,116.6368778,78.91,10.318,1.0,0.18,0.077,459600.247,9890075.861,-0.9944971,116.6368857
WB01-INV06,8,8,4,9890066.847,459599.328,-0.9945786,116.6368775,79.46,10.167,1.7,0.3,0.056,459600.247,9890068.593,-0.9945628,116.6368857
WB01-INV06,9,9,5,9890088.534,459614.984,-0.9943824,116.6370182,77.36,9.504,0.9,0.15,0.052,459615.847,9890090.397,-0.9943656,116.637026
WB01-INV06,10,10,5,9890081.333,459615.0,-0.9944476,116.6370183,78.2,13.133,2.1,0.49,0.141,459615.847,9890083.129,-0.9944313,116.637026
WB01-INV06,11,11,6,9890074.129,459614.972,-0.9945127,116.6370181,78.9,10.299,3.4,0.62,0.087,459615.847,9890075.861,-0.9944971,116.6370259
WB01-INV06,12,12,6,9890066.848,459614.941,-0.9945786,116.6370178,79.51,11.293,1.9,0.38,0.108,459615.847,9890068.593,-0.9945628,116.6370259
WB01-INV06,13,13,7,9890088.513,459630.57,-0.9943826,116.6371583,77.35,9.992,3.0,0.53,0.089,459631.447,9890090.397,-0.9943656,116.6371662
WB01-INV06,14,14,7,9890081.301,459630.583,-0.9944479,116.6371584,77.99,12.63,1.8,0.4,0.156,459631.447,9890083.129,-0.9944313,116.6371662
WB01-INV06,15,15,8,9890074.094,459630.587,-0.9945131,116.6371584,78.93,10.648,1.3,0.24,0.115,459631.447,9890075.861,-0.9944971,116.6371662
WB01-INV06,16,16,8,9890088.498,459646.137,-0.9943828,116.6372982,77.16,11.36,6.5,1.3,0.208,459647.146,9890090.397,-0.9943656,116.6373073
WB01-INV06,17,17,9,9890081.292,459646.215,-0.994448,116.6372989,77.71,12.748,2.6,0.59,0.165,459647.146,9890083.129,-0.9944314,116.6373073
WB01-INV06,18,18,9,9890074.089,459646.163,-0.9945131,116.6372984,78.79,10.274,5.1,0.92,0.205,459647.146,9890075.861,-0.9944971,116.6373073
WB01-INV07,1,1,1,9890175.763,459458.555,-0.9935931,116.6356123,71.49,10.953,7.6,1.47,0.209,459459.847,9890177.613,-0.9935764,116.6356239
WB01-INV07,2,2,1,9890168.521,459458.582,-0.9936586,116.6356126,71.95,10.23,7.1,1.28,0.198,459459.847,9890170.345,-0.9936421,116.6356239
WB01-INV07,3,3,2,9890161.257,459458.579,-0.9937243,116.6356125,72.38,11.057,6.5,1.27,0.194,459459.847,9890163.077,-0.9937079,116.6356239
WB01-INV07,4,4,2,9890175.842,459474.21,-0.9935924,116.635753,71.53,12.155,3.7,0.8,0.198,459475.447,9890177.613,-0.9935764,116.6357641
WB01-INV07,5,5,3,9890168.564,459474.185,-0.9936582,116.6357528,71.98,11.137,4.0,0.79,0.123,459475.447,9890170.345,-0.9936421,116.6357641
WB01-INV07,6,6,3,9890161.316,459474.215,-0.9937238,116.6357531,72.35,11.212,5.2,1.03,0.185,459475.447,9890163.077,-0.9937079,116.6357641
WB01-INV07,7,7,4,9890175.896,459489.853,-0.9935919,116.6358936,71.51,11.627,0.6,0.12,0.113,459491.047,9890177.613,-0.9935764,116.6359044
WB01-INV07,8,8,4,9890168.581,459489.847,-0.9936581,116.6358936,71.79,10.679,0.8,0.15,0.1,459491.047,9890170.345,-0.9936421,116.6359043
WB01-INV07,9,9,5,9890161.321,459489.862,-0.9937238,116.6358937,72.32,10.697,6.1,1.15,0.226,459491.047,9890163.077,-0.9937079,116.6359043
WB01-INV07,10,10,5,9890175.918,459505.465,-0.9935917,116.6360339,71.85,11.946,4.8,1.01,0.267,459506.647,9890177.613,-0.9935764,116.6360446
WB01-INV07,11,11,6,9890168.595,459505.485,-0.993658,116.6360341,72.01,10.999,2.8,0.54,0.146,459506.647,9890170.345,-0.9936422,116.6360446
WB01-INV07,12,12,6,9890161.368,459505.517,-0.9937234,116.6360344,72.38,10.972,6.5,1.26,0.2,459506.647,9890163.077,-0.9937079,116.6360446
WB01-INV07,13,13,7,9890175.937,459521.023,-0.9935916,116.6361738,71.91,11.621,1.0,0.21,0.137,459522.247,9890177.613,-0.9935764,116.6361848
WB01-INV07,14,14,7,9890168.609,459521.011,-0.9936579,116.6361737,71.95,11.093,1.6,0.31,0.067,459522.247,9890170.345,-0.9936422,116.6361848
WB01-INV07,15,15,8,9890161.35,459521.012,-0.9937236,116.6361737,72.12,10.62,1.5,0.28,0.06,459522.247,9890163.077,-0.9937079,116.6361848
WB01-INV07,16,16,8,9890175.939,459536.602,-0.9935916,116.6363138,71.95,11.539,10.1,2.05,0.319,459537.847,9890177.613,-0.9935764,116.636325
WB01-INV07,17,17,9,9890168.614,459536.574,-0.9936578,116.6363135,71.99,10.789,8.7,1.65,0.23,459537.847,9890170.345,-0.9936422,116.636325
WB01-INV07,18,18,9,9890161.389,459536.629,-0.9937232,116.636314,72.21,10.276,6.2,1.12,0.22,459537.847,9890163.077,-0.9937079,116.636325
WB01-INV08,1,1,1,9890154.019,459458.552,-0.9937898,116.6356123,72.61,9.902,7.4,1.29,0.201,459459.847,9890155.809,-0.9937736,116.6356239
WB01-INV08,2,2,1,9890146.761,459458.685,-0.9938555,116.6356135,73.24,11.717,6.3,1.3,0.181,459459.847,9890148.541,-0.9938394,116.6356239
WB01-INV08,3,3,2,9890139.574,459458.716,-0.9939205,116.6356137,73.63,10.21,7.7,1.38,0.167,459459.847,9890141.273,-0.9939051,116.6356239
WB01-INV08,4,4,2,9890154.039,459474.236,-0.9937897,116.6357532,72.57,10.353,6.3,1.15,0.222,459475.447,9890155.809,-0.9937736,116.6357641
WB01-INV08,5,5,3,9890146.812,459474.234,-0.993855,116.6357532,73.24,10.813,7.0,1.33,0.244,459475.447,9890148.541,-0.9938394,116.6357641
WB01-INV08,6,6,3,9890139.579,459474.306,-0.9939205,116.6357539,73.62,11.989,7.6,1.61,0.27,459475.447,9890141.273,-0.9939051,116.6357641
WB01-INV08,7,7,4,9890154.058,459489.895,-0.9937895,116.635894,72.61,10.538,6.6,1.22,0.242,459491.047,9890155.809,-0.9937737,116.6359043
WB01-INV08,8,8,4,9890146.84,459489.967,-0.9938548,116.6358946,73.04,10.364,7.6,1.39,0.259,459491.047,9890148.541,-0.9938394,116.6359043
WB01-INV08,9,9,5,9890139.627,459489.914,-0.9939201,116.6358941,73.41,11.794,6.4,1.33,0.249,459491.047,9890141.273,-0.9939052,116.6359043
WB01-INV08,10,10,5,9890154.148,459505.577,-0.9937887,116.6360349,72.6,10.834,7.4,1.41,0.229,459506.647,9890155.809,-0.9937737,116.6360445
WB01-INV08,11,11,6,9890146.884,459505.528,-0.9938544,116.6360345,72.86,10.473,10.3,1.89,0.29,459506.647,9890148.541,-0.9938394,116.6360445
WB01-INV08,12,12,6,9890139.626,459505.57,-0.9939201,116.6360349,73.29,12.574,7.3,1.62,0.292,459506.647,9890141.273,-0.9939052,116.6360445
WB01-INV08,13,13,7,9890154.134,459521.021,-0.9937888,116.6361737,72.42,10.783,4.3,0.82,0.184,459522.247,9890155.809,-0.9937737,116.6361848
WB01-INV08,14,14,7,9890146.89,459521.061,-0.9938544,116.6361741,72.65,12.634,2.8,0.63,0.209,459522.247,9890148.541,-0.9938394,116.6361847
WB01-INV08,15,15,8,9890139.629,459521.074,-0.9939201,116.6361742,73.07,13.284,5.2,1.23,0.24,459522.247,9890141.273,-0.9939052,116.6361847
WB01-INV08,16,16,8,9890154.174,459536.611,-0.9937885,116.6363139,72.45,10.608,7.5,1.4,0.271,459537.847,9890155.809,-0.9937737,116.636325
WB01-INV08,17,17,9,9890146.938,459536.621,-0.993854,116.6363139,72.76,12.764,8.5,1.92,0.285,459537.847,9890148.541,-0.9938395,116.636325
WB01-INV08,18,18,9,9890139.688,459536.675,-0.9939196,116.6363144,73.18,12.683,3.9,0.88,0.279,459537.847,9890141.273,-0.9939052,116.636325
WB01-INV09,1,1,1,9890134.005,459459.847,-0.9939709,116.6356239,73.78,10.239,7.8,1.4,0.184,459459.847,9890134.005,-0.9939709,116.6356239
WB01-INV09,2,2,1,9890126.737,459459.847,-0.9940366,116.6356239,74.29,10.902,3.6,0.69,0.102,459459.847,9890126.737,-0.9940366,116.6356239
WB01-INV09,3,3,2,9890119.469,459459.847,-0.9941024,116.6356239,75.35,10.596,7.5,1.4,0.189,459459.847,9890119.469,-0.9941024,116.6356239
WB01-INV09,4,4,2,9890112.201,459459.847,-0.9941681,116.6356239,76.42,12.835,7.3,1.66,0.274,459459.847,9890112.201,-0.9941681,116.6356239
WB01-INV09,5,5,3,9890134.005,459475.447,-0.9939709,116.6357641,73.78,10.942,7.9,1.52,0.254,459475.447,9890134.005,-0.9939709,116.6357641
WB01-INV09,6,6,3,9890126.737,459475.447,-0.9940367,116.6357641,74.26,10.914,3.0,0.58,0.125,459475.447,9890126.737,-0.9940367,116.6357641
WB01-INV09,7,7,4,9890119.469,459475.447,-0.9941024,116.6357641,75.07,11.208,4.8,0.95,0.19,459475.447,9890119.469,-0.9941024,116.6357641
WB01-INV09,8,8,4,9890112.201,459475.447,-0.9941682,116.6357641,76.07,13.517,4.1,0.98,0.301,459475.447,9890112.201,-0.9941682,116.6357641
WB01-INV09,9,9,5,9890134.005,459491.047,-0.9939709,116.6359043,73.61,9.87,8.6,1.49,0.246,459491.047,9890134.005,-0.9939709,116.6359043
WB01-INV09,10,10,5,9890126.737,459491.047,-0.9940367,116.6359043,74.31,9.925,7.1,1.24,0.249,459491.047,9890126.737,-0.9940367,116.6359043
WB01-INV09,11,11,6,9890119.469,459491.047,-0.9941024,116.6359043,75.05,10.884,4.8,0.92,0.199,459491.047,9890119.469,-0.9941024,116.6359043
WB01-INV09,12,12,6,9890112.201,459491.047,-0.9941682,116.6359043,75.82,11.77,3.2,0.67,0.244,459491.047,9890112.201,-0.9941682,116.6359043
WB01-INV09,13,13,7,9890134.005,459506.647,-0.9939709,116.6360445,73.42,11.105,9.9,1.93,0.299,459506.647,9890134.005,-0.9939709,116.6360445
WB01-INV09,14,14,7,9890126.737,459506.647,-0.9940367,116.6360445,74.11,9.751,12.9,2.2,0.329,459506.647,9890126.737,-0.9940367,116.6360445
WB01-INV09,15,15,8,9890119.469,459506.647,-0.9941024,116.6360445,74.85,10.384,12.0,2.18,0.362,459506.647,9890119.469,-0.9941024,116.6360445
WB01-INV09,16,16,8,9890112.201,459506.647,-0.9941682,116.6360445,75.68,12.437,12.1,2.65,0.413,459506.647,9890112.201,-0.9941682,116.6360445
WB01-INV09,17,17,9,9890134.005,459522.247,-0.9939709,116.6361847,73.1,11.088,6.7,1.31,0.202,459522.247,9890134.005,-0.9939709,116.6361847
WB01-INV09,18,18,9,9890134.005,459537.847,-0.993971,116.6363249,73.25,11.643,4.9,1.01,0.252,459537.847,9890134.005,-0.993971,116.6363249
WB01-INV10,1,1,1,9890104.933,459459.847,-0.9942339,116.6356239,76.97,11.746,5.9,1.22,0.219,459459.847,9890104.933,-0.9942339,116.6356239
WB01-INV10,2,2,1,9890097.665,459459.847,-0.9942997,116.6356239,77.46,11.578,6.4,1.31,0.21,459459.847,9890097.665,-0.9942997,116.6356239
WB01-INV10,3,3,2,9890090.397,459459.847,-0.9943654,116.6356238,78.46,11.606,6.3,1.29,0.221,459459.847,9890090.397,-0.9943654,116.6356238
WB01-INV10,4,4,2,9890083.129,459459.847,-0.9944312,116.6356238,79.45,10.262,6.8,1.23,0.177,459459.847,9890083.129,-0.9944312,116.6356238
WB01-INV10,5,5,3,9890075.861,459459.847,-0.9944969,116.6356238,79.79,10.458,6.8,1.25,0.163,459459.847,9890075.861,-0.9944969,116.6356238
WB01-INV10,6,6,3,9890104.933,459475.447,-0.9942339,116.6357641,76.69,12.663,4.8,1.08,0.216,459475.447,9890104.933,-0.9942339,116.6357641
WB01-INV10,7,7,4,9890097.665,459475.447,-0.9942997,116.6357641,77.17,11.314,4.5,0.9,0.19,459475.447,9890097.665,-0.9942997,116.6357641
WB01-INV10,8,8,4,9890090.397,459475.447,-0.9943654,116.6357641,78.26,12.158,4.9,1.05,0.243,459475.447,9890090.397,-0.9943654,116.6357641
WB01-INV10,9,9,5,9890083.129,459475.447,-0.9944312,116.635764,79.24,12.309,2.7,0.59,0.16,459475.447,9890083.129,-0.9944312,116.635764
WB01-INV10,10,10,5,9890075.861,459475.447,-0.9944969,116.635764,79.49,11.218,3.7,0.73,0.15,459475.447,9890075.861,-0.9944969,116.635764
WB01-INV10,11,11,6,9890104.933,459491.047,-0.9942339,116.6359043,76.42,11.503,5.6,1.14,0.212,459491.047,9890104.933,-0.9942339,116.6359043
WB01-INV10,12,12,6,9890097.665,459491.047,-0.9942997,116.6359043,76.89,12.066,5.5,1.17,0.154,459491.047,9890097.665,-0.9942997,116.6359043
WB01-INV10,13,13,7,9890090.397,459491.047,-0.9943654,116.6359043,78.26,11.968,2.4,0.51,0.287,459491.047,9890090.397,-0.9943654,116.6359043
WB01-INV10,14,14,7,9890083.129,459491.047,-0.9944312,116.6359043,79.02,13.332,3.2,0.76,0.224,459491.047,9890083.129,-0.9944312,116.6359043
WB01-INV10,15,15,8,9890104.933,459506.647,-0.9942339,116.6360445,76.3,10.679,14.3,2.67,0.412,459506.647,9890104.933,-0.9942339,116.6360445
WB01-INV10,16,16,8,9890097.665,459506.647,-0.9942997,116.6360445,76.69,10.485,11.0,2.02,0.338,459506.647,9890097.665,-0.9942997,116.6360445
WB01-INV10,17,17,9,9890090.397,459506.647,-0.9943655,116.6360445,77.98,,,,0.55,459506.647,9890090.397,-0.9943655,116.6360445
WB01-INV10,18,18,9,9890083.129,459506.647,-0.9944312,116.6360445,78.69,14.309,8.3,2.11,0.363,459506.647,9890083.129,-0.9944312,116.6360445
WB01-INV11,1,1,1,9890068.593,459459.847,-0.9945627,116.6356238,80.46,12.693,4.4,0.99,0.193,459459.847,9890068.593,-0.9945627,116.6356238
WB01-INV11,2,2,1,9890061.325,459459.847,-0.9946284,116.6356238,80.93,12.228,3.0,0.65,0.193,459459.847,9890061.325,-0.9946284,116.6356238
WB01-INV11,3,3,2,9890054.057,459459.847,-0.9946942,116.6356238,81.08,12.361,3.3,0.72,0.186,459459.847,9890054.057,-0.9946942,116.6356238
WB01-INV11,4,4,2,9890046.789,459459.847,-0.9947599,116.6356238,81.62,13.356,1.9,0.45,0.162,459459.847,9890046.789,-0.9947599,116.6356238
WB01-INV11,5,5,3,9890068.593,459475.447,-0.9945627,116.635764,80.29,12.549,4.9,1.09,0.251,459475.447,9890068.593,-0.9945627,116.635764
WB01-INV11,6,6,3,9890061.325,459475.447,-0.9946284,116.635764,80.76,11.66,3.5,0.72,0.222,459475.447,9890061.325,-0.9946284,116.635764
WB01-INV11,7,7,4,9890054.057,459475.447,-0.9946942,116.635764,80.92,12.791,4.3,0.98,0.233,459475.447,9890054.057,-0.9946942,116.635764
WB01-INV11,8,8,4,9890046.789,459475.447,-0.99476,116.635764,81.41,13.43,4.2,1.0,0.215,459475.447,9890046.789,-0.99476,116.635764
WB01-INV11,9,9,5,9890075.861,459491.047,-0.9944969,116.6359043,79.37,11.511,1.8,0.37,0.124,459491.047,9890075.861,-0.9944969,116.6359043
WB01-INV11,10,10,5,9890068.593,459491.047,-0.9945627,116.6359042,80.17,12.154,1.6,0.34,0.2,459491.047,9890068.593,-0.9945627,116.6359042
WB01-INV11,11,11,6,9890061.325,459491.047,-0.9946285,116.6359042,80.55,15.316,4.2,1.15,0.278,459491.047,9890061.325,-0.9946285,116.6359042
WB01-INV11,12,12,6,9890054.057,459491.047,-0.9946942,116.6359042,80.78,12.752,2.3,0.52,0.258,459491.047,9890054.057,-0.9946942,116.6359042
WB01-INV11,13,13,7,9890046.789,459491.047,-0.99476,116.6359042,81.23,12.677,3.6,0.81,0.209,459491.047,9890046.789,-0.99476,116.6359042
WB01-INV11,14,14,7,9890075.861,459506.647,-0.994497,116.6360445,79.2,10.811,1.7,0.32,0.103,459506.647,9890075.861,-0.994497,116.6360445
WB01-INV11,15,15,8,9890068.593,459506.647,-0.9945627,116.6360445,79.91,10.663,4.3,0.81,0.132,459506.647,9890068.593,-0.9945627,116.6360445
WB01-INV11,16,16,8,9890061.325,459506.647,-0.9946285,116.6360445,80.2,12.285,7.1,1.54,0.248,459506.647,9890061.325,-0.9946285,116.6360445
WB01-INV11,17,17,9,9890054.057,459506.647,-0.9946942,116.6360444,80.85,13.448,3.9,0.93,0.272,459506.647,9890054.057,-0.9946942,116.6360444
WB01-INV11,18,18,9,9890046.789,459506.647,-0.99476,116.6360444,81.29,13.431,3.2,0.76,0.222,459506.647,9890046.789,-0.99476,116.6360444
WB01-INV12,1,1,1,9890074.168,459521.294,-0.9945123,116.6361761,79.33,11.268,8.2,1.63,0.268,459522.247,9890075.861,-0.994497,116.6361847
WB01-INV12,2,2,1,9890066.91,459521.342,-0.994578,116.6361765,79.98,11.433,2.4,0.49,0.103,459522.247,9890068.593,-0.9945627,116.6361847
WB01-INV12,3,3,2,9890059.606,459521.38,-0.994644,116.6361769,80.31,11.886,3.0,0.63,0.143,459522.247,9890061.325,-0.9946285,116.6361847
WB01-INV12,4,4,2,9890052.297,459521.438,-0.9947102,116.6361774,81.04,11.731,3.3,0.68,0.264,459522.247,9890054.057,-0.9946942,116.6361847
WB01-INV12,5,5,3,9890045.013,459521.398,-0.9947761,116.636177,81.5,12.83,2.2,0.5,0.178,459522.247,9890046.789,-0.99476,116.6361846
WB01-INV12,6,6,3,9890066.88,459536.981,-0.9945783,116.6363171,79.75,10.695,8.9,1.67,0.311,459537.847,9890068.593,-0.9945628,116.6363249
WB01-INV12,7,7,4,9890059.583,459537.071,-0.9946443,116.6363179,80.04,12.247,3.4,0.74,0.169,459537.847,9890061.325,-0.9946285,116.6363249
WB01-INV12,8,8,4,9890052.311,459537.1,-0.9947101,116.6363182,80.85,12.567,5.5,1.22,0.255,459537.847,9890054.057,-0.9946943,116.6363249
WB01-INV12,9,9,5,9890045.063,459537.069,-0.9947756,116.6363179,81.52,12.767,5.2,1.18,0.243,459537.847,9890046.789,-0.99476,116.6363249
WB01-INV12,10,10,5,9890059.583,459552.655,-0.9946443,116.636458,80.14,12.968,0.9,0.21,0.211,459553.447,9890061.325,-0.9946285,116.6364651
WB01-INV12,11,11,6,9890052.33,459552.655,-0.9947099,116.636458,80.47,12.049,1.4,0.3,0.176,459553.447,9890054.057,-0.9946943,116.6364651
WB01-INV12,12,12,6,9890045.091,459552.655,-0.9947754,116.636458,81.5,12.785,4.1,0.93,0.235,459553.447,9890046.789,-0.99476,116.6364651
WB01-INV12,13,13,7,9890059.593,459568.217,-0.9946442,116.6365978,80.14,13.274,358.6,-0.33,0.231,459569.047,9890061.325,-0.9946285,116.6366053
WB01-INV12,14,14,7,9890052.338,459568.17,-0.9947098,116.6365974,80.51,11.781,2.5,0.52,0.136,459569.047,9890054.057,-0.9946943,116.6366053
WB01-INV12,15,15,8,9890045.1,459568.224,-0.9947753,116.6365979,81.42,14.704,1.6,0.42,0.255,459569.047,9890046.789,-0.99476,116.6366053
WB01-INV12,16,16,8,9890059.578,459583.882,-0.9946444,116.6367386,80.15,12.154,1.5,0.32,0.168,459584.647,9890061.325,-0.9946286,116.6367455
WB01-INV12,17,17,9,9890052.332,459583.807,-0.9947099,116.636738,80.61,11.391,3.2,0.64,0.204,459584.647,9890054.057,-0.9946943,116.6367455
WB01-INV12,18,18,9,9890045.076,459583.804,-0.9947756,116.6367379,81.43,12.545,2.0,0.44,0.208,459584.647,9890046.789,-0.9947601,116.6367455
WB01-INV13,1,1,1,9890059.579,459599.368,-0.9946444,116.6368778,80.17,12.173,2.2,0.47,0.153,459600.247,9890061.325,-0.9946286,116.6368857
WB01-INV13,2,2,1,9890052.305,459599.398,-0.9947102,116.6368781,80.69,12.274,1.5,0.33,0.149,459600.247,9890054.057,-0.9946943,116.6368857
WB01-INV13,3,3,2,9890045.077,459599.366,-0.9947756,116.6368778,81.37,11.853,2.3,0.48,0.148,459600.247,9890046.789,-0.9947601,116.6368857
WB01-INV13,4,4,2,9890059.604,459615.017,-0.9946442,116.6370185,80.23,14.135,359.2,-0.2,0.181,459615.847,9890061.325,-0.9946286,116.6370259
WB01-INV13,5,5,3,9890052.342,459614.948,-0.9947099,116.6370178,80.87,11.122,1.2,0.24,0.164,459615.847,9890054.057,-0.9946943,116.6370259
WB01-INV13,6,6,3,9890045.098,459614.979,-0.9947754,116.6370181,81.47,12.848,0.7,0.16,0.18,459615.847,9890046.789,-0.9947601,116.6370259
WB01-INV13,7,7,4,9890066.819,459630.639,-0.9945789,116.6371589,79.5,10.552,0.7,0.13,0.115,459631.447,9890068.593,-0.9945628,116.6371661
WB01-INV13,8,8,4,9890059.603,459630.658,-0.9946442,116.637159,80.29,11.387,1.2,0.24,0.132,459631.447,9890061.325,-0.9946286,116.6371661
WB01-INV13,9,9,5,9890052.339,459630.661,-0.9947099,116.6371591,80.99,10.583,0.9,0.17,0.086,459631.447,9890054.057,-0.9946944,116.6371661
WB01-INV13,10,10,5,9890045.101,459630.647,-0.9947754,116.6371589,81.56,13.058,0.1,0.02,0.169,459631.447,9890046.789,-0.9947601,116.6371661
WB01-INV13,11,11,6,9890066.838,459646.165,-0.9945787,116.6372984,79.59,11.77,2.6,0.54,0.21,459647.146,9890068.593,-0.9945629,116.6373072
WB01-INV13,12,12,6,9890059.608,459646.196,-0.9946442,116.6372987,80.32,12.402,2.4,0.53,0.168,459647.146,9890061.325,-0.9946286,116.6373072
WB01-INV13,13,13,7,9890052.333,459646.18,-0.99471,116.6372986,80.96,11.989,5.0,1.06,0.174,459647.146,9890054.057,-0.9946944,116.6373072
WB01-INV13,14,14,7,9890045.063,459646.23,-0.9947757,116.637299,81.56,12.768,3.3,0.75,0.188,459647.146,9890046.789,-0.9947601,116.6373072
WB01-INV13,15,15,8,9890059.629,459661.706,-0.994644,116.6374381,79.9,4.406,182.0,-0.15,0.456,,,,
WB01-INV13,16,16,8,9890052.328,459661.752,-0.99471,116.6374385,80.59,2.524,352.5,-0.33,0.367,,,,
WB01-INV13,17,17,9,9890045.018,459661.759,-0.9947762,116.6374386,81.15,1.418,358.2,-0.04,0.206,,,,
WB01-INV13,18,18,9,9890044.972,459677.33,-0.9947766,116.6375785,80.92,1.397,11.1,0.27,0.176,,,,
WB01-INV14,1,1,1,9890030.164,459444.247,-0.9949103,116.6354836,84.1,11.634,3.7,0.76,0.137,459444.247,9890030.164,-0.9949103,116.6354836
WB01-INV14,2,2,1,9890022.896,459444.247,-0.9949761,116.6354836,84.43,10.419,6.4,1.17,0.178,459444.247,9890022.896,-0.9949761,116.6354836
WB01-INV14,3,3,2,9890015.628,459444.247,-0.9950418,116.6354836,84.62,11.178,4.4,0.87,0.171,459444.247,9890015.628,-0.9950418,116.6354836
WB01-INV14,4,4,2,9890030.164,459459.847,-0.9949103,116.6356238,84.38,11.916,6.3,1.33,0.308,459459.847,9890030.164,-0.9949103,116.6356238
WB01-INV14,5,5,3,9890022.896,459459.847,-0.9949761,116.6356238,84.46,11.236,0.8,0.16,0.083,459459.847,9890022.896,-0.9949761,116.6356238
WB01-INV14,6,6,3,9890015.628,459459.847,-0.9950419,116.6356238,84.64,11.19,2.3,0.45,0.105,459459.847,9890015.628,-0.9950419,116.6356238
WB01-INV14,7,7,4,9890030.164,459475.447,-0.9949104,116.635764,84.03,10.941,0.9,0.17,0.153,459475.447,9890030.164,-0.9949104,116.635764
WB01-INV14,8,8,4,9890022.896,459475.447,-0.9949761,116.635764,84.48,10.813,1.3,0.25,0.126,459475.447,9890022.896,-0.9949761,116.635764
WB01-INV14,9,9,5,9890015.628,459475.447,-0.9950419,116.635764,84.64,11.616,2.7,0.55,0.187,459475.447,9890015.628,-0.9950419,116.635764
WB01-INV14,10,10,5,9890030.164,459491.047,-0.9949104,116.6359042,83.66,12.075,1.9,0.41,0.152,459491.047,9890030.164,-0.9949104,116.6359042
WB01-INV14,11,11,6,9890022.896,459491.047,-0.9949761,116.6359042,84.25,10.935,1.6,0.31,0.081,459491.047,9890022.896,-0.9949761,116.6359042
WB01-INV14,12,12,6,9890015.628,459491.047,-0.9950419,116.6359042,84.63,12.231,1.4,0.3,0.152,459491.047,9890015.628,-0.9950419,116.6359042
WB01-INV14,13,13,7,9890030.164,459506.647,-0.9949104,116.6360444,83.64,10.87,3.3,0.63,0.105,459506.647,9890030.164,-0.9949104,116.6360444
WB01-INV14,14,14,7,9890022.896,459506.647,-0.9949761,116.6360444,84.25,12.41,4.8,1.05,0.206,459506.647,9890022.896,-0.9949761,116.6360444
WB01-INV14,15,15,8,9890015.628,459506.647,-0.9950419,116.6360444,84.92,12.014,3.0,0.64,0.201,459506.647,9890015.628,-0.9950419,116.6360444
WB01-INV14,16,16,8,9890030.164,459522.247,-0.9949104,116.6361846,83.24,11.061,7.3,1.42,0.254,459522.247,9890030.164,-0.9949104,116.6361846
WB01-INV14,17,17,9,9890022.896,459522.247,-0.9949762,116.6361846,83.85,11.661,6.2,1.28,0.268,459522.247,9890022.896,-0.9949762,116.6361846
WB01-INV14,18,18,9,9890015.628,459522.247,-0.9950419,116.6361846,84.67,11.66,8.4,1.73,0.328,459522.247,9890015.628,-0.9950419,116.6361846
WB01-INV15,1,1,1,9890008.36,459444.247,-0.9951076,116.6354836,85.46,12.73,6.8,1.53,0.238,459444.247,9890008.36,-0.9951076,116.6354836
WB01-INV15,2,2,1,9890001.092,459444.247,-0.9951734,116.6354835,86.0,10.762,5.0,0.95,0.195,459444.247,9890001.092,-0.9951734,116.6354835
WB01-INV15,3,3,2,9889993.824,459444.247,-0.9952391,116.6354835,86.95,13.308,2.7,0.64,0.188,459444.247,9889993.824,-0.9952391,116.6354835
WB01-INV15,4,4,2,9890008.36,459459.847,-0.9951076,116.6356238,85.4,13.41,3.0,0.71,0.218,459459.847,9890008.36,-0.9951076,116.6356238
WB01-INV15,5,5,3,9890001.092,459459.847,-0.9951734,116.6356238,86.01,11.557,4.0,0.82,0.148,459459.847,9890001.092,-0.9951734,116.6356238
WB01-INV15,6,6,3,9889993.824,459459.847,-0.9952391,116.6356237,86.94,11.784,1.5,0.31,0.139,459459.847,9889993.824,-0.9952391,116.6356237
WB01-INV15,7,7,4,9890008.36,459475.447,-0.9951076,116.635764,85.46,12.086,1.4,0.3,0.179,459475.447,9890008.36,-0.9951076,116.635764
WB01-INV15,8,8,4,9890001.092,459475.447,-0.9951734,116.635764,85.99,11.913,1.8,0.38,0.14,459475.447,9890001.092,-0.9951734,116.635764
WB01-INV15,9,9,5,9889993.824,459475.447,-0.9952391,116.635764,86.97,12.035,2.0,0.43,0.166,459475.447,9889993.824,-0.9952391,116.635764
WB01-INV15,10,10,5,9890008.36,459491.047,-0.9951076,116.6359042,85.67,11.1,3.5,0.69,0.251,459491.047,9890008.36,-0.9951076,116.6359042
WB01-INV15,11,11,6,9890001.092,459491.047,-0.9951734,116.6359042,86.3,11.215,4.1,0.81,0.202,459491.047,9890001.092,-0.9951734,116.6359042
WB01-INV15,12,12,6,9889993.824,459491.047,-0.9952392,116.6359042,87.06,12.085,5.1,1.09,0.233,459491.047,9889993.824,-0.9952392,116.6359042
WB01-INV15,13,13,7,9890008.36,459506.647,-0.9951077,116.6360444,85.68,12.012,2.0,0.43,0.171,459506.647,9890008.36,-0.9951077,116.6360444
WB01-INV15,14,14,7,9890001.092,459506.647,-0.9951734,116.6360444,86.36,12.89,2.8,0.64,0.151,459506.647,9890001.092,-0.9951734,116.6360444
WB01-INV15,15,15,8,9889993.824,459506.647,-0.9952392,116.6360444,87.08,13.272,5.0,1.18,0.294,459506.647,9889993.824,-0.9952392,116.6360444
WB01-INV15,16,16,8,9890008.36,459522.247,-0.9951077,116.6361846,85.35,11.134,8.6,1.69,0.331,459522.247,9890008.36,-0.9951077,116.6361846
WB01-INV15,17,17,9,9890001.092,459522.247,-0.9951734,116.6361846,86.18,11.234,7.0,1.39,0.326,459522.247,9890001.092,-0.9951734,116.6361846
WB01-INV15,18,18,9,9889993.824,459522.247,-0.9952392,116.6361846,86.76,11.125,8.5,1.66,0.31,459522.247,9889993.824,-0.9952392,116.6361846
WB01-INV16,1,1,1,9889986.435,459444.247,-0.995306,116.6354835,88.0,12.129,2.8,0.6,0.222,459444.247,9889986.435,-0.995306,116.6354835
WB01-INV16,2,2,1,9889979.167,459444.247,-0.9953717,116.6354835,88.82,11.645,6.2,1.28,0.25,459444.247,9889979.167,-0.9953717,116.6354835
WB01-INV16,3,3,2,9889971.899,459444.247,-0.9954375,116.6354835,89.4,12.128,5.4,1.16,0.263,459444.247,9889971.899,-0.9954375,116.6354835
WB01-INV16,4,4,2,9889986.435,459459.847,-0.995306,116.6356237,87.96,10.579,1.0,0.19,0.124,459459.847,9889986.435,-0.995306,116.6356237
WB01-INV16,5,5,3,9889979.167,459459.847,-0.9953717,116.6356237,88.79,11.546,1.1,0.22,0.213,459459.847,9889979.167,-0.9953717,116.6356237
WB01-INV16,6,6,3,9889971.899,459459.847,-0.9954375,116.6356237,89.32,12.386,0.3,0.07,0.157,459459.847,9889971.899,-0.9954375,116.6356237
WB01-INV16,7,7,4,9889986.435,459475.447,-0.995306,116.635764,87.79,9.646,359.8,-0.03,0.051,459475.447,9889986.435,-0.995306,116.635764
WB01-INV16,8,8,4,9889979.167,459475.447,-0.9953717,116.6357639,88.66,11.999,2.0,0.42,0.132,459475.447,9889979.167,-0.9953717,116.6357639
WB01-INV16,9,9,5,9889971.899,459475.447,-0.9954375,116.6357639,89.39,11.484,0.3,0.06,0.115,459475.447,9889971.899,-0.9954375,116.6357639
WB01-INV16,10,10,5,9889986.435,459491.047,-0.995306,116.6359042,87.87,10.537,1.1,0.2,0.067,459491.047,9889986.435,-0.995306,116.6359042
WB01-INV16,11,11,6,9889979.167,459491.047,-0.9953718,116.6359042,88.81,11.65,359.1,-0.19,0.122,459491.047,9889979.167,-0.9953718,116.6359042
WB01-INV16,12,12,6,9889971.899,459491.047,-0.9954375,116.6359042,89.64,11.789,3.8,0.79,0.162,459491.047,9889971.899,-0.9954375,116.6359042
WB01-INV16,13,13,7,9889986.435,459506.647,-0.995306,116.6360444,87.85,10.911,3.6,0.69,0.189,459506.647,9889986.435,-0.995306,116.6360444
WB01-INV16,14,14,7,9889979.167,459506.647,-0.9953718,116.6360444,88.75,11.464,4.9,0.99,0.192,459506.647,9889979.167,-0.9953718,116.6360444
WB01-INV16,15,15,8,9889971.899,459506.647,-0.9954375,116.6360444,89.27,12.086,3.1,0.66,0.161,459506.647,9889971.899,-0.9954375,116.6360444
WB01-INV16,16,16,8,9889986.435,459522.247,-0.995306,116.6361846,87.51,11.87,4.9,1.03,0.224,459522.247,9889986.435,-0.995306,116.6361846
WB01-INV16,17,17,9,9889979.167,459522.247,-0.9953718,116.6361846,88.31,11.238,6.9,1.37,0.259,459522.247,9889979.167,-0.9953718,116.6361846
WB01-INV16,18,18,9,9889971.899,459522.247,-0.9954375,116.6361846,88.89,11.988,7.7,1.63,0.256,459522.247,9889971.899,-0.9954375,116.6361846
WB01-INV17,1,1,1,9889964.51,459444.247,-0.9955043,116.6354835,90.13,10.217,3.5,0.63,0.198,459444.247,9889964.51,-0.9955043,116.6354835
WB01-INV17,2,2,1,9889957.242,459444.247,-0.9955701,116.6354835,90.84,10.346,4.1,0.75,0.207,459444.247,9889957.242,-0.9955701,116.6354835
WB01-INV17,3,3,2,9889949.974,459444.247,-0.9956358,116.6354835,91.44,10.809,1.0,0.19,0.19,459444.247,9889949.974,-0.9956358,116.6354835
WB01-INV17,4,4,2,9889964.51,459459.847,-0.9955043,116.6356237,90.13,10.88,1.4,0.27,0.105,459459.847,9889964.51,-0.9955043,116.6356237
WB01-INV17,5,5,3,9889957.242,459459.847,-0.9955701,116.6356237,90.83,11.297,4.0,0.8,0.177,459459.847,9889957.242,-0.9955701,116.6356237
WB01-INV17,6,6,3,9889949.974,459459.847,-0.9956358,116.6356237,91.44,10.575,4.7,0.88,0.209,459459.847,9889949.974,-0.9956358,116.6356237
WB01-INV17,7,7,4,9889964.51,459475.447,-0.9955043,116.6357639,90.12,10.485,359.5,-0.09,0.054,459475.447,9889964.51,-0.9955043,116.6357639
WB01-INV17,8,8,4,9889957.242,459475.447,-0.9955701,116.6357639,90.83,11.129,0.6,0.12,0.1,459475.447,9889957.242,-0.9955701,116.6357639
WB01-INV17,9,9,5,9889949.974,459475.447,-0.9956358,116.6357639,91.41,11.634,2.6,0.54,0.214,459475.447,9889949.974,-0.9956358,116.6357639
WB01-INV17,10,10,5,9889964.51,459491.047,-0.9955044,116.6359041,90.27,10.764,2.1,0.4,0.096,459491.047,9889964.51,-0.9955044,116.6359041
WB01-INV17,11,11,6,9889957.242,459491.047,-0.9955701,116.6359041,90.74,11.621,3.8,0.78,0.167,459491.047,9889957.242,-0.9955701,116.6359041
WB01-INV17,12,12,6,9889949.974,459491.047,-0.9956359,116.6359041,91.28,9.822,3.3,0.57,0.19,459491.047,9889949.974,-0.9956359,116.6359041
WB01-INV17,13,13,7,9889964.51,459506.647,-0.9955044,116.6360444,89.93,11.542,3.6,0.73,0.157,459506.647,9889964.51,-0.9955044,116.6360444
WB01-INV17,14,14,7,9889957.242,459506.647,-0.9955701,116.6360443,90.59,11.499,3.1,0.63,0.157,459506.647,9889957.242,-0.9955701,116.6360443
WB01-INV17,15,15,8,9889949.974,459506.647,-0.9956359,116.6360443,91.01,11.062,3.0,0.59,0.131,459506.647,9889949.974,-0.9956359,116.6360443
WB01-INV17,16,16,8,9889964.51,459522.247,-0.9955044,116.6361846,89.7,10.976,8.0,1.55,0.246,459522.247,9889964.51,-0.9955044,116.6361846
WB01-INV17,17,17,9,9889957.242,459522.247,-0.9955701,116.6361846,90.16,10.573,3.6,0.67,0.194,459522.247,9889957.242,-0.9955701,116.6361846
WB01-INV17,18,18,9,9889949.974,459522.247,-0.9956359,116.6361846,90.88,10.82,2.0,0.38,0.126,459522.247,9889949.974,-0.9956359,116.6361846
WB01-INV18,1,1,1,9889941.352,459443.509,-0.9957138,116.6354769,92.35,10.42,3.5,0.64,0.218,459444.247,9889942.706,-0.9957016,116.6354835
WB01-INV18,2,2,1,9889933.986,459443.419,-0.9957805,116.635476,92.98,9.507,4.1,0.69,0.189,459444.247,9889935.438,-0.9957673,116.6354835
WB01-INV18,3,3,2,9889941.342,459459.168,-0.9957139,116.6356176,92.39,11.451,4.0,0.81,0.238,459459.847,9889942.706,-0.9957016,116.6356237
WB01-INV18,4,4,2,9889934.003,459459.13,-0.9957803,116.6356172,92.92,10.053,7.0,1.24,0.21,459459.847,9889935.438,-0.9957673,116.6356237
WB01-INV18,5,5,3,9889941.295,459474.769,-0.9957144,116.6357578,92.21,11.589,4.8,0.98,0.212,459475.447,9889942.706,-0.9957016,116.6357639
WB01-INV18,6,6,3,9889934.005,459474.75,-0.9957803,116.6357576,92.67,10.079,1.1,0.2,0.139,459475.447,9889935.438,-0.9957674,116.6357639
WB01-INV18,7,7,4,9889941.296,459490.242,-0.9957144,116.6358969,92.16,12.036,4.2,0.89,0.195,459491.047,9889942.706,-0.9957016,116.6359041
WB01-INV18,8,8,4,9889934.007,459490.22,-0.9957803,116.6358967,92.63,10.562,4.8,0.89,0.168,459491.047,9889935.438,-0.9957674,116.6359041
WB01-INV18,9,9,5,9889941.279,459505.816,-0.9957145,116.6360369,91.9,11.045,2.7,0.53,0.127,459506.647,9889942.706,-0.9957016,116.6360443
WB01-INV18,10,10,5,9889934.052,459505.81,-0.9957799,116.6360368,92.42,10.513,1.4,0.26,0.113,459506.647,9889935.438,-0.9957674,116.6360443
WB01-INV18,11,11,6,9889926.785,459505.802,-0.9958457,116.6360367,92.89,10.735,3.6,0.68,0.095,459506.647,9889928.17,-0.9958331,116.6360443
WB01-INV18,12,12,6,9889941.264,459521.405,-0.9957147,116.636177,91.6,10.97,2.5,0.48,0.145,459522.247,9889942.706,-0.9957017,116.6361845
WB01-INV18,13,13,7,9889934.021,459521.392,-0.9957802,116.6361768,92.17,10.269,4.6,0.83,0.134,459522.247,9889935.438,-0.9957674,116.6361845
WB01-INV18,14,14,7,9889926.754,459521.451,-0.995846,116.6361774,92.68,10.258,2.2,0.4,0.12,459522.247,9889928.17,-0.9958332,116.6361845
WB01-INV18,15,15,8,9889948.603,459537.044,-0.9956483,116.6363175,90.87,0.731,291.8,-0.68,0.34,,,,
WB01-INV18,16,16,8,9889941.241,459537.1,-0.9957149,116.636318,91.3,11.619,5.0,1.03,0.166,459537.847,9889942.706,-0.9957017,116.6363248
WB01-INV18,17,17,9,9889933.944,459537.11,-0.9957809,116.6363181,91.86,11.037,5.3,1.03,0.184,459537.847,9889935.438,-0.9957674,116.6363247
WB01-INV18,18,18,9,9889926.676,459537.125,-0.9958467,116.6363182,92.38,9.851,6.3,1.09,0.166,459537.847,9889928.17,-0.9958332,116.6363247
WB01-INV19,1,1,1,9889926.776,459443.468,-0.9958457,116.6354765,93.53,10.44,1.6,0.29,0.205,459444.247,9889928.17,-0.9958331,116.6354835
WB01-INV19,2,2,1,9889919.437,459443.492,-0.9959121,116.6354767,94.21,10.993,4.8,0.93,0.22,459444.247,9889920.781,-0.9958999,116.6354835
WB01-INV19,3,3,2,9889912.105,459443.487,-0.9959784,116.6354766,94.98,10.879,2.1,0.4,0.127,459444.247,9889913.513,-0.9959657,116.6354835
WB01-INV19,4,4,2,9889926.76,459459.132,-0.9958459,116.6356173,93.5,11.142,5.0,0.98,0.221,459459.847,9889928.17,-0.9958331,116.6356237
WB01-INV19,5,5,3,9889919.437,459459.164,-0.9959121,116.6356175,94.22,10.178,9.5,1.7,0.267,459459.847,9889920.781,-0.9958999,116.6356237
WB01-INV19,6,6,3,9889912.139,459459.097,-0.9959781,116.6356169,94.77,11.479,7.1,1.44,0.166,459459.847,9889913.513,-0.9959657,116.6356237
WB01-INV19,7,7,4,9889926.741,459474.726,-0.995846,116.6357574,93.35,10.993,4.0,0.78,0.2,459475.447,9889928.17,-0.9958331,116.6357639
WB01-INV19,8,8,4,9889919.425,459474.768,-0.9959122,116.6357578,93.87,10.427,3.3,0.61,0.196,459475.447,9889920.781,-0.9959,116.6357639
WB01-INV19,9,9,5,9889912.125,459474.769,-0.9959783,116.6357578,94.49,9.989,1.9,0.33,0.099,459475.447,9889913.513,-0.9959657,116.6357639
WB01-INV19,10,10,5,9889926.782,459490.271,-0.9958457,116.6358971,93.14,10.441,1.7,0.31,0.113,459491.047,9889928.17,-0.9958331,116.6359041
WB01-INV19,11,11,6,9889919.38,459490.28,-0.9959127,116.6358972,93.83,10.99,1.9,0.37,0.133,459491.047,9889920.781,-0.9959,116.6359041
WB01-INV19,12,12,6,9889912.081,459490.33,-0.9959787,116.6358977,94.37,10.796,3.0,0.57,0.124,459491.047,9889913.513,-0.9959657,116.6359041
WB01-INV19,13,13,7,9889919.374,459505.939,-0.9959127,116.6360379,93.55,10.527,2.9,0.54,0.103,459506.647,9889920.781,-0.9959,116.6360443
WB01-INV19,14,14,7,9889912.109,459505.877,-0.9959785,116.6360374,94.22,12.404,2.0,0.44,0.091,459506.647,9889913.513,-0.9959657,116.6360443
WB01-INV19,15,15,8,9889919.374,459521.39,-0.9959127,116.6361768,93.26,11.6,4.0,0.82,0.154,459522.247,9889920.781,-0.9959,116.6361845
WB01-INV19,16,16,8,9889912.135,459521.449,-0.9959782,116.6361773,94.14,11.977,4.2,0.89,0.159,459522.247,9889913.513,-0.9959658,116.6361845
WB01-INV19,17,17,9,9889919.368,459536.99,-0.9959128,116.636317,93.01,10.884,3.9,0.75,0.159,459537.847,9889920.781,-0.9959,116.6363247
WB01-INV19,18,18,9,9889912.104,459537.139,-0.9959785,116.6363184,93.83,10.22,6.9,1.24,0.214,459537.847,9889913.513,-0.9959658,116.6363247
WB01-INV20,1,1,1,9889904.893,459443.524,-0.9960437,116.6354769,95.62,9.821,4.1,0.71,0.139,459444.247,9889906.245,-0.9960314,116.6354835
WB01-INV20,2,2,1,9889897.615,459443.51,-0.9961095,116.6354768,96.16,9.675,4.0,0.68,0.145,459444.247,9889898.977,-0.9960972,116.6354834
WB01-INV20,3,3,2,9889904.909,459459.179,-0.9960435,116.6356177,95.48,10.463,3.5,0.65,0.122,459459.847,9889906.245,-0.9960315,116.6356237
WB01-INV20,4,4,2,9889897.625,459459.147,-0.9961094,116.6356174,96.04,10.682,4.5,0.85,0.1,459459.847,9889898.977,-0.9960972,116.6356237
WB01-INV20,5,5,3,9889904.938,459474.793,-0.9960433,116.635758,95.27,10.658,4.9,0.92,0.161,459475.447,9889906.245,-0.9960315,116.6357639
WB01-INV20,6,6,3,9889897.654,459474.804,-0.9961092,116.6357581,95.79,9.88,2.0,0.35,0.096,459475.447,9889898.977,-0.9960972,116.6357639
WB01-INV20,7,7,4,9889904.932,459490.33,-0.9960434,116.6358976,95.03,10.356,4.6,0.84,0.182,459491.047,9889906.245,-0.9960315,116.6359041
WB01-INV20,8,8,4,9889897.653,459490.322,-0.9961092,116.6358976,95.57,10.178,3.0,0.54,0.091,459491.047,9889898.977,-0.9960972,116.6359041
WB01-INV20,9,9,5,9889890.424,459490.326,-0.9961746,116.6358976,96.28,10.149,2.5,0.45,0.078,459491.047,9889891.709,-0.996163,116.6359041
WB01-INV20,10,10,5,9889904.977,459505.906,-0.996043,116.6360376,94.87,10.938,2.4,0.46,0.095,459506.647,9889906.245,-0.9960315,116.6360443
WB01-INV20,11,11,6,9889897.644,459505.847,-0.9961093,116.6360371,95.35,10.467,3.4,0.63,0.103,459506.647,9889898.977,-0.9960973,116.6360443
WB01-INV20,12,12,6,9889890.439,459505.918,-0.9961745,116.6360377,96.06,9.859,3.7,0.64,0.148,459506.647,9889891.709,-0.996163,116.6360443
WB01-INV20,13,13,7,9889904.999,459521.442,-0.9960428,116.6361773,94.58,9.713,4.8,0.82,0.119,459522.247,9889906.245,-0.9960315,116.6361845
WB01-INV20,14,14,7,9889897.66,459521.472,-0.9961092,116.6361775,95.02,10.858,4.1,0.79,0.159,459522.247,9889898.977,-0.9960973,116.6361845
WB01-INV20,15,15,8,9889890.448,459521.484,-0.9961744,116.6361776,95.75,9.831,4.0,0.69,0.087,459522.247,9889891.709,-0.996163,116.6361845
WB01-INV20,16,16,8,9889905.052,459537.076,-0.9960423,116.6363178,94.26,10.431,5.0,0.92,0.21,459537.802,9889906.245,-0.9960315,116.6363243
WB01-INV20,17,17,9,9889897.664,459537.078,-0.9961092,116.6363178,94.79,9.288,3.2,0.52,0.163,459537.802,9889898.977,-0.9960973,116.6363243
WB01-INV20,18,18,9,9889890.484,459537.078,-0.9961741,116.6363178,95.49,9.744,3.9,0.67,0.185,459537.802,9889891.709,-0.996163,116.6363243
WB01-INV21,1,1,1,9889890.358,459443.528,-0.9961752,116.635477,96.75,10.474,4.9,0.9,0.15,459444.247,9889891.709,-0.9961629,116.6354834
WB01-INV21,2,2,1,9889883.168,459443.525,-0.9962402,116.6354769,97.38,10.339,3.1,0.57,0.104,459444.247,9889884.441,-0.9962287,116.6354834
WB01-INV21,3,3,2,9889875.904,459443.543,-0.9963059,116.6354771,97.83,9.773,5.8,1.0,0.187,459444.247,9889877.173,-0.9962945,116.6354834
WB01-INV21,4,4,2,9889868.701,459443.515,-0.9963711,116.6354768,98.42,10.133,6.0,1.07,0.205,459444.247,9889869.905,-0.9963602,116.6354834
WB01-INV21,5,5,3,9889890.375,459459.154,-0.996175,116.6356174,96.65,10.366,3.8,0.69,0.126,459459.847,9889891.709,-0.996163,116.6356236
WB01-INV21,6,6,3,9889883.186,459459.159,-0.9962401,116.6356175,97.32,10.242,4.5,0.81,0.139,459459.847,9889884.441,-0.9962287,116.6356236
WB01-INV21,7,7,4,9889875.87,459459.164,-0.9963063,116.6356175,97.83,10.095,8.8,1.56,0.238,459459.847,9889877.173,-0.9962945,116.6356236
WB01-INV21,8,8,4,9889868.712,459459.148,-0.996371,116.6356173,98.39,10.521,8.1,1.5,0.249,459459.847,9889869.905,-0.9963602,116.6356236
WB01-INV21,9,9,5,9889890.381,459474.749,-0.996175,116.6357576,96.49,10.473,3.5,0.65,0.139,459475.447,9889891.709,-0.996163,116.6357639
WB01-INV21,10,10,5,9889883.17,459474.7,-0.9962402,116.6357571,97.18,11.375,4.6,0.92,0.186,459475.447,9889884.441,-0.9962287,116.6357639
WB01-INV21,11,11,6,9889875.869,459474.757,-0.9963063,116.6357576,97.66,10.048,1.0,0.18,0.117,459475.447,9889877.173,-0.9962945,116.6357638
WB01-INV21,12,12,6,9889868.739,459474.774,-0.9963708,116.6357578,98.12,8.851,6.5,1.01,0.238,459475.447,9889869.905,-0.9963602,116.6357638
WB01-INV21,13,13,7,9889883.171,459490.244,-0.9962402,116.6358968,97.0,10.45,2.5,0.46,0.077,459491.047,9889884.441,-0.9962287,116.6359041
WB01-INV21,14,14,7,9889875.858,459490.245,-0.9963064,116.6358968,97.59,11.472,5.5,1.11,0.17,459491.047,9889877.173,-0.9962945,116.6359041
WB01-INV21,15,15,8,9889883.23,459505.89,-0.9962397,116.6360375,96.71,10.054,2.3,0.41,0.099,459506.647,9889884.441,-0.9962288,116.6360443
WB01-INV21,16,16,8,9889875.844,459505.878,-0.9963065,116.6360374,97.46,11.866,1.9,0.4,0.149,459506.647,9889877.173,-0.9962945,116.6360443
WB01-INV21,17,17,9,9889883.235,459521.411,-0.9962397,116.636177,96.41,10.634,6.7,1.25,0.232,459522.247,9889884.441,-0.9962288,116.6361845
WB01-INV21,18,18,9,9889875.829,459521.375,-0.9963067,116.6361766,97.42,11.834,8.9,1.86,0.357,459522.247,9889877.173,-0.9962945,116.6361845
WB01-INV22,1,1,1,9889913.513,459584.598,-0.9959658,116.6367449,92.98,11.038,2.2,0.43,0.108,459584.598,9889913.513,-0.9959658,116.6367449
WB01-INV22,2,2,1,9889906.245,459584.598,-0.9960316,116.6367449,93.75,9.936,2.1,0.37,0.099,459584.598,9889906.245,-0.9960316,116.6367449
WB01-INV22,3,3,2,9889913.513,459600.198,-0.9959658,116.6368851,93.13,11.254,1.2,0.24,0.104,459600.198,9889913.513,-0.9959658,116.6368851
WB01-INV22,4,4,2,9889906.245,459600.198,-0.9960316,116.6368851,93.98,10.059,0.2,0.04,0.152,459600.198,9889906.245,-0.9960316,116.6368851
WB01-INV22,5,5,3,9889920.781,459615.798,-0.9959001,116.6370254,92.85,10.578,0.6,0.11,0.069,459615.798,9889920.781,-0.9959001,116.6370254
WB01-INV22,6,6,3,9889913.513,459615.798,-0.9959659,116.6370253,93.45,10.53,0.4,0.07,0.105,459615.798,9889913.513,-0.9959659,116.6370253
WB01-INV22,7,7,4,9889906.245,459615.798,-0.9960316,116.6370253,94.3,8.973,1.2,0.19,0.122,459615.798,9889906.245,-0.9960316,116.6370253
WB01-INV22,8,8,4,9889920.781,459631.398,-0.9959001,116.6371656,93.1,10.514,359.3,-0.13,0.076,459631.398,9889920.781,-0.9959001,116.6371656
WB01-INV22,9,9,5,9889913.513,459631.398,-0.9959659,116.6371656,93.74,11.034,359.9,-0.02,0.156,459631.398,9889913.513,-0.9959659,116.6371656
WB01-INV22,10,10,5,9889906.245,459631.398,-0.9960316,116.6371655,94.5,9.978,359.8,-0.04,0.11,459631.398,9889906.245,-0.9960316,116.6371655
WB01-INV22,11,11,6,9889920.781,459646.998,-0.9959001,116.6373058,93.27,12.113,4.1,0.88,0.175,459646.998,9889920.781,-0.9959001,116.6373058
WB01-INV22,12,12,6,9889913.513,459646.998,-0.9959659,116.6373058,93.94,11.008,2.4,0.47,0.205,459646.998,9889913.513,-0.9959659,116.6373058
WB01-INV22,13,13,7,9889906.245,459646.998,-0.9960316,116.6373058,94.78,11.064,1.8,0.35,0.166,459646.998,9889906.245,-0.9960316,116.6373058
WB01-INV22,14,14,7,9889920.781,459662.598,-0.9959001,116.637446,93.56,10.565,3.2,0.6,0.145,459662.598,9889920.781,-0.9959001,116.637446
WB01-INV22,15,15,8,9889913.513,459662.598,-0.9959659,116.637446,94.16,10.391,2.4,0.44,0.13,459662.598,9889913.513,-0.9959659,116.637446
WB01-INV22,16,16,8,9889906.245,459662.598,-0.9960317,116.637446,94.98,10.142,2.5,0.45,0.126,459662.598,9889906.245,-0.9960317,116.637446
WB01-INV22,17,17,9,9889920.781,459678.198,-0.9959002,116.6375862,93.79,9.839,4.3,0.75,0.161,459678.198,9889920.781,-0.9959002,116.6375862
WB01-INV22,18,18,9,9889913.513,459678.198,-0.9959659,116.6375862,94.45,11.092,4.0,0.78,0.195,459678.198,9889913.513,-0.9959659,116.6375862
WB01-INV23,1,1,1,9889898.977,459584.598,-0.9960973,116.6367449,94.25,9.197,1.4,0.23,0.157,459584.598,9889898.977,-0.9960973,116.6367449
WB01-INV23,2,2,1,9889891.709,459584.598,-0.9961631,116.6367449,95.03,9.698,0.0,0.0,0.17,459584.598,9889891.709,-0.9961631,116.6367449
WB01-INV23,3,3,2,9889884.441,459584.598,-0.9962288,116.6367449,95.59,10.303,2.7,0.49,0.115,459584.598,9889884.441,-0.9962288,116.6367449
WB01-INV23,4,4,2,9889898.977,459600.198,-0.9960973,116.6368851,94.38,10.718,1.3,0.25,0.189,459600.198,9889898.977,-0.9960973,116.6368851
WB01-INV23,5,5,3,9889891.709,459600.198,-0.9961631,116.6368851,95.26,9.209,3.0,0.49,0.096,459600.198,9889891.709,-0.9961631,116.6368851
WB01-INV23,6,6,3,9889884.441,459600.198,-0.9962289,116.6368851,95.84,11.488,0.1,0.02,0.147,459600.198,9889884.441,-0.9962289,116.6368851
WB01-INV23,7,7,4,9889898.977,459615.798,-0.9960974,116.6370253,94.91,11.604,356.4,-0.74,0.24,459615.798,9889898.977,-0.9960974,116.6370253
WB01-INV23,8,8,4,9889891.709,459615.798,-0.9961631,116.6370253,95.64,10.394,0.6,0.11,0.167,459615.798,9889891.709,-0.9961631,116.6370253
WB01-INV23,9,9,5,9889884.441,459615.798,-0.9962289,116.6370253,96.1,10.522,0.3,0.06,0.15,459615.798,9889884.441,-0.9962289,116.6370253
WB01-INV23,10,10,5,9889898.977,459631.398,-0.9960974,116.6371655,95.12,10.142,0.8,0.14,0.188,459631.398,9889898.977,-0.9960974,116.6371655
WB01-INV23,11,11,6,9889891.709,459631.398,-0.9961631,116.6371655,96.14,12.073,357.9,-0.45,0.245,459631.398,9889891.709,-0.9961631,116.6371655
WB01-INV23,12,12,6,9889898.977,459646.998,-0.9960974,116.6373058,95.48,9.937,0.0,0.0,0.14,459646.998,9889898.977,-0.9960974,116.6373058
WB01-INV23,13,13,7,9889891.709,459646.998,-0.9961631,116.6373057,96.39,10.18,1.0,0.18,0.069,459646.998,9889891.709,-0.9961631,116.6373057
WB01-INV23,14,14,7,9889898.977,459662.598,-0.9960974,116.637446,95.85,11.189,0.5,0.1,0.058,459662.598,9889898.977,-0.9960974,116.637446
WB01-INV23,15,15,8,9889891.709,459662.598,-0.9961632,116.637446,96.7,11.078,3.2,0.63,0.143,459662.598,9889891.709,-0.9961632,116.637446
WB01-INV23,16,16,8,9889906.245,459678.198,-0.9960317,116.6375862,95.22,10.971,3.1,0.6,0.188,459678.198,9889906.245,-0.9960317,116.6375862
WB01-INV23,17,17,9,9889898.977,459678.198,-0.9960974,116.6375862,96.19,10.256,4.7,0.85,0.204,459678.198,9889898.977,-0.9960974,116.6375862
WB01-INV23,18,18,9,9889891.709,459678.198,-0.9961632,116.6375862,96.83,11.292,4.8,0.96,0.192,459678.198,9889891.709,-0.9961632,116.6375862
WB01-INV24,1,1,1,9889877.173,459584.598,-0.9962946,116.6367449,96.22,11.267,359.9,-0.02,0.085,459584.598,9889877.173,-0.9962946,116.6367449
WB01-INV24,2,2,1,9889869.905,459584.598,-0.9963603,116.6367449,97.19,9.578,1.2,0.2,0.104,459584.598,9889869.905,-0.9963603,116.6367449
WB01-INV24,3,3,2,9889877.173,459600.198,-0.9962946,116.6368851,96.49,11.103,0.8,0.16,0.127,459600.198,9889877.173,-0.9962946,116.6368851
WB01-INV24,4,4,2,9889869.905,459600.198,-0.9963604,116.6368851,97.24,9.828,1.5,0.26,0.118,459600.198,9889869.905,-0.9963604,116.6368851
WB01-INV24,5,5,3,9889877.173,459615.798,-0.9962946,116.6370253,96.68,10.532,1.9,0.35,0.14,459615.798,9889877.173,-0.9962946,116.6370253
WB01-INV24,6,6,3,9889869.905,459615.798,-0.9963604,116.6370253,97.57,9.489,0.5,0.08,0.123,459615.798,9889869.905,-0.9963604,116.6370253
WB01-INV24,7,7,4,9889884.441,459631.398,-0.9962289,116.6371655,96.33,9.765,0.2,0.03,0.096,459631.398,9889884.441,-0.9962289,116.6371655
WB01-INV24,8,8,4,9889877.173,459631.398,-0.9962946,116.6371655,96.98,9.881,0.9,0.16,0.069,459631.398,9889877.173,-0.9962946,116.6371655
WB01-INV24,9,9,5,9889869.905,459631.398,-0.9963604,116.6371655,97.74,9.582,0.4,0.07,0.06,459631.398,9889869.905,-0.9963604,116.6371655
WB01-INV24,10,10,5,9889884.441,459646.998,-0.9962289,116.6373057,96.63,10.431,359.1,-0.17,0.059,459646.998,9889884.441,-0.9962289,116.6373057
WB01-INV24,11,11,6,9889877.173,459646.998,-0.9962947,116.6373057,97.3,10.161,359.4,-0.11,0.061,459646.998,9889877.173,-0.9962947,116.6373057
WB01-INV24,12,12,6,9889869.905,459646.998,-0.9963604,116.6373057,98.07,9.781,359.5,-0.09,0.054,459646.998,9889869.905,-0.9963604,116.6373057
WB01-INV24,13,13,7,9889884.441,459662.598,-0.9962289,116.6374459,96.94,9.874,1.5,0.26,0.085,459662.598,9889884.441,-0.9962289,116.6374459
WB01-INV24,14,14,7,9889877.173,459662.598,-0.9962947,116.6374459,97.6,10.348,3.1,0.57,0.137,459662.598,9889877.173,-0.9962947,116.6374459
WB01-INV24,15,15,8,9889869.905,459662.598,-0.9963604,116.6374459,98.34,10.221,2.4,0.43,0.091,459662.598,9889869.905,-0.9963604,116.6374459
WB01-INV24,16,16,8,9889884.441,459678.198,-0.9962289,116.6375862,97.18,10.823,1.4,0.27,0.105,459678.198,9889884.441,-0.9962289,116.6375862
WB01-INV24,17,17,9,9889877.173,459678.198,-0.9962947,116.6375862,97.97,10.471,2.7,0.5,0.114,459678.198,9889877.173,-0.9962947,116.6375862
WB01-INV24,18,18,9,9889869.905,459678.198,-0.9963604,116.6375861,98.69,9.912,2.9,0.51,0.112,459678.198,9889869.905,-0.9963604,116.6375861
WB01-INV25,1,1,1,9890226.734,459645.913,-0.9931321,116.6372963,67.26,9.474,359.9,-0.02,0.037,459647.047,9890228.489,-0.9931163,116.6373065
WB01-INV25,2,2,1,9890212.213,459568.033,-0.9932634,116.6365963,68.31,1.54,203.7,-0.62,0.345,,,,
WB01-INV25,3,3,2,9890204.68,459568.163,-0.9933316,116.6365975,68.74,10.194,183.1,-0.56,0.474,,,,
WB01-INV25,4,4,2,9890219.596,459583.71,-0.9931967,116.6367372,67.58,4.005,184.8,-0.34,0.316,,,,
WB01-INV25,5,5,3,9890212.197,459583.582,-0.9932636,116.6367361,67.96,0.885,334.4,-0.38,0.219,,,,
WB01-INV25,6,6,3,9890204.845,459583.741,-0.9933301,116.6367375,68.48,4.135,188.4,-0.61,0.315,,,,
WB01-INV25,7,7,4,9890219.59,459599.269,-0.9931967,116.6368771,67.58,10.061,1.1,0.2,0.078,459600.247,9890221.221,-0.993182,116.6368859
WB01-INV25,8,8,4,9890212.176,459599.225,-0.9932638,116.6368767,68.01,10.938,3.3,0.64,0.076,459600.247,9890213.953,-0.9932477,116.6368859
WB01-INV25,9,9,5,9890204.87,459599.303,-0.9933299,116.6368774,68.44,10.86,1.6,0.31,0.069,459600.247,9890206.685,-0.9933135,116.6368859
WB01-INV25,10,10,5,9890219.579,459614.884,-0.9931968,116.6370174,67.54,9.879,3.9,0.68,0.067,459615.847,9890221.221,-0.993182,116.6370261
WB01-INV25,11,11,6,9890212.145,459614.801,-0.9932641,116.6370167,67.89,10.446,1.9,0.35,0.059,459615.847,9890213.953,-0.9932477,116.6370261
WB01-INV25,12,12,6,9890212.144,459630.401,-0.9932641,116.6371569,67.88,10.992,1.2,0.23,0.09,459631.447,9890213.953,-0.9932478,116.6371663
WB01-INV25,13,13,7,9890219.573,459630.415,-0.9931969,116.637157,67.55,10.547,0.2,0.04,0.043,459631.447,9890221.221,-0.993182,116.6371663
WB01-INV25,14,14,7,9890219.495,459645.967,-0.9931976,116.6372968,67.63,10.04,2.3,0.41,0.049,459647.047,9890221.221,-0.993182,116.6373065
WB01-INV25,15,15,8,9890212.033,459646.01,-0.9932651,116.6372972,68.07,10.252,359.7,-0.05,0.048,459647.047,9890213.953,-0.9932478,116.6373065
WB01-INV25,16,16,8,9890226.649,459661.567,-0.9931329,116.637437,67.34,10.054,0.5,0.09,0.102,459662.647,9890228.489,-0.9931163,116.6374467
WB01-INV25,17,17,9,9890219.467,459661.617,-0.9931979,116.6374375,67.69,10.666,1.6,0.3,0.131,459662.647,9890221.221,-0.993182,116.6374467
WB01-INV25,18,18,9,9890212.073,459661.57,-0.9932648,116.637437,68.34,10.732,2.4,0.45,0.171,459662.647,9890213.953,-0.9932478,116.6374467
WB02-INV01,1,1,1,9890241.334,459726.987,-0.9930001,116.638025,68.04,10.955,1.6,0.31,0.116,459728.138,9890243.025,-0.9929848,116.6380354
WB02-INV01,2,2,1,9890241.349,459742.529,-0.993,116.6381647,68.1,9.504,7.4,1.24,0.179,459743.738,9890243.025,-0.9929849,116.6381756
WB02-INV01,3,3,2,9890255.932,459789.327,-0.9928681,116.6385853,70.82,11.283,2.3,0.46,0.137,459790.538,9890257.561,-0.9928534,116.6385962
WB02-INV01,4,4,2,9890248.808,459789.417,-0.9929326,116.6385862,72.42,12.043,3.4,0.72,0.227,459790.538,9890250.293,-0.9929191,116.6385962
WB02-INV01,5,5,3,9890241.524,459789.418,-0.9929985,116.6385862,73.21,14.824,1.5,0.4,0.367,459790.538,9890243.025,-0.9929849,116.6385962
WB02-INV01,6,6,3,9890255.986,459804.913,-0.9928677,116.6387254,71.14,11.713,2.3,0.48,0.146,459806.138,9890257.561,-0.9928534,116.6387364
WB02-INV01,7,7,4,9890248.807,459804.945,-0.9929326,116.6387257,72.6,11.726,4.8,1.0,0.325,459806.138,9890250.293,-0.9929192,116.6387364
WB02-INV01,8,8,4,9890241.575,459805.021,-0.992998,116.6387264,73.51,12.966,3.6,0.83,0.322,459806.138,9890243.025,-0.9929849,116.6387364
WB02-INV01,9,9,5,9890256.033,459820.485,-0.9928673,116.6388654,71.41,10.581,5.1,0.95,0.172,459821.738,9890257.561,-0.9928534,116.6388767
WB02-INV01,10,10,5,9890248.812,459820.502,-0.9929326,116.6388655,72.65,11.391,7.4,1.49,0.214,459821.738,9890250.293,-0.9929192,116.6388766
WB02-INV01,11,11,6,9890241.586,459820.528,-0.9929979,116.6388658,73.45,11.606,9.0,1.84,0.271,459821.738,9890243.025,-0.9929849,116.6388766
WB02-INV01,12,12,6,9890256.08,459836.078,-0.9928668,116.6390055,71.36,10.116,6.2,1.1,0.211,459837.338,9890257.561,-0.9928534,116.6390169
WB02-INV01,13,13,7,9890248.815,459836.087,-0.9929326,116.6390056,72.54,11.154,5.6,1.1,0.272,459837.338,9890250.293,-0.9929192,116.6390169
WB02-INV01,14,14,7,9890241.569,459836.134,-0.9929981,116.639006,73.29,14.527,1.2,0.31,0.275,459837.338,9890243.025,-0.9929849,116.6390168
WB02-INV01,15,15,8,9890256.093,459851.693,-0.9928667,116.6391459,71.23,10.957,4.1,0.79,0.147,459852.938,9890257.561,-0.9928535,116.6391571
WB02-INV01,16,16,8,9890248.821,459851.752,-0.9929325,116.6391464,72.54,11.511,8.3,1.68,0.308,459852.938,9890250.293,-0.9929192,116.6391571
WB02-INV01,17,17,9,9890241.557,459851.728,-0.9929982,116.6391462,73.26,12.389,4.6,1.01,0.228,459852.938,9890243.025,-0.992985,116.6391571
WB02-INV01,18,18,9,9890234.289,459851.754,-0.993064,116.6391464,74.13,11.13,9.0,1.76,0.329,459852.938,9890235.757,-0.9930507,116.6391571
WB02-INV02,1,1,1,9890234.085,459726.985,-0.9930657,116.638025,68.45,10.662,1.5,0.28,0.131,459728.138,9890235.757,-0.9930506,116.6380354
WB02-INV02,2,2,1,9890226.898,459726.949,-0.9931307,116.6380247,69.09,11.328,4.3,0.86,0.162,459728.138,9890228.489,-0.9931163,116.6380354
WB02-INV02,3,3,2,9890219.636,459726.968,-0.9931964,116.6380248,69.13,10.481,0.8,0.15,0.125,459728.138,9890221.221,-0.9931821,116.6380353
WB02-INV02,4,4,2,9890212.344,459726.997,-0.9932624,116.6380251,68.86,9.809,357.9,-0.36,0.078,459728.138,9890213.953,-0.9932479,116.6380353
WB02-INV02,5,5,3,9890204.978,459727.066,-0.9933291,116.6380257,69.12,12.838,357.8,-0.5,0.141,459728.138,9890206.685,-0.9933136,116.6380353
WB02-INV02,6,6,3,9890197.705,459727.077,-0.9933949,116.6380258,69.37,11.91,1.8,0.38,0.106,459728.138,9890199.417,-0.9933794,116.6380353
WB02-INV02,7,7,4,9890190.429,459727.02,-0.9934607,116.6380253,69.57,9.458,359.4,-0.1,0.077,459728.138,9890192.149,-0.9934451,116.6380353
WB02-INV02,8,8,4,9890183.18,459727.098,-0.9935263,116.638026,70.08,10.246,0.6,0.11,0.098,459728.138,9890184.881,-0.9935109,116.6380353
WB02-INV02,9,9,5,9890234.093,459742.534,-0.9930657,116.6381648,68.42,11.135,5.2,1.02,0.169,459743.738,9890235.757,-0.9930506,116.6381756
WB02-INV02,10,10,5,9890226.895,459742.564,-0.9931308,116.638165,68.98,10.339,7.6,1.38,0.204,459743.768,9890228.489,-0.9931164,116.6381758
WB02-INV02,11,11,6,9890219.607,459742.564,-0.9931967,116.638165,68.87,10.372,8.9,1.62,0.194,459743.768,9890221.221,-0.9931821,116.6381758
WB02-INV02,12,12,6,9890212.322,459742.596,-0.9932626,116.6381653,69.13,11.021,7.5,1.46,0.183,459743.768,9890213.953,-0.9932479,116.6381758
WB02-INV02,13,13,7,9890204.946,459742.686,-0.9933294,116.6381661,69.06,10.582,7.2,1.34,0.189,459743.738,9890206.685,-0.9933136,116.6381755
WB02-INV02,14,14,7,9890197.705,459742.636,-0.9933949,116.6381656,69.26,10.927,3.8,0.73,0.139,459743.738,9890199.417,-0.9933794,116.6381755
WB02-INV02,15,15,8,9890190.447,459742.669,-0.9934605,116.6381659,69.6,9.449,5.6,0.93,0.154,459743.738,9890192.149,-0.9934451,116.6381755
WB02-INV02,16,16,8,9890183.211,459742.666,-0.993526,116.6381659,70.26,11.216,3.3,0.65,0.152,459743.738,9890184.881,-0.9935109,116.6381755
WB02-INV02,17,17,9,9890197.718,459758.224,-0.9933948,116.6383057,69.14,10.186,10.3,1.84,0.215,459759.338,9890199.417,-0.9933794,116.6383157
WB02-INV02,18,18,9,9890190.483,459758.29,-0.9934602,116.6383063,69.57,10.006,8.7,1.53,0.222,459759.338,9890192.149,-0.9934451,116.6383157
WB02-INV03,1,1,1,9890175.966,459727.084,-0.9935915,116.6380258,70.6,10.682,359.4,-0.11,0.093,459728.138,9890177.613,-0.9935766,116.6380353
WB02-INV03,2,2,1,9890168.663,459727.105,-0.9936576,116.638026,70.99,11.867,0.1,0.02,0.119,459728.138,9890170.345,-0.9936424,116.6380353
WB02-INV03,3,3,2,9890161.407,459727.106,-0.9937232,116.638026,71.44,10.034,359.7,-0.05,0.095,459728.138,9890163.077,-0.9937081,116.6380353
WB02-INV03,4,4,2,9890175.984,459742.674,-0.9935914,116.638166,70.72,11.117,5.9,1.16,0.135,459743.738,9890177.613,-0.9935766,116.6381755
WB02-INV03,5,5,3,9890168.722,459742.65,-0.9936571,116.6381657,71.04,10.545,3.8,0.71,0.111,459743.738,9890170.345,-0.9936424,116.6381755
WB02-INV03,6,6,3,9890161.452,459742.678,-0.9937229,116.638166,71.65,12.231,4.7,1.02,0.174,459743.738,9890163.077,-0.9937081,116.6381755
WB02-INV03,7,7,4,9890183.258,459758.289,-0.9935256,116.6383063,70.15,10.205,4.9,0.88,0.14,459759.338,9890184.881,-0.9935109,116.6383157
WB02-INV03,8,8,4,9890176.022,459758.277,-0.9935911,116.6383062,70.51,10.859,2.7,0.52,0.13,459759.338,9890177.613,-0.9935767,116.6383157
WB02-INV03,9,9,5,9890168.745,459758.288,-0.9936569,116.6383063,70.92,9.798,2.6,0.45,0.119,459759.338,9890170.345,-0.9936424,116.6383157
WB02-INV03,10,10,5,9890161.473,459758.262,-0.9937227,116.638306,71.47,11.394,2.9,0.58,0.192,459759.338,9890163.077,-0.9937082,116.6383157
WB02-INV03,11,11,6,9890183.245,459773.9,-0.9935257,116.6384466,70.09,10.675,8.4,1.58,0.237,459774.938,9890184.881,-0.9935109,116.6384559
WB02-INV03,12,12,6,9890176.029,459773.887,-0.993591,116.6384465,70.51,10.069,6.4,1.13,0.183,459774.938,9890177.613,-0.9935767,116.6384559
WB02-INV03,13,13,7,9890168.753,459773.929,-0.9936568,116.6384469,70.88,10.363,2.4,0.44,0.124,459774.938,9890170.345,-0.9936424,116.6384559
WB02-INV03,14,14,7,9890161.455,459773.915,-0.9937229,116.6384467,71.19,11.416,4.6,0.93,0.169,459774.938,9890163.077,-0.9937082,116.6384559
WB02-INV03,15,15,8,9890168.767,459789.471,-0.9936567,116.6385866,70.61,11.505,1.4,0.28,0.098,459790.538,9890170.345,-0.9936424,116.6385961
WB02-INV03,16,16,8,9890161.495,459789.48,-0.9937225,116.6385866,70.9,11.234,359.5,-0.1,0.129,459790.538,9890163.077,-0.9937082,116.6385961
WB02-INV03,17,17,9,9890154.239,459789.509,-0.9937882,116.6385869,71.56,12.179,2.3,0.5,0.218,459790.538,9890155.809,-0.9937739,116.6385961
WB02-INV03,18,18,9,9890147.024,459789.539,-0.9938534,116.6385871,72.33,11.182,2.4,0.47,0.092,459790.538,9890148.541,-0.9938397,116.6385961
WB02-INV04,1,1,1,9890256.102,459867.357,-0.9928667,116.6392867,71.17,10.72,4.4,0.83,0.201,459868.538,9890257.561,-0.9928535,116.6392973
WB02-INV04,2,2,1,9890248.851,459867.413,-0.9929323,116.6392872,72.28,11.925,5.0,1.05,0.304,459868.538,9890250.293,-0.9929192,116.6392973
WB02-INV04,3,3,2,9890241.557,459867.336,-0.9929983,116.6392865,72.96,12.637,8.5,1.9,0.334,459868.538,9890243.025,-0.992985,116.6392973
WB02-INV04,4,4,2,9890256.157,459898.494,-0.9928662,116.6395665,69.8,10.484,1.4,0.26,0.165,459899.738,9890257.561,-0.9928535,116.6395777
WB02-INV04,5,5,3,9890248.879,459898.509,-0.992932,116.6395667,69.08,10.101,0.9,0.16,0.083,459899.738,9890250.293,-0.9929193,116.6395777
WB02-INV04,6,6,3,9890241.596,459898.554,-0.9929979,116.6395671,69.1,10.954,0.5,0.1,0.087,459899.738,9890243.025,-0.992985,116.6395777
WB02-INV04,7,7,4,9890234.308,459898.514,-0.9930639,116.6395667,69.14,10.706,1.5,0.28,0.149,459899.738,9890235.757,-0.9930508,116.6395777
WB02-INV04,8,8,4,9890227.079,459898.529,-0.9931293,116.6395668,69.43,10.468,1.4,0.26,0.114,459899.738,9890228.489,-0.9931165,116.6395777
WB02-INV04,9,9,5,9890256.177,459914.047,-0.992866,116.6397063,69.54,11.154,1.1,0.22,0.099,459915.338,9890257.561,-0.9928535,116.6397179
WB02-INV04,10,10,5,9890248.917,459914.023,-0.9929317,116.6397061,68.94,10.495,0.9,0.17,0.069,459915.338,9890250.293,-0.9929193,116.6397179
WB02-INV04,11,11,6,9890241.621,459914.067,-0.9929977,116.6397065,69.11,10.415,359.9,-0.02,0.106,459915.338,9890243.025,-0.992985,116.6397179
WB02-INV04,12,12,6,9890234.298,459914.037,-0.993064,116.6397062,68.99,10.602,1.8,0.34,0.084,459915.338,9890235.757,-0.9930508,116.6397179
WB02-INV04,13,13,7,9890227.074,459914.062,-0.9931293,116.6397064,69.13,10.363,1.8,0.33,0.06,459915.338,9890228.489,-0.9931165,116.6397179
WB02-INV04,14,14,7,9890256.191,459929.632,-0.9928659,116.6398464,69.19,10.637,4.7,0.88,0.154,459930.938,9890257.561,-0.9928535,116.6398581
WB02-INV04,15,15,8,9890248.925,459929.628,-0.9929317,116.6398463,68.62,9.863,4.4,0.76,0.085,459930.938,9890250.293,-0.9929193,116.6398581
WB02-INV04,16,16,8,9890241.646,459929.674,-0.9929975,116.6398468,69.11,9.91,5.2,0.91,0.207,459930.938,9890243.025,-0.992985,116.6398581
WB02-INV04,17,17,9,9890234.305,459929.666,-0.9930639,116.6398467,68.93,10.254,2.8,0.51,0.106,459930.938,9890235.757,-0.9930508,116.6398581
WB02-INV04,18,18,9,9890227.038,459929.725,-0.9931297,116.6398472,69.09,4.459,183.0,-0.23,0.361,,,,
WB02-INV05,1,1,1,9890221.221,459899.738,-0.9931823,116.6395777,69.13,9.525,6.2,1.04,0.207,459899.738,9890221.221,-0.9931823,116.6395777
WB02-INV05,2,2,1,9890213.953,459899.738,-0.993248,116.6395777,69.35,9.783,3.9,0.67,0.182,459899.738,9890213.953,-0.993248,116.6395777
WB02-INV05,3,3,2,9890206.685,459899.738,-0.9933138,116.6395777,69.2,10.438,3.6,0.66,0.168,459899.738,9890206.685,-0.9933138,116.6395777
WB02-INV05,4,4,2,9890199.417,459899.738,-0.9933795,116.6395777,69.28,10.051,3.9,0.69,0.182,459899.738,9890199.417,-0.9933795,116.6395777
WB02-INV05,5,5,3,9890192.149,459899.738,-0.9934453,116.6395776,69.61,10.838,2.1,0.4,0.134,459899.738,9890192.149,-0.9934453,116.6395776
WB02-INV05,6,6,3,9890184.881,459899.738,-0.993511,116.6395776,69.79,10.993,1.5,0.29,0.112,459899.738,9890184.881,-0.993511,116.6395776
WB02-INV05,7,7,4,9890221.221,459915.338,-0.9931823,116.6397179,68.83,9.735,0.5,0.09,0.114,459915.338,9890221.221,-0.9931823,116.6397179
WB02-INV05,8,8,4,9890213.953,459915.338,-0.993248,116.6397179,69.0,9.608,1.9,0.32,0.081,459915.338,9890213.953,-0.993248,116.6397179
WB02-INV05,9,9,5,9890206.685,459915.338,-0.9933138,116.6397179,69.21,11.692,4.2,0.87,0.189,459915.338,9890206.685,-0.9933138,116.6397179
WB02-INV05,10,10,5,9890199.417,459915.338,-0.9933795,116.6397179,69.27,10.058,6.5,1.15,0.207,459915.338,9890199.417,-0.9933795,116.6397179
WB02-INV05,11,11,6,9890192.149,459915.338,-0.9934453,116.6397179,69.55,10.13,4.7,0.84,0.205,459915.338,9890192.149,-0.9934453,116.6397179
WB02-INV05,12,12,6,9890184.881,459915.338,-0.9935111,116.6397178,69.78,9.921,4.9,0.86,0.185,459915.338,9890184.881,-0.9935111,116.6397178
WB02-INV05,13,13,7,9890228.489,459930.938,-0.9931165,116.6398581,68.81,9.709,3.5,0.6,0.116,459930.938,9890228.489,-0.9931165,116.6398581
WB02-INV05,14,14,7,9890221.221,459930.938,-0.9931823,116.6398581,68.76,9.927,3.9,0.68,0.146,459930.938,9890221.221,-0.9931823,116.6398581
WB02-INV05,15,15,8,9890213.953,459930.938,-0.9932481,116.6398581,68.97,10.765,4.2,0.8,0.15,459930.938,9890213.953,-0.9932481,116.6398581
WB02-INV05,16,16,8,9890206.685,459930.938,-0.9933138,116.6398581,69.25,10.625,1.7,0.32,0.159,459930.938,9890206.685,-0.9933138,116.6398581
WB02-INV05,17,17,9,9890199.417,459930.938,-0.9933796,116.6398581,69.28,9.635,4.4,0.75,0.191,459930.938,9890199.417,-0.9933796,116.6398581
WB02-INV05,18,18,9,9890192.149,459930.938,-0.9934453,116.6398581,69.65,9.014,5.2,0.82,0.296,459930.938,9890192.149,-0.9934453,116.6398581
WB02-INV06,1,1,1,9890234.232,459804.998,-0.9930645,116.6387262,73.55,10.631,1.3,0.24,0.294,459806.138,9890235.757,-0.9930507,116.6387364
WB02-INV06,2,2,1,9890226.988,459804.954,-0.99313,116.6387258,73.68,10.924,1.4,0.27,0.235,459806.138,9890228.489,-0.9931164,116.6387364
WB02-INV06,3,3,2,9890219.72,459805.035,-0.9931958,116.6387265,73.84,11.457,0.2,0.04,0.191,459806.138,9890221.221,-0.9931822,116.6387364
WB02-INV06,4,4,2,9890212.382,459804.958,-0.9932621,116.6387258,73.5,10.444,4.3,0.79,0.184,459806.138,9890213.953,-0.9932479,116.6387364
WB02-INV06,5,5,3,9890234.24,459820.532,-0.9930644,116.6388658,73.86,10.433,7.1,1.3,0.224,459821.738,9890235.757,-0.9930507,116.6388766
WB02-INV06,6,6,3,9890227.033,459820.524,-0.9931296,116.6388657,73.88,10.17,5.5,0.99,0.23,459821.738,9890228.489,-0.9931164,116.6388766
WB02-INV06,7,7,4,9890219.734,459820.54,-0.9931956,116.6388658,74.1,10.303,2.9,0.53,0.171,459821.738,9890221.221,-0.9931822,116.6388766
WB02-INV06,8,8,4,9890212.478,459820.536,-0.9932613,116.6388658,73.77,11.087,3.8,0.74,0.131,459821.738,9890213.953,-0.9932479,116.6388766
WB02-INV06,9,9,5,9890205.09,459820.579,-0.9933281,116.6388662,73.83,,,,0.523,,,,
WB02-INV06,10,10,5,9890234.262,459836.171,-0.9930642,116.6390063,74.07,10.572,5.7,1.06,0.267,459837.338,9890235.757,-0.9930507,116.6390168
WB02-INV06,11,11,6,9890227.044,459836.124,-0.9931295,116.6390059,73.95,9.976,2.9,0.51,0.172,459837.338,9890228.489,-0.9931165,116.6390168
WB02-INV06,12,12,6,9890219.749,459836.095,-0.9931955,116.6390057,74.11,10.789,4.9,0.93,0.222,459837.338,9890221.221,-0.9931822,116.6390168
WB02-INV06,13,13,7,9890212.488,459836.192,-0.9932612,116.6390065,73.81,11.104,2.8,0.55,0.162,459837.338,9890213.953,-0.993248,116.6390168
WB02-INV06,14,14,7,9890205.144,459836.227,-0.9933277,116.6390068,74.05,1.465,286.3,-1.41,0.46,,,,
WB02-INV06,15,15,8,9890227.042,459851.687,-0.9931296,116.6391458,74.01,10.963,8.6,1.66,0.284,459852.938,9890228.489,-0.9931165,116.639157
WB02-INV06,16,16,8,9890219.771,459851.759,-0.9931953,116.6391464,74.18,1.928,329.4,-0.98,0.418,,,,
WB02-INV06,17,17,9,9890212.422,459851.802,-0.9932618,116.6391468,74.1,1.214,291.4,-1.13,0.471,,,,
WB02-INV06,18,18,9,9890205.151,459851.84,-0.9933276,116.6391472,74.1,1.678,293.2,-1.54,0.413,,,,
WB02-INV07,1,1,1,9890154.187,459727.113,-0.9937886,116.6380261,71.88,10.566,1.3,0.24,0.105,459728.138,9890155.809,-0.9937739,116.6380353
WB02-INV07,2,2,1,9890146.95,459727.112,-0.993854,116.6380261,72.29,11.722,1.9,0.39,0.167,459728.138,9890148.541,-0.9938396,116.6380353
WB02-INV07,3,3,2,9890139.595,459727.065,-0.9939206,116.6380256,72.79,11.404,359.0,-0.2,0.088,459728.138,9890141.273,-0.9939054,116.6380353
WB02-INV07,4,4,2,9890132.317,459727.042,-0.9939864,116.6380254,73.15,9.466,1.1,0.18,0.168,459728.138,9890134.005,-0.9939712,116.6380353
WB02-INV07,5,5,3,9890154.22,459742.675,-0.9937883,116.6381659,71.99,11.742,4.8,1.0,0.233,459743.738,9890155.809,-0.9937739,116.6381755
WB02-INV07,6,6,3,9890147.015,459742.679,-0.9938535,116.638166,72.35,13.24,4.3,1.01,0.284,459743.738,9890148.541,-0.9938397,116.6381755
WB02-INV07,7,7,4,9890139.672,459742.661,-0.9939199,116.6381658,72.79,12.799,4.5,1.02,0.206,459743.738,9890141.273,-0.9939054,116.6381755
WB02-INV07,8,8,4,9890132.349,459742.63,-0.9939861,116.6381655,73.36,10.52,4.1,0.76,0.185,459743.738,9890134.005,-0.9939712,116.6381755
WB02-INV07,9,9,5,9890154.22,459758.281,-0.9937883,116.6383062,71.83,12.415,2.7,0.59,0.216,459759.338,9890155.809,-0.9937739,116.6383157
WB02-INV07,10,10,5,9890147.015,459758.256,-0.9938535,116.638306,72.34,12.67,4.3,0.97,0.263,459759.338,9890148.541,-0.9938397,116.6383157
WB02-INV07,11,11,6,9890139.658,459758.295,-0.99392,116.6383063,72.71,11.975,2.1,0.45,0.219,459759.338,9890141.273,-0.9939054,116.6383157
WB02-INV07,12,12,6,9890132.38,459758.283,-0.9939859,116.6383062,73.22,10.892,1.9,0.37,0.118,459759.338,9890134.005,-0.9939712,116.6383157
WB02-INV07,13,13,7,9890154.225,459773.921,-0.9937883,116.6384468,71.85,12.087,2.8,0.6,0.197,459774.938,9890155.809,-0.9937739,116.6384559
WB02-INV07,14,14,7,9890146.996,459773.953,-0.9938537,116.6384471,72.3,11.101,1.2,0.24,0.14,459774.938,9890148.541,-0.9938397,116.6384559
WB02-INV07,15,15,8,9890139.68,459773.928,-0.9939199,116.6384468,72.69,12.38,2.1,0.46,0.181,459774.938,9890141.273,-0.9939054,116.6384559
WB02-INV07,16,16,8,9890132.408,459773.89,-0.9939856,116.6384465,73.27,12.007,1.2,0.26,0.159,459774.938,9890134.005,-0.9939712,116.6384559
WB02-INV07,17,17,9,9890139.672,459789.563,-0.9939199,116.6385873,72.78,11.993,1.5,0.32,0.145,459790.538,9890141.273,-0.9939055,116.6385961
WB02-INV07,18,18,9,9890132.435,459789.506,-0.9939854,116.6385868,73.21,11.011,4.4,0.86,0.151,459790.538,9890134.005,-0.9939712,116.6385961
WB02-INV08,1,1,1,9890168.767,459805.085,-0.9936567,116.6387269,70.65,10.79,1.4,0.27,0.133,459806.138,9890170.345,-0.9936425,116.6387364
WB02-INV08,2,2,1,9890161.548,459805.044,-0.993722,116.6387265,70.9,10.503,4.4,0.81,0.157,459806.138,9890163.077,-0.9937082,116.6387363
WB02-INV08,3,3,2,9890154.235,459805.097,-0.9937882,116.638727,71.41,11.787,4.5,0.94,0.211,459806.138,9890155.809,-0.993774,116.6387363
WB02-INV08,4,4,2,9890147.025,459805.016,-0.9938534,116.6387263,72.13,11.185,3.3,0.65,0.091,459806.138,9890148.541,-0.9938397,116.6387363
WB02-INV08,5,5,3,9890139.707,459805.052,-0.9939196,116.6387266,72.48,11.081,3.6,0.7,0.095,459806.138,9890141.273,-0.9939055,116.6387363
WB02-INV08,6,6,3,9890132.435,459805.071,-0.9939854,116.6387267,72.98,10.95,4.8,0.93,0.156,459806.138,9890134.005,-0.9939712,116.6387363
WB02-INV08,7,7,4,9890168.811,459820.656,-0.9936564,116.6388668,70.99,10.498,2.2,0.41,0.109,459821.738,9890170.345,-0.9936425,116.6388766
WB02-INV08,8,8,4,9890161.533,459820.66,-0.9937222,116.6388669,71.1,10.474,0.3,0.06,0.104,459821.738,9890163.077,-0.9937082,116.6388766
WB02-INV08,9,9,5,9890154.244,459820.615,-0.9937881,116.6388665,71.52,10.88,359.4,-0.12,0.112,459821.738,9890155.809,-0.993774,116.6388766
WB02-INV08,10,10,5,9890147.031,459820.61,-0.9938534,116.6388664,71.78,11.19,2.0,0.4,0.082,459821.738,9890148.541,-0.9938397,116.6388765
WB02-INV08,11,11,6,9890139.71,459820.649,-0.9939196,116.6388667,72.17,12.042,1.1,0.23,0.09,459821.738,9890141.273,-0.9939055,116.6388765
WB02-INV08,12,12,6,9890132.435,459820.65,-0.9939855,116.6388667,72.59,10.832,0.7,0.13,0.091,459821.738,9890134.005,-0.9939712,116.6388765
WB02-INV08,13,13,7,9890168.806,459836.287,-0.9936564,116.6390073,71.27,1.513,287.3,-1.44,0.364,,,,
WB02-INV08,14,14,7,9890161.554,459836.235,-0.993722,116.6390069,71.38,1.809,304.7,-1.49,0.322,,,,
WB02-INV08,15,15,8,9890154.3,459836.231,-0.9937877,116.6390068,71.6,4.937,353.0,-0.6,0.231,,,,
WB02-INV08,16,16,8,9890168.842,459851.951,-0.9936561,116.6391481,71.58,1.895,318.8,-1.25,0.366,,,,
WB02-INV08,17,17,9,9890161.553,459851.911,-0.993722,116.6391478,71.62,1.879,332.2,-0.88,0.356,,,,
WB02-INV08,18,18,9,9890154.334,459851.882,-0.9937874,116.6391475,71.9,1.091,318.4,-0.72,0.378,,,,
WB02-INV09,1,1,1,9890126.737,459728.138,-0.9940369,116.6380353,73.48,13.695,1.4,0.34,0.145,459728.138,9890126.737,-0.9940369,116.6380353
WB02-INV09,2,2,1,9890119.469,459728.138,-0.9941027,116.6380352,74.13,13.376,0.7,0.17,0.165,459728.138,9890119.469,-0.9941027,116.6380352
WB02-INV09,3,3,2,9890112.201,459728.138,-0.9941684,116.6380352,74.99,12.084,359.8,-0.04,0.128,459728.138,9890112.201,-0.9941684,116.6380352
WB02-INV09,4,4,2,9890104.933,459728.138,-0.9942342,116.6380352,75.61,11.276,1.0,0.2,0.112,459728.138,9890104.933,-0.9942342,116.6380352
WB02-INV09,5,5,3,9890097.665,459728.138,-0.9942999,116.6380352,76.45,11.279,0.7,0.14,0.105,459728.138,9890097.665,-0.9942999,116.6380352
WB02-INV09,6,6,3,9890090.397,459728.138,-0.9943657,116.6380352,76.82,10.175,1.9,0.34,0.127,459728.138,9890090.397,-0.9943657,116.6380352
WB02-INV09,7,7,4,9890126.737,459743.738,-0.9940369,116.6381755,73.59,12.186,3.9,0.84,0.169,459743.738,9890126.737,-0.9940369,116.6381755
WB02-INV09,8,8,4,9890119.469,459743.738,-0.9941027,116.6381755,74.27,12.171,0.1,0.02,0.186,459743.738,9890119.469,-0.9941027,116.6381755
WB02-INV09,9,9,5,9890112.201,459743.738,-0.9941684,116.6381755,75.01,10.967,3.6,0.7,0.199,459743.738,9890112.201,-0.9941684,116.6381755
WB02-INV09,10,10,5,9890104.933,459743.738,-0.9942342,116.6381754,75.66,11.527,3.1,0.63,0.174,459743.738,9890104.933,-0.9942342,116.6381754
WB02-INV09,11,11,6,9890097.665,459743.738,-0.9942999,116.6381754,76.58,11.089,359.2,-0.16,0.105,459743.738,9890097.665,-0.9942999,116.6381754
WB02-INV09,12,12,6,9890090.397,459743.738,-0.9943657,116.6381754,76.96,11.229,1.5,0.3,0.132,459743.738,9890090.397,-0.9943657,116.6381754
WB02-INV09,13,13,7,9890126.737,459759.338,-0.9940369,116.6383157,73.61,10.929,359.0,-0.19,0.128,459759.338,9890126.737,-0.9940369,116.6383157
WB02-INV09,14,14,7,9890119.469,459759.338,-0.9941027,116.6383157,74.26,11.305,359.3,-0.14,0.151,459759.338,9890119.469,-0.9941027,116.6383157
WB02-INV09,15,15,8,9890112.201,459759.338,-0.9941684,116.6383157,75.15,10.914,359.1,-0.17,0.167,459759.338,9890112.201,-0.9941684,116.6383157
WB02-INV09,16,16,8,9890104.933,459759.338,-0.9942342,116.6383157,75.91,10.886,359.8,-0.04,0.124,459759.338,9890104.933,-0.9942342,116.6383157
WB02-INV09,17,17,9,9890097.665,459759.338,-0.9943,116.6383156,76.65,11.15,2.3,0.45,0.074,459759.338,9890097.665,-0.9943,116.6383156
WB02-INV09,18,18,9,9890090.397,459759.338,-0.9943657,116.6383156,76.86,10.452,5.1,0.94,0.098,459759.338,9890090.397,-0.9943657,116.6383156
WB02-INV10,1,1,1,9890126.737,459774.938,-0.994037,116.6384559,73.6,11.568,1.8,0.37,0.135,459774.938,9890126.737,-0.994037,116.6384559
WB02-INV10,2,2,1,9890119.469,459774.938,-0.9941027,116.6384559,74.3,10.752,1.7,0.32,0.106,459774.938,9890119.469,-0.9941027,116.6384559
WB02-INV10,3,3,2,9890112.201,459774.938,-0.9941685,116.6384559,75.06,10.126,0.7,0.13,0.074,459774.938,9890112.201,-0.9941685,116.6384559
WB02-INV10,4,4,2,9890104.933,459774.938,-0.9942342,116.6384559,75.69,10.002,359.5,-0.09,0.064,459774.938,9890104.933,-0.9942342,116.6384559
WB02-INV10,5,5,3,9890097.665,459774.938,-0.9943,116.6384559,76.55,10.91,1.1,0.21,0.108,459774.938,9890097.665,-0.9943,116.6384559
WB02-INV10,6,6,3,9890126.737,459790.538,-0.994037,116.6385961,73.56,11.096,2.2,0.43,0.122,459790.538,9890126.737,-0.994037,116.6385961
WB02-INV10,7,7,4,9890119.469,459790.538,-0.9941027,116.6385961,74.3,11.756,4.4,0.91,0.175,459790.538,9890119.469,-0.9941027,116.6385961
WB02-INV10,8,8,4,9890112.201,459790.538,-0.9941685,116.6385961,75.2,10.967,3.6,0.7,0.142,459790.538,9890112.201,-0.9941685,116.6385961
WB02-INV10,9,9,5,9890104.933,459790.538,-0.9942342,116.6385961,75.82,10.541,3.6,0.67,0.119,459790.538,9890104.933,-0.9942342,116.6385961
WB02-INV10,10,10,5,9890097.665,459790.538,-0.9943,116.6385961,76.54,11.207,0.4,0.08,0.105,459790.538,9890097.665,-0.9943,116.6385961
WB02-INV10,11,11,6,9890126.737,459806.138,-0.994037,116.6387363,73.3,10.403,3.2,0.59,0.096,459806.138,9890126.737,-0.994037,116.6387363
WB02-INV10,12,12,6,9890119.469,459806.138,-0.9941027,116.6387363,73.92,12.612,5.0,1.12,0.167,459806.138,9890119.469,-0.9941027,116.6387363
WB02-INV10,13,13,7,9890112.201,459806.138,-0.9941685,116.6387363,74.82,11.651,6.3,1.3,0.238,459806.138,9890112.201,-0.9941685,116.6387363
WB02-INV10,14,14,7,9890104.933,459806.138,-0.9942342,116.6387363,75.49,10.9,4.0,0.77,0.162,459806.138,9890104.933,-0.9942342,116.6387363
WB02-INV10,15,15,8,9890097.665,459806.138,-0.9943,116.6387363,76.53,11.204,5.4,1.07,0.19,459806.138,9890097.665,-0.9943,116.6387363
WB02-INV10,16,16,8,9890097.665,459821.738,-0.9943,116.6388765,76.18,11.143,11.1,2.17,0.416,459821.738,9890097.665,-0.9943,116.6388765
WB02-INV10,17,17,9,9890090.397,459821.738,-0.9943658,116.6388765,76.58,13.053,7.1,1.64,0.324,459821.738,9890090.397,-0.9943658,116.6388765
WB02-INV10,18,18,9,9890083.129,459821.738,-0.9944315,116.6388765,77.32,12.652,6.4,1.43,0.252,459821.738,9890083.129,-0.9944315,116.6388765
WB02-INV11,1,1,1,9890126.737,459821.738,-0.994037,116.6388765,72.97,11.166,2.4,0.47,0.098,459821.738,9890126.737,-0.994037,116.6388765
WB02-INV11,2,2,1,9890119.469,459821.738,-0.9941028,116.6388765,73.59,11.324,1.7,0.34,0.1,459821.738,9890119.469,-0.9941028,116.6388765
WB02-INV11,3,3,2,9890112.201,459821.738,-0.9941685,116.6388765,74.44,12.02,4.6,0.98,0.161,459821.738,9890112.201,-0.9941685,116.6388765
WB02-INV11,4,4,2,9890104.933,459821.738,-0.9942343,116.6388765,75.1,10.95,5.8,1.12,0.176,459821.738,9890104.933,-0.9942343,116.6388765
WB02-INV11,5,5,3,9890148.541,459837.338,-0.9938398,116.6390168,71.72,10.48,0.6,0.11,0.077,459837.338,9890148.541,-0.9938398,116.6390168
WB02-INV11,6,6,3,9890141.273,459837.338,-0.9939055,116.6390167,72.1,10.647,0.8,0.15,0.132,459837.338,9890141.273,-0.9939055,116.6390167
WB02-INV11,7,7,4,9890134.005,459837.338,-0.9939713,116.6390167,72.69,10.553,3.1,0.58,0.134,459837.338,9890134.005,-0.9939713,116.6390167
WB02-INV11,8,8,4,9890126.737,459837.338,-0.994037,116.6390167,73.02,12.974,0.9,0.21,0.139,459837.338,9890126.737,-0.994037,116.6390167
WB02-INV11,9,9,5,9890119.469,459837.338,-0.9941028,116.6390167,73.74,11.721,3.1,0.64,0.155,459837.338,9890119.469,-0.9941028,116.6390167
WB02-INV11,10,10,5,9890112.201,459837.338,-0.9941685,116.6390167,74.23,10.752,5.0,0.95,0.251,459837.338,9890112.201,-0.9941685,116.6390167
WB02-INV11,11,11,6,9890104.933,459837.338,-0.9942343,116.6390167,74.55,11.904,1.4,0.3,0.169,459837.338,9890104.933,-0.9942343,116.6390167
WB02-INV11,12,12,6,9890148.541,459852.938,-0.9938398,116.639157,71.95,10.686,4.6,0.87,0.208,459852.938,9890148.541,-0.9938398,116.639157
WB02-INV11,13,13,7,9890141.273,459852.938,-0.9939055,116.639157,72.16,10.56,5.4,1.01,0.237,459852.938,9890141.273,-0.9939055,116.639157
WB02-INV11,14,14,7,9890134.005,459852.938,-0.9939713,116.639157,72.68,11.109,7.4,1.45,0.317,459852.938,9890134.005,-0.9939713,116.639157
WB02-INV11,15,15,8,9890126.737,459852.938,-0.994037,116.6391569,72.95,16.673,2.6,0.78,0.25,459852.938,9890126.737,-0.994037,116.6391569
WB02-INV11,16,16,8,9890119.469,459852.938,-0.9941028,116.6391569,73.6,10.787,4.2,0.8,0.219,459852.938,9890119.469,-0.9941028,116.6391569
WB02-INV11,17,17,9,9890112.201,459852.938,-0.9941685,116.6391569,74.17,11.06,5.6,1.09,0.274,459852.938,9890112.201,-0.9941685,116.6391569
WB02-INV11,18,18,9,9890104.933,459852.938,-0.9942343,116.6391569,74.46,10.905,6.0,1.15,0.262,459852.938,9890104.933,-0.9942343,116.6391569
WB02-INV12,1,1,1,9890083.129,459728.138,-0.9944314,116.6380352,77.59,11.489,0.1,0.02,0.089,459728.138,9890083.129,-0.9944314,116.6380352
WB02-INV12,2,2,1,9890075.861,459728.138,-0.9944972,116.6380352,78.27,9.916,356.7,-0.58,0.207,459728.138,9890075.861,-0.9944972,116.6380352
WB02-INV12,3,3,2,9890068.593,459728.138,-0.9945629,116.6380352,78.66,10.103,359.0,-0.18,0.126,459728.138,9890068.593,-0.9945629,116.6380352
WB02-INV12,4,4,2,9890061.325,459728.138,-0.9946287,116.6380352,79.47,11.069,357.6,-0.47,0.171,459728.138,9890061.325,-0.9946287,116.6380352
WB02-INV12,5,5,3,9890054.057,459728.138,-0.9946944,116.6380352,80.12,11.304,358.7,-0.26,0.124,459728.138,9890054.057,-0.9946944,116.6380352
WB02-INV12,6,6,3,9890046.789,459728.138,-0.9947602,116.6380352,80.74,11.48,358.3,-0.35,0.096,459728.138,9890046.789,-0.9947602,116.6380352
WB02-INV12,7,7,4,9890083.129,459743.738,-0.9944314,116.6381754,77.76,12.191,2.3,0.5,0.098,459743.738,9890083.129,-0.9944314,116.6381754
WB02-INV12,8,8,4,9890075.861,459743.738,-0.9944972,116.6381754,78.23,10.882,2.2,0.42,0.115,459743.738,9890075.861,-0.9944972,116.6381754
WB02-INV12,9,9,5,9890068.593,459743.738,-0.994563,116.6381754,78.97,10.905,1.9,0.37,0.084,459743.738,9890068.593,-0.994563,116.6381754
WB02-INV12,10,10,5,9890061.325,459743.738,-0.9946287,116.6381754,79.75,11.834,3.3,0.69,0.099,459743.738,9890061.325,-0.9946287,116.6381754
WB02-INV12,11,11,6,9890054.057,459743.738,-0.9946945,116.6381754,80.55,11.48,4.0,0.81,0.157,459743.738,9890054.057,-0.9946945,116.6381754
WB02-INV12,12,12,6,9890046.789,459743.738,-0.9947602,116.6381754,81.15,10.856,1.0,0.19,0.113,459743.738,9890046.789,-0.9947602,116.6381754
WB02-INV12,13,13,7,9890083.129,459759.338,-0.9944315,116.6383156,77.58,10.61,2.4,0.45,0.067,459759.338,9890083.129,-0.9944315,116.6383156
WB02-INV12,14,14,7,9890075.861,459759.338,-0.9944972,116.6383156,78.2,11.412,359.4,-0.12,0.117,459759.338,9890075.861,-0.9944972,116.6383156
WB02-INV12,15,15,8,9890068.593,459759.338,-0.994563,116.6383156,79.04,10.824,0.3,0.06,0.108,459759.338,9890068.593,-0.994563,116.6383156
WB02-INV12,16,16,8,9890061.325,459759.338,-0.9946287,116.6383156,79.8,11.585,0.1,0.02,0.193,459759.338,9890061.325,-0.9946287,116.6383156
WB02-INV12,17,17,9,9890054.057,459759.338,-0.9946945,116.6383156,80.72,11.143,3.1,0.61,0.275,459759.338,9890054.057,-0.9946945,116.6383156
WB02-INV12,18,18,9,9890046.789,459759.338,-0.9947602,116.6383156,81.44,11.724,1.8,0.37,0.147,459759.338,9890046.789,-0.9947602,116.6383156
WB02-INV13,1,1,1,9890090.397,459774.938,-0.9943657,116.6384559,77.21,10.232,1.5,0.27,0.092,459774.938,9890090.397,-0.9943657,116.6384559
WB02-INV13,2,2,1,9890083.129,459774.938,-0.9944315,116.6384558,77.92,10.672,2.5,0.47,0.108,459774.938,9890083.129,-0.9944315,116.6384558
WB02-INV13,3,3,2,9890075.861,459774.938,-0.9944972,116.6384558,78.71,10.738,3.9,0.74,0.119,459774.938,9890075.861,-0.9944972,116.6384558
WB02-INV13,4,4,2,9890068.593,459774.938,-0.994563,116.6384558,79.46,11.538,2.6,0.53,0.145,459774.938,9890068.593,-0.994563,116.6384558
WB02-INV13,5,5,3,9890061.325,459774.938,-0.9946287,116.6384558,80.14,10.889,1.2,0.23,0.132,459774.938,9890061.325,-0.9946287,116.6384558
WB02-INV13,6,6,3,9890090.397,459790.538,-0.9943657,116.6385961,76.94,10.251,0.5,0.09,0.067,459790.538,9890090.397,-0.9943657,116.6385961
WB02-INV13,7,7,4,9890083.129,459790.538,-0.9944315,116.6385961,77.72,11.225,1.9,0.38,0.14,459790.538,9890083.129,-0.9944315,116.6385961
WB02-INV13,8,8,4,9890075.861,459790.538,-0.9944972,116.638596,78.53,11.392,3.1,0.62,0.171,459790.538,9890075.861,-0.9944972,116.638596
WB02-INV13,9,9,5,9890068.593,459790.538,-0.994563,116.638596,79.45,11.084,2.4,0.47,0.194,459790.538,9890068.593,-0.994563,116.638596
WB02-INV13,10,10,5,9890061.325,459790.538,-0.9946288,116.638596,80.22,11.151,3.9,0.77,0.144,459790.538,9890061.325,-0.9946288,116.638596
WB02-INV13,11,11,6,9890054.057,459790.538,-0.9946945,116.638596,81.08,10.881,3.6,0.69,0.18,459790.538,9890054.057,-0.9946945,116.638596
WB02-INV13,12,12,6,9890090.397,459806.138,-0.9943658,116.6387363,76.94,11.403,8.0,1.61,0.22,459806.138,9890090.397,-0.9943658,116.6387363
WB02-INV13,13,13,7,9890083.129,459806.138,-0.9944315,116.6387363,77.71,10.656,5.6,1.05,0.26,459806.138,9890083.129,-0.9944315,116.6387363
WB02-INV13,14,14,7,9890075.861,459806.138,-0.9944973,116.6387363,78.55,11.352,5.0,1.0,0.251,459806.138,9890075.861,-0.9944973,116.6387363
WB02-INV13,15,15,8,9890068.593,459806.138,-0.994563,116.6387363,79.26,9.674,10.8,1.83,0.328,459806.138,9890068.593,-0.994563,116.6387363
WB02-INV13,16,16,8,9890061.325,459806.138,-0.9946288,116.6387362,79.96,11.162,7.7,1.51,0.287,459806.138,9890061.325,-0.9946288,116.6387362
WB02-INV13,17,17,9,9890054.057,459806.138,-0.9946945,116.6387362,80.79,10.715,10.5,1.97,0.333,459806.138,9890054.057,-0.9946945,116.6387362
WB02-INV13,18,18,9,9890075.861,459821.738,-0.9944973,116.6388765,78.15,12.581,7.6,1.69,0.342,459821.738,9890075.861,-0.9944973,116.6388765
WB02-INV14,1,1,1,9890134.005,459900.32,-0.9939713,116.6395828,72.32,11.114,0.2,0.04,0.099,459900.32,9890134.005,-0.9939713,116.6395828
WB02-INV14,2,2,1,9890126.737,459900.32,-0.9940371,116.6395828,73.04,10.027,358.3,-0.3,0.208,459900.32,9890126.737,-0.9940371,116.6395828
WB02-INV14,3,3,2,9890119.469,459900.32,-0.9941028,116.6395828,73.86,11.373,356.2,-0.76,0.279,459900.32,9890119.469,-0.9941028,116.6395828
WB02-INV14,4,4,2,9890112.201,459900.32,-0.9941686,116.6395828,74.67,13.453,2.0,0.48,0.25,459900.32,9890112.201,-0.9941686,116.6395828
WB02-INV14,5,5,3,9890134.005,459915.92,-0.9939713,116.639723,72.61,11.678,1.1,0.23,0.074,459915.92,9890134.005,-0.9939713,116.639723
WB02-INV14,6,6,3,9890126.737,459915.92,-0.9940371,116.639723,73.34,10.299,0.4,0.07,0.087,459915.92,9890126.737,-0.9940371,116.639723
WB02-INV14,7,7,4,9890119.469,459915.92,-0.9941028,116.639723,74.07,10.77,0.8,0.15,0.08,459915.92,9890119.469,-0.9941028,116.639723
WB02-INV14,8,8,4,9890112.201,459915.92,-0.9941686,116.639723,74.92,12.322,358.7,-0.28,0.145,459915.92,9890112.201,-0.9941686,116.639723
WB02-INV14,9,9,5,9890148.541,459931.52,-0.9938398,116.6398633,72.16,10.373,0.7,0.13,0.06,459931.52,9890148.541,-0.9938398,116.6398633
WB02-INV14,10,10,5,9890141.273,459931.52,-0.9939056,116.6398632,72.86,11.284,1.6,0.32,0.128,459931.52,9890141.273,-0.9939056,116.6398632
WB02-INV14,11,11,6,9890134.005,459931.52,-0.9939714,116.6398632,72.92,10.329,0.9,0.16,0.088,459931.52,9890134.005,-0.9939714,116.6398632
WB02-INV14,12,12,6,9890126.737,459931.52,-0.9940371,116.6398632,73.5,11.124,1.2,0.24,0.096,459931.52,9890126.737,-0.9940371,116.6398632
WB02-INV14,13,13,7,9890119.469,459931.52,-0.9941029,116.6398632,74.41,10.245,360.0,-0.0,0.058,459931.52,9890119.469,-0.9941029,116.6398632
WB02-INV14,14,14,7,9890148.541,459947.12,-0.9938399,116.6400035,72.2,10.866,3.4,0.65,0.139,459947.12,9890148.541,-0.9938399,116.6400035
WB02-INV14,15,15,8,9890141.273,459947.12,-0.9939056,116.6400035,72.85,11.674,3.7,0.76,0.163,459947.12,9890141.273,-0.9939056,116.6400035
WB02-INV14,16,16,8,9890134.005,459947.12,-0.9939714,116.6400035,73.03,9.392,3.1,0.51,0.124,459947.12,9890134.005,-0.9939714,116.6400035
WB02-INV14,17,17,9,9890126.737,459947.12,-0.9940371,116.6400034,73.69,11.419,2.2,0.44,0.104,459947.12,9890126.737,-0.9940371,116.6400034
WB02-INV14,18,18,9,9890119.469,459947.12,-0.9941029,116.6400034,74.7,10.55,3.8,0.71,0.138,459947.12,9890119.469,-0.9941029,116.6400034
WB02-INV15,1,1,1,9890104.933,459900.32,-0.9942343,116.6395828,75.21,11.729,359.1,-0.19,0.236,459900.32,9890104.933,-0.9942343,116.6395828
WB02-INV15,2,2,1,9890097.665,459900.32,-0.9943001,116.6395828,75.93,12.048,3.5,0.75,0.24,459900.32,9890097.665,-0.9943001,116.6395828
WB02-INV15,3,3,2,9890090.397,459900.32,-0.9943658,116.6395828,76.63,12.329,1.2,0.26,0.262,459900.32,9890090.397,-0.9943658,116.6395828
WB02-INV15,4,4,2,9890083.129,459900.32,-0.9944316,116.6395828,77.45,12.624,0.9,0.2,0.193,459900.32,9890083.129,-0.9944316,116.6395828
WB02-INV15,5,5,3,9890104.933,459915.92,-0.9942344,116.639723,75.49,10.97,359.5,-0.1,0.086,459915.92,9890104.933,-0.9942344,116.639723
WB02-INV15,6,6,3,9890097.665,459915.92,-0.9943001,116.639723,76.2,10.739,359.6,-0.08,0.134,459915.92,9890097.665,-0.9943001,116.639723
WB02-INV15,7,7,4,9890090.397,459915.92,-0.9943659,116.639723,76.89,11.6,0.6,0.12,0.158,459915.92,9890090.397,-0.9943659,116.639723
WB02-INV15,8,8,4,9890083.129,459915.92,-0.9944316,116.639723,77.71,11.874,359.7,-0.06,0.097,459915.92,9890083.129,-0.9944316,116.639723
WB02-INV15,9,9,5,9890112.201,459931.52,-0.9941686,116.6398632,75.26,11.298,0.7,0.14,0.094,459931.52,9890112.201,-0.9941686,116.6398632
WB02-INV15,10,10,5,9890104.933,459931.52,-0.9942344,116.6398632,75.8,10.181,0.7,0.13,0.047,459931.52,9890104.933,-0.9942344,116.6398632
WB02-INV15,11,11,6,9890097.665,459931.52,-0.9943001,116.6398632,76.49,10.733,1.1,0.21,0.095,459931.52,9890097.665,-0.9943001,116.6398632
WB02-INV15,12,12,6,9890090.397,459931.52,-0.9943659,116.6398632,77.28,11.275,0.8,0.16,0.118,459931.52,9890090.397,-0.9943659,116.6398632
WB02-INV15,13,13,7,9890083.129,459931.52,-0.9944316,116.6398632,77.93,10.417,2.2,0.4,0.085,459931.52,9890083.129,-0.9944316,116.6398632
WB02-INV15,14,14,7,9890112.201,459947.12,-0.9941686,116.6400034,75.55,10.743,4.4,0.83,0.23,459947.12,9890112.201,-0.9941686,116.6400034
WB02-INV15,15,15,8,9890104.933,459947.12,-0.9942344,116.6400034,76.1,10.269,3.8,0.69,0.188,459947.12,9890104.933,-0.9942344,116.6400034
WB02-INV15,16,16,8,9890097.665,459947.12,-0.9943001,116.6400034,76.84,10.545,2.9,0.54,0.177,459947.12,9890097.665,-0.9943001,116.6400034
WB02-INV15,17,17,9,9890090.397,459947.12,-0.9943659,116.6400034,77.63,9.933,3.3,0.58,0.214,459947.12,9890090.397,-0.9943659,116.6400034
WB02-INV15,18,18,9,9890083.129,459947.12,-0.9944316,116.6400034,78.26,9.576,5.1,0.86,0.202,459947.12,9890083.129,-0.9944316,116.6400034
WB02-INV16,1,1,1,9890075.861,459900.32,-0.9944974,116.6395828,78.16,11.81,359.9,-0.02,0.101,459900.32,9890075.861,-0.9944974,116.6395828
WB02-INV16,2,2,1,9890068.593,459900.32,-0.9945631,116.6395828,79.01,10.751,359.6,-0.08,0.113,459900.32,9890068.593,-0.9945631,116.6395828
WB02-INV16,3,3,2,9890061.325,459900.32,-0.9946289,116.6395827,79.55,11.117,0.6,0.12,0.102,459900.32,9890061.325,-0.9946289,116.6395827
WB02-INV16,4,4,2,9890075.861,459915.92,-0.9944974,116.639723,78.41,11.206,1.7,0.34,0.085,459915.92,9890075.861,-0.9944974,116.639723
WB02-INV16,5,5,3,9890068.593,459915.92,-0.9945631,116.639723,79.25,10.378,2.0,0.37,0.104,459915.92,9890068.593,-0.9945631,116.639723
WB02-INV16,6,6,3,9890061.325,459915.92,-0.9946289,116.639723,79.82,11.015,1.2,0.23,0.065,459915.92,9890061.325,-0.9946289,116.639723
WB02-INV16,7,7,4,9890054.057,459915.92,-0.9946946,116.639723,80.48,12.072,1.1,0.24,0.13,459915.92,9890054.057,-0.9946946,116.639723
WB02-INV16,8,8,4,9890046.789,459915.92,-0.9947604,116.6397229,81.11,10.881,1.4,0.27,0.074,459915.92,9890046.789,-0.9947604,116.6397229
WB02-INV16,9,9,5,9890075.861,459931.52,-0.9944974,116.6398632,78.71,11.064,0.8,0.16,0.118,459931.52,9890075.861,-0.9944974,116.6398632
WB02-INV16,10,10,5,9890068.593,459931.52,-0.9945631,116.6398632,79.56,11.044,1.4,0.27,0.084,459931.52,9890068.593,-0.9945631,116.6398632
WB02-INV16,11,11,6,9890061.325,459931.52,-0.9946289,116.6398632,80.15,11.277,0.8,0.16,0.103,459931.52,9890061.325,-0.9946289,116.6398632
WB02-INV16,12,12,6,9890054.057,459931.52,-0.9946946,116.6398632,80.75,12.86,0.5,0.11,0.116,459931.52,9890054.057,-0.9946946,116.6398632
WB02-INV16,13,13,7,9890046.789,459931.52,-0.9947604,116.6398632,81.31,11.373,1.1,0.22,0.122,459931.52,9890046.789,-0.9947604,116.6398632
WB02-INV16,14,14,7,9890075.861,459947.12,-0.9944974,116.6400034,78.99,10.679,5.4,1.02,0.23,459947.12,9890075.861,-0.9944974,116.6400034
WB02-INV16,15,15,8,9890068.593,459947.12,-0.9945632,116.6400034,79.81,10.874,2.9,0.56,0.192,459947.12,9890068.593,-0.9945632,116.6400034
WB02-INV16,16,16,8,9890061.325,459947.12,-0.9946289,116.6400034,80.33,10.765,3.5,0.67,0.198,459947.12,9890061.325,-0.9946289,116.6400034
WB02-INV16,17,17,9,9890054.057,459947.12,-0.9946947,116.6400034,81.06,11.373,3.5,0.7,0.187,459947.12,9890054.057,-0.9946947,116.6400034
WB02-INV16,18,18,9,9890046.789,459947.12,-0.9947604,116.6400034,81.57,10.602,4.3,0.8,0.167,459947.12,9890046.789,-0.9947604,116.6400034
WB02-INV17,1,1,1,9890054.057,459900.32,-0.9946946,116.6395827,80.21,12.19,359.2,-0.17,0.221,459900.32,9890054.057,-0.9946946,116.6395827
WB02-INV17,2,2,1,9890046.789,459900.32,-0.9947604,116.6395827,80.74,11.253,359.5,-0.1,0.182,459900.32,9890046.789,-0.9947604,116.6395827
WB02-INV17,3,3,2,9890037.069,459900.32,-0.9948483,116.6395827,81.63,9.449,359.9,-0.02,0.176,459900.32,9890037.069,-0.9948483,116.6395827
WB02-INV17,4,4,2,9890037.069,459915.92,-0.9948483,116.6397229,81.99,9.15,2.0,0.32,0.106,459915.92,9890037.069,-0.9948483,116.6397229
WB02-INV17,5,5,3,9890029.801,459915.92,-0.9949141,116.6397229,82.95,9.797,1.7,0.29,0.132,459915.92,9890029.801,-0.9949141,116.6397229
WB02-INV17,6,6,3,9890022.533,459915.92,-0.9949798,116.6397229,83.7,10.234,1.6,0.29,0.161,459915.92,9890022.533,-0.9949798,116.6397229
WB02-INV17,7,7,4,9890015.265,459915.92,-0.9950456,116.6397229,84.46,9.376,1.1,0.18,0.198,459915.92,9890015.265,-0.9950456,116.6397229
WB02-INV17,8,8,4,9890007.997,459915.92,-0.9951113,116.6397229,85.35,9.362,357.8,-0.36,0.247,459915.92,9890007.997,-0.9951113,116.6397229
WB02-INV17,9,9,5,9890037.069,459931.52,-0.9948483,116.6398631,82.25,9.567,1.8,0.3,0.115,459931.52,9890037.069,-0.9948483,116.6398631
WB02-INV17,10,10,5,9890029.801,459931.52,-0.9949141,116.6398631,83.17,9.6,0.8,0.14,0.073,459931.52,9890029.801,-0.9949141,116.6398631
WB02-INV17,11,11,6,9890022.533,459931.52,-0.9949799,116.6398631,84.01,9.91,1.2,0.21,0.077,459931.52,9890022.533,-0.9949799,116.6398631
WB02-INV17,12,12,6,9890015.265,459931.52,-0.9950456,116.6398631,84.78,9.451,1.7,0.28,0.077,459931.52,9890015.265,-0.9950456,116.6398631
WB02-INV17,13,13,7,9890007.997,459931.52,-0.9951114,116.6398631,85.61,9.628,4.9,0.83,0.147,459931.52,9890007.997,-0.9951114,116.6398631
WB02-INV17,14,14,7,9890037.069,459947.12,-0.9948484,116.6400034,82.5,7.978,2.3,0.32,0.175,459947.12,9890037.069,-0.9948484,116.6400034
WB02-INV17,15,15,8,9890029.801,459947.12,-0.9949141,116.6400034,83.4,9.156,4.4,0.71,0.141,459947.12,9890029.801,-0.9949141,116.6400034
WB02-INV17,16,16,8,9890022.533,459947.12,-0.9949799,116.6400033,84.26,9.9,3.5,0.61,0.163,459947.12,9890022.533,-0.9949799,116.6400033
WB02-INV17,17,17,9,9890015.265,459947.12,-0.9950456,116.6400033,85.02,9.752,6.2,1.06,0.191,459947.12,9890015.265,-0.9950456,116.6400033
WB02-INV17,18,18,9,9890007.997,459947.12,-0.9951114,116.6400033,85.96,9.891,2.8,0.49,0.211,459947.12,9890007.997,-0.9951114,116.6400033
WB02-INV18,1,1,1,9890000.729,459915.92,-0.9951771,116.6397229,86.17,9.28,357.6,-0.39,0.231,459915.92,9890000.729,-0.9951771,116.6397229
WB02-INV18,2,2,1,9889993.461,459915.92,-0.9952429,116.6397229,86.97,9.701,358.7,-0.22,0.202,459915.92,9889993.461,-0.9952429,116.6397229
WB02-INV18,3,3,2,9889986.193,459915.92,-0.9953086,116.6397229,87.83,9.544,359.6,-0.07,0.1,459915.92,9889986.193,-0.9953086,116.6397229
WB02-INV18,4,4,2,9889978.925,459915.92,-0.9953744,116.6397229,89.0,9.757,1.4,0.24,0.081,459915.92,9889978.925,-0.9953744,116.6397229
WB02-INV18,5,5,3,9889971.657,459915.92,-0.9954401,116.6397229,89.8,10.057,358.6,-0.25,0.14,459915.92,9889971.657,-0.9954401,116.6397229
WB02-INV18,6,6,3,9889964.389,459915.92,-0.9955059,116.6397229,90.73,10.788,357.2,-0.53,0.181,459915.92,9889964.389,-0.9955059,116.6397229
WB02-INV18,7,7,4,9890000.729,459931.52,-0.9951771,116.6398631,86.43,9.944,3.8,0.67,0.117,459931.52,9890000.729,-0.9951771,116.6398631
WB02-INV18,8,8,4,9889993.461,459931.52,-0.9952429,116.6398631,87.22,7.819,5.1,0.7,0.115,459931.52,9889993.461,-0.9952429,116.6398631
WB02-INV18,9,9,5,9889986.193,459931.52,-0.9953086,116.6398631,88.15,10.571,4.8,0.89,0.124,459931.52,9889986.193,-0.9953086,116.6398631
WB02-INV18,10,10,5,9889978.925,459931.52,-0.9953744,116.6398631,89.33,9.568,2.0,0.34,0.071,459931.52,9889978.925,-0.9953744,116.6398631
WB02-INV18,11,11,6,9889971.657,459931.52,-0.9954401,116.6398631,90.15,9.314,4.6,0.75,0.139,459931.52,9889971.657,-0.9954401,116.6398631
WB02-INV18,12,12,6,9889964.389,459931.52,-0.9955059,116.6398631,90.94,9.673,6.1,1.04,0.153,459931.52,9889964.389,-0.9955059,116.6398631
WB02-INV18,13,13,7,9890000.729,459947.12,-0.9951771,116.6400033,86.76,9.295,4.2,0.69,0.171,459947.12,9890000.729,-0.9951771,116.6400033
WB02-INV18,14,14,7,9889993.461,459947.12,-0.9952429,116.6400033,87.62,8.56,3.6,0.54,0.166,459947.12,9889993.461,-0.9952429,116.6400033
WB02-INV18,15,15,8,9889986.193,459947.12,-0.9953086,116.6400033,88.48,9.996,1.9,0.33,0.161,459947.12,9889986.193,-0.9953086,116.6400033
WB02-INV18,16,16,8,9889978.925,459947.12,-0.9953744,116.6400033,89.65,8.885,5.2,0.81,0.171,459947.12,9889978.925,-0.9953744,116.6400033
WB02-INV18,17,17,9,9889971.657,459947.12,-0.9954401,116.6400033,90.4,9.266,1.8,0.29,0.214,459947.12,9889971.657,-0.9954401,116.6400033
WB02-INV18,18,18,9,9889964.389,459947.12,-0.9955059,116.6400033,91.16,9.787,0.7,0.12,0.186,459947.12,9889964.389,-0.9955059,116.6400033
WB02-INV19,1,1,1,9889957.121,459915.92,-0.9955716,116.6397229,91.67,10.004,0.6,0.11,0.169,459915.92,9889957.121,-0.9955716,116.6397229
WB02-INV19,2,2,1,9889949.853,459915.92,-0.9956374,116.6397228,92.57,9.967,2.1,0.37,0.148,459915.92,9889949.853,-0.9956374,116.6397228
WB02-INV19,3,3,2,9889942.585,459915.92,-0.9957031,116.6397228,93.45,10.062,2.3,0.41,0.225,459915.92,9889942.585,-0.9957031,116.6397228
WB02-INV19,4,4,2,9889935.317,459915.92,-0.9957689,116.6397228,94.27,9.16,3.6,0.58,0.181,459915.92,9889935.317,-0.9957689,116.6397228
WB02-INV19,5,5,3,9889928.049,459915.92,-0.9958346,116.6397228,95.49,8.856,3.7,0.58,0.26,459915.92,9889928.049,-0.9958346,116.6397228
WB02-INV19,6,6,3,9889920.781,459915.92,-0.9959004,116.6397228,95.97,9.799,3.0,0.52,0.241,459915.92,9889920.781,-0.9959004,116.6397228
WB02-INV19,7,7,4,9889957.121,459931.52,-0.9955716,116.6398631,91.92,9.587,8.6,1.45,0.198,459931.52,9889957.121,-0.9955716,116.6398631
WB02-INV19,8,8,4,9889949.853,459931.52,-0.9956374,116.6398631,92.65,9.318,5.1,0.84,0.146,459931.52,9889949.853,-0.9956374,116.6398631
WB02-INV19,9,9,5,9889942.585,459931.52,-0.9957032,116.6398631,93.65,9.706,4.7,0.8,0.166,459931.52,9889942.585,-0.9957032,116.6398631
WB02-INV19,10,10,5,9889935.317,459931.52,-0.9957689,116.639863,94.44,9.594,3.7,0.62,0.12,459931.52,9889935.317,-0.9957689,116.639863
WB02-INV19,11,11,6,9889928.049,459931.52,-0.9958347,116.639863,95.76,9.35,5.6,0.92,0.205,459931.52,9889928.049,-0.9958347,116.639863
WB02-INV19,12,12,6,9889920.781,459931.52,-0.9959004,116.639863,96.27,9.831,3.1,0.54,0.141,459931.52,9889920.781,-0.9959004,116.639863
WB02-INV19,13,13,7,9889957.121,459947.12,-0.9955717,116.6400033,92.03,9.715,0.7,0.12,0.174,459947.12,9889957.121,-0.9955717,116.6400033
WB02-INV19,14,14,7,9889949.853,459947.12,-0.9956374,116.6400033,92.87,9.651,1.5,0.26,0.136,459947.12,9889949.853,-0.9956374,116.6400033
WB02-INV19,15,15,8,9889942.585,459947.12,-0.9957032,116.6400033,93.93,10.177,3.0,0.54,0.134,459947.12,9889942.585,-0.9957032,116.6400033
WB02-INV19,16,16,8,9889935.317,459947.12,-0.9957689,116.6400033,94.67,9.793,1.4,0.24,0.189,459947.12,9889935.317,-0.9957689,116.6400033
WB02-INV19,17,17,9,9889928.049,459947.12,-0.9958347,116.6400033,95.77,10.047,3.3,0.58,0.148,459947.12,9889928.049,-0.9958347,116.6400033
WB02-INV19,18,18,9,9889920.781,459947.12,-0.9959004,116.6400032,96.55,9.948,5.5,0.96,0.196,459947.12,9889920.781,-0.9959004,116.6400032
WB02-INV20,1,1,1,9890054.057,459774.873,-0.9946945,116.6384552,81.25,10.665,0.3,0.06,0.121,459774.873,9890054.057,-0.9946945,116.6384552
WB02-INV20,2,2,1,9890046.789,459774.873,-0.9947602,116.6384552,81.71,11.16,1.6,0.32,0.168,459774.873,9890046.789,-0.9947602,116.6384552
WB02-INV20,3,3,2,9890046.789,459790.473,-0.9947603,116.6385954,81.37,11.918,1.5,0.32,0.111,459790.473,9890046.789,-0.9947603,116.6385954
WB02-INV20,4,4,2,9890046.789,459806.073,-0.9947603,116.6387356,81.16,11.028,8.4,1.63,0.271,459806.073,9890046.789,-0.9947603,116.6387356
WB02-INV20,5,5,3,9890029.801,459772.286,-0.9949139,116.638432,83.28,9.156,351.8,-1.32,0.265,459772.286,9890029.801,-0.9949139,116.638432
WB02-INV20,6,6,3,9890022.533,459772.286,-0.9949797,116.6384319,83.71,9.73,357.9,-0.36,0.159,459772.286,9890022.533,-0.9949797,116.6384319
WB02-INV20,7,7,4,9890015.265,459772.286,-0.9950454,116.6384319,84.21,9.065,355.4,-0.73,0.217,459772.286,9890015.265,-0.9950454,116.6384319
WB02-INV20,8,8,4,9890007.997,459772.286,-0.9951112,116.6384319,84.9,9.529,356.3,-0.62,0.254,459772.286,9890007.997,-0.9951112,116.6384319
WB02-INV20,9,9,5,9890029.801,459787.886,-0.994914,116.6385722,83.29,8.663,358.7,-0.2,0.117,459787.886,9890029.801,-0.994914,116.6385722
WB02-INV20,10,10,5,9890022.533,459787.886,-0.9949797,116.6385722,83.98,10.264,357.1,-0.52,0.17,459787.886,9890022.533,-0.9949797,116.6385722
WB02-INV20,11,11,6,9890015.265,459787.886,-0.9950455,116.6385722,84.53,9.878,357.3,-0.47,0.145,459787.886,9890015.265,-0.9950455,116.6385722
WB02-INV20,12,12,6,9890007.997,459787.886,-0.9951112,116.6385721,85.19,9.484,358.9,-0.18,0.222,459787.886,9890007.997,-0.9951112,116.6385721
WB02-INV20,13,13,7,9890000.729,459787.886,-0.995177,116.6385721,85.42,9.313,356.1,-0.64,0.213,459787.886,9890000.729,-0.995177,116.6385721
WB02-INV20,14,14,7,9890029.801,459803.486,-0.994914,116.6387124,83.16,9.48,359.2,-0.13,0.077,459803.486,9890029.801,-0.994914,116.6387124
WB02-INV20,15,15,8,9890022.533,459803.486,-0.9949797,116.6387124,83.86,9.892,0.4,0.07,0.17,459803.486,9890022.533,-0.9949797,116.6387124
WB02-INV20,16,16,8,9890015.265,459803.486,-0.9950455,116.6387124,84.31,9.713,359.6,-0.07,0.127,459803.486,9890015.265,-0.9950455,116.6387124
WB02-INV20,17,17,9,9890007.997,459803.486,-0.9951112,116.6387124,84.99,9.815,357.0,-0.52,0.189,459803.486,9890007.997,-0.9951112,116.6387124
WB02-INV20,18,18,9,9890000.729,459803.486,-0.995177,116.6387124,85.38,9.438,355.9,-0.68,0.23,459803.486,9890000.729,-0.995177,116.6387124
WB02-INV21,1,1,1,9890000.729,459756.686,-0.9951769,116.6382917,85.13,8.595,353.0,-1.06,0.287,459756.686,9890000.729,-0.9951769,116.6382917
WB02-INV21,2,2,1,9889993.461,459756.686,-0.9952427,116.6382917,85.88,9.477,353.7,-1.05,0.246,459756.686,9889993.461,-0.9952427,116.6382917
WB02-INV21,3,3,2,9889986.193,459756.686,-0.9953085,116.6382917,86.53,10.178,354.7,-0.95,0.231,459756.686,9889986.193,-0.9953085,116.6382917
WB02-INV21,4,4,2,9889978.925,459756.686,-0.9953742,116.6382917,87.22,8.91,353.0,-1.09,0.233,459756.686,9889978.925,-0.9953742,116.6382917
WB02-INV21,5,5,3,9889971.657,459756.686,-0.99544,116.6382917,88.07,9.928,354.0,-1.05,0.231,459756.686,9889971.657,-0.99544,116.6382917
WB02-INV21,6,6,3,9890000.729,459772.286,-0.995177,116.6384319,85.42,8.494,356.0,-0.6,0.17,459772.286,9890000.729,-0.995177,116.6384319
WB02-INV21,7,7,4,9889993.461,459772.286,-0.9952427,116.6384319,86.02,8.541,355.6,-0.66,0.164,459772.286,9889993.461,-0.9952427,116.6384319
WB02-INV21,8,8,4,9889986.193,459772.286,-0.9953085,116.6384319,86.82,9.716,357.5,-0.43,0.162,459772.286,9889986.193,-0.9953085,116.6384319
WB02-INV21,9,9,5,9889978.925,459772.286,-0.9953742,116.6384319,87.64,9.553,357.0,-0.5,0.184,459772.286,9889978.925,-0.9953742,116.6384319
WB02-INV21,10,10,5,9889971.657,459772.286,-0.99544,116.6384319,88.18,10.373,358.0,-0.37,0.144,459772.286,9889971.657,-0.99544,116.6384319
WB02-INV21,11,11,6,9889993.461,459787.886,-0.9952427,116.6385721,86.25,9.969,359.7,-0.05,0.165,459787.886,9889993.461,-0.9952427,116.6385721
WB02-INV21,12,12,6,9889986.193,459787.886,-0.9953085,116.6385721,87.07,9.511,359.2,-0.13,0.089,459787.886,9889986.193,-0.9953085,116.6385721
WB02-INV21,13,13,7,9889978.925,459787.886,-0.9953742,116.6385721,87.65,10.127,0.1,0.02,0.072,459787.886,9889978.925,-0.9953742,116.6385721
WB02-INV21,14,14,7,9889971.657,459787.886,-0.99544,116.6385721,88.21,9.512,358.7,-0.22,0.104,459787.886,9889971.657,-0.99544,116.6385721
WB02-INV21,15,15,8,9889993.461,459803.486,-0.9952427,116.6387123,86.27,9.602,355.8,-0.71,0.205,459803.486,9889993.461,-0.9952427,116.6387123
WB02-INV21,16,16,8,9889986.193,459803.486,-0.9953085,116.6387123,86.98,9.796,357.6,-0.41,0.137,459803.486,9889986.193,-0.9953085,116.6387123
WB02-INV21,17,17,9,9889978.925,459803.486,-0.9953743,116.6387123,87.62,9.904,358.2,-0.31,0.134,459803.486,9889978.925,-0.9953743,116.6387123
WB02-INV21,18,18,9,9889971.657,459803.486,-0.99544,116.6387123,88.2,10.275,357.0,-0.54,0.133,459803.486,9889971.657,-0.99544,116.6387123
WB02-INV22,1,1,1,9889942.585,459741.086,-0.995703,116.6381514,90.71,9.841,356.2,-0.66,0.211,459741.086,9889942.585,-0.995703,116.6381514
WB02-INV22,2,2,1,9889964.389,459756.686,-0.9955057,116.6382917,88.87,9.972,355.0,-0.88,0.224,459756.686,9889964.389,-0.9955057,116.6382917
WB02-INV22,3,3,2,9889957.121,459756.686,-0.9955715,116.6382917,89.5,9.979,355.1,-0.86,0.16,459756.686,9889957.121,-0.9955715,116.6382917
WB02-INV22,4,4,2,9889949.853,459756.686,-0.9956372,116.6382917,90.06,9.587,352.0,-1.35,0.254,459756.686,9889949.853,-0.9956372,116.6382917
WB02-INV22,5,5,3,9889942.585,459756.686,-0.995703,116.6382917,90.74,10.668,357.1,-0.55,0.13,459756.686,9889942.585,-0.995703,116.6382917
WB02-INV22,6,6,3,9889964.389,459772.286,-0.9955057,116.6384319,88.84,10.667,357.2,-0.53,0.123,459772.286,9889964.389,-0.9955057,116.6384319
WB02-INV22,7,7,4,9889957.121,459772.286,-0.9955715,116.6384319,89.54,9.966,357.1,-0.51,0.16,459772.286,9889957.121,-0.9955715,116.6384319
WB02-INV22,8,8,4,9889949.853,459772.286,-0.9956372,116.6384319,90.07,9.835,358.3,-0.29,0.139,459772.286,9889949.853,-0.9956372,116.6384319
WB02-INV22,9,9,5,9889942.585,459772.286,-0.995703,116.6384319,90.7,9.613,359.3,-0.12,0.067,459772.286,9889942.585,-0.995703,116.6384319
WB02-INV22,10,10,5,9889964.389,459787.886,-0.9955057,116.6385721,89.03,9.696,358.2,-0.31,0.153,459787.886,9889964.389,-0.9955057,116.6385721
WB02-INV22,11,11,6,9889957.121,459787.886,-0.9955715,116.6385721,89.56,9.996,359.1,-0.16,0.164,459787.886,9889957.121,-0.9955715,116.6385721
WB02-INV22,12,12,6,9889949.853,459787.886,-0.9956373,116.6385721,90.28,10.934,357.4,-0.5,0.189,459787.886,9889949.853,-0.9956373,116.6385721
WB02-INV22,13,13,7,9889942.585,459787.886,-0.995703,116.6385721,90.98,10.639,358.0,-0.38,0.185,459787.886,9889942.585,-0.995703,116.6385721
WB02-INV22,14,14,7,9889964.389,459803.486,-0.9955058,116.6387123,89.0,9.85,358.6,-0.24,0.096,459803.486,9889964.389,-0.9955058,116.6387123
WB02-INV22,15,15,8,9889957.121,459803.486,-0.9955715,116.6387123,89.56,9.896,356.7,-0.58,0.159,459803.486,9889957.121,-0.9955715,116.6387123
WB02-INV22,16,16,8,9889949.853,459803.486,-0.9956373,116.6387123,90.21,9.452,359.7,-0.05,0.159,459803.486,9889949.853,-0.9956373,116.6387123
WB02-INV22,17,17,9,9889942.585,459803.486,-0.995703,116.6387123,90.91,9.273,356.8,-0.52,0.192,459803.486,9889942.585,-0.995703,116.6387123
WB02-INV22,18,18,9,9889935.317,459803.486,-0.9957688,116.6387123,91.29,9.161,0.8,0.13,0.159,459803.486,9889935.317,-0.9957688,116.6387123
WB02-INV23,1,1,1,9889935.317,459741.086,-0.9957687,116.6381514,91.37,9.826,352.7,-1.26,0.265,459741.086,9889935.317,-0.9957687,116.6381514
WB02-INV23,2,2,1,9889928.049,459741.086,-0.9958345,116.6381514,91.87,10.1,354.9,-0.91,0.214,459741.086,9889928.049,-0.9958345,116.6381514
WB02-INV23,3,3,2,9889920.781,459741.086,-0.9959002,116.6381514,92.62,8.885,353.6,-1.0,0.22,459741.086,9889920.781,-0.9959002,116.6381514
WB02-INV23,4,4,2,9889913.513,459741.086,-0.995966,116.6381514,93.4,10.598,355.4,-0.86,0.233,459741.086,9889913.513,-0.995966,116.6381514
WB02-INV23,5,5,3,9889935.317,459756.686,-0.9957687,116.6382917,91.42,10.079,355.4,-0.82,0.147,459756.686,9889935.317,-0.9957687,116.6382917
WB02-INV23,6,6,3,9889928.049,459756.686,-0.9958345,116.6382916,92.09,10.028,356.4,-0.64,0.17,459756.686,9889928.049,-0.9958345,116.6382916
WB02-INV23,7,7,4,9889920.781,459756.686,-0.9959002,116.6382916,92.82,9.52,357.5,-0.42,0.118,459756.686,9889920.781,-0.9959002,116.6382916
WB02-INV23,8,8,4,9889913.513,459756.686,-0.995966,116.6382916,93.58,10.0,354.2,-1.02,0.211,459756.686,9889913.513,-0.995966,116.6382916
WB02-INV23,9,9,5,9889935.317,459772.286,-0.9957687,116.6384319,91.39,10.294,358.3,-0.31,0.13,459772.286,9889935.317,-0.9957687,116.6384319
WB02-INV23,10,10,5,9889928.049,459772.286,-0.9958345,116.6384319,92.37,9.838,359.0,-0.17,0.109,459772.286,9889928.049,-0.9958345,116.6384319
WB02-INV23,11,11,6,9889920.781,459772.286,-0.9959003,116.6384318,93.09,10.434,357.4,-0.48,0.155,459772.286,9889920.781,-0.9959003,116.6384318
WB02-INV23,12,12,6,9889913.513,459772.286,-0.995966,116.6384318,93.9,9.114,355.7,-0.69,0.162,459772.286,9889913.513,-0.995966,116.6384318
WB02-INV23,13,13,7,9889906.245,459772.286,-0.9960318,116.6384318,94.54,10.05,354.8,-0.92,0.147,459772.286,9889906.245,-0.9960318,116.6384318
WB02-INV23,14,14,7,9889935.317,459787.886,-0.9957688,116.6385721,91.35,10.047,358.0,-0.35,0.113,459787.886,9889935.317,-0.9957688,116.6385721
WB02-INV23,15,15,8,9889928.049,459787.886,-0.9958345,116.6385721,92.72,9.979,354.9,-0.9,0.236,459787.886,9889928.049,-0.9958345,116.6385721
WB02-INV23,16,16,8,9889920.781,459787.886,-0.9959003,116.6385721,93.43,9.595,355.0,-0.84,0.223,459787.886,9889920.781,-0.9959003,116.6385721
WB02-INV23,17,17,9,9889913.513,459787.886,-0.995966,116.6385721,94.18,9.973,359.5,-0.09,0.16,459787.886,9889913.513,-0.995966,116.6385721
WB02-INV23,18,18,9,9889906.245,459787.886,-0.9960318,116.638572,94.85,10.724,356.4,-0.68,0.21,459787.886,9889906.245,-0.9960318,116.638572
WB02-INV24,1,1,1,9889913.513,459725.486,-0.995966,116.6380112,93.45,9.756,359.9,-0.02,0.234,459725.486,9889913.513,-0.995966,116.6380112
WB02-INV24,2,2,1,9889906.245,459725.486,-0.9960317,116.6380112,94.05,10.021,358.1,-0.34,0.191,459725.486,9889906.245,-0.9960317,116.6380112
WB02-INV24,3,3,2,9889898.977,459725.486,-0.9960975,116.6380112,94.76,9.901,358.8,-0.21,0.202,459725.486,9889898.977,-0.9960975,116.6380112
WB02-INV24,4,4,2,9889891.709,459725.486,-0.9961632,116.6380112,95.6,9.881,357.3,-0.47,0.205,459725.486,9889891.709,-0.9961632,116.6380112
WB02-INV24,5,5,3,9889884.441,459725.486,-0.996229,116.6380112,96.52,10.172,357.5,-0.45,0.265,459725.486,9889884.441,-0.996229,116.6380112
WB02-INV24,6,6,3,9889906.245,459741.086,-0.9960317,116.6381514,94.02,9.931,355.4,-0.8,0.157,459741.086,9889906.245,-0.9960317,116.6381514
WB02-INV24,7,7,4,9889898.977,459741.086,-0.9960975,116.6381514,94.66,9.95,356.0,-0.7,0.141,459741.086,9889898.977,-0.9960975,116.6381514
WB02-INV24,8,8,4,9889891.709,459741.086,-0.9961632,116.6381514,95.6,10.254,354.3,-1.03,0.188,459741.086,9889891.709,-0.9961632,116.6381514
WB02-INV24,9,9,5,9889884.441,459741.086,-0.996229,116.6381514,96.58,9.377,354.4,-0.92,0.242,459741.086,9889884.441,-0.996229,116.6381514
WB02-INV24,10,10,5,9889906.245,459756.686,-0.9960317,116.6382916,94.21,9.59,357.8,-0.37,0.122,459756.686,9889906.245,-0.9960317,116.6382916
WB02-INV24,11,11,6,9889898.977,459756.686,-0.9960975,116.6382916,94.87,9.925,358.8,-0.21,0.139,459756.686,9889898.977,-0.9960975,116.6382916
WB02-INV24,12,12,6,9889891.709,459756.686,-0.9961633,116.6382916,95.88,10.709,358.2,-0.34,0.125,459756.686,9889891.709,-0.9961633,116.6382916
WB02-INV24,13,13,7,9889884.441,459756.686,-0.996229,116.6382916,96.8,9.729,359.5,-0.09,0.204,459756.686,9889884.441,-0.996229,116.6382916
WB02-INV24,14,14,7,9889898.977,459772.286,-0.9960975,116.6384318,95.12,9.804,354.3,-0.98,0.206,459772.286,9889898.977,-0.9960975,116.6384318
WB02-INV24,15,15,8,9889891.709,459772.286,-0.9961633,116.6384318,96.06,9.899,355.6,-0.77,0.225,459772.286,9889891.709,-0.9961633,116.6384318
WB02-INV24,16,16,8,9889884.441,459772.286,-0.996229,116.6384318,96.86,10.633,355.3,-0.88,0.211,459772.286,9889884.441,-0.996229,116.6384318
WB02-INV24,17,17,9,9889898.977,459787.886,-0.9960975,116.638572,95.51,9.743,355.0,-0.86,0.225,459787.886,9889898.977,-0.9960975,116.638572
WB02-INV24,18,18,9,9889891.709,459787.886,-0.9961633,116.638572,96.35,9.905,355.6,-0.77,0.219,459787.886,9889891.709,-0.9961633,116.638572
WB02-INV25,1,1,1,9889877.173,459725.486,-0.9962947,116.6380112,97.45,10.36,356.6,-0.62,0.211,459725.486,9889877.173,-0.9962947,116.6380112
WB02-INV25,2,2,1,9889869.905,459725.486,-0.9963605,116.6380112,98.43,10.757,355.7,-0.82,0.24,459725.486,9889869.905,-0.9963605,116.6380112
WB02-INV25,3,3,2,9889862.637,459725.486,-0.9964262,116.6380112,99.18,10.216,356.8,-0.58,0.216,459725.486,9889862.637,-0.9964262,116.6380112
WB02-INV25,4,4,2,9889877.173,459741.086,-0.9962948,116.6381514,97.45,10.693,356.6,-0.64,0.172,459741.086,9889877.173,-0.9962948,116.6381514
WB02-INV25,5,5,3,9889869.905,459741.086,-0.9963605,116.6381514,98.43,10.367,356.0,-0.73,0.156,459741.086,9889869.905,-0.9963605,116.6381514
WB02-INV25,6,6,3,9889862.637,459741.086,-0.9964263,116.6381514,99.16,10.593,357.7,-0.43,0.153,459741.086,9889862.637,-0.9964263,116.6381514
WB02-INV25,7,7,4,9889877.173,459756.686,-0.9962948,116.6382916,97.69,10.764,355.7,-0.82,0.23,459756.686,9889877.173,-0.9962948,116.6382916
WB02-INV25,8,8,4,9889869.905,459756.686,-0.9963605,116.6382916,98.74,10.572,356.8,-0.6,0.129,459756.686,9889869.905,-0.9963605,116.6382916
WB02-INV25,9,9,5,9889862.637,459756.686,-0.9964263,116.6382916,99.42,10.188,357.3,-0.49,0.174,459756.686,9889862.637,-0.9964263,116.6382916
WB02-INV25,10,10,5,9889877.173,459772.286,-0.9962948,116.6384318,97.87,10.616,355.4,-0.86,0.22,459772.286,9889877.173,-0.9962948,116.6384318
WB02-INV25,11,11,6,9889869.905,459772.286,-0.9963605,116.6384318,99.09,9.999,355.4,-0.81,0.167,459772.286,9889869.905,-0.9963605,116.6384318
WB02-INV25,12,12,6,9889862.637,459772.286,-0.9964263,116.6384318,99.62,9.898,354.3,-0.99,0.247,459772.286,9889862.637,-0.9964263,116.6384318
WB02-INV25,13,13,7,9889855.369,459772.286,-0.996492,116.6384318,100.89,9.892,0.4,0.07,0.082,459772.286,9889855.369,-0.996492,116.6384318
WB02-INV25,14,14,7,9889884.441,459787.886,-0.996229,116.638572,97.21,9.697,354.5,-0.94,0.225,459787.886,9889884.441,-0.996229,116.638572
WB02-INV25,15,15,8,9889877.173,459787.886,-0.9962948,116.638572,98.06,9.98,356.0,-0.7,0.215,459787.886,9889877.173,-0.9962948,116.638572
WB02-INV25,16,16,8,9889869.905,459787.886,-0.9963606,116.638572,99.14,10.199,356.0,-0.72,0.241,459787.886,9889869.905,-0.9963606,116.638572
WB02-INV25,17,17,9,9889862.637,459787.886,-0.9964263,116.638572,99.79,9.257,354.2,-0.94,0.262,459787.886,9889862.637,-0.9964263,116.638572
WB02-INV25,18,18,9,9889855.369,459787.886,-0.9964921,116.638572,100.88,9.345,358.3,-0.28,0.117,459787.886,9889855.369,-0.9964921,116.638572
WB03-INV01,1,10,3,9890582.431,459609.361,-0.9899141,116.6369682,66.29,14.705,346.1,-3.61,0.045,459616.299,9890581.595,-0.9899217,116.6370305
WB03-INV01,2,11,3,9890582.431,459624.807,-0.9899141,116.637107,67.25,13.918,352.8,-1.78,0.066,459631.745,9890581.595,-0.9899217,116.6371693
WB03-INV01,3,12,3,9890576.031,459609.361,-0.989972,116.6369681,67.9,11.739,344.8,-3.12,0.051,459616.299,9890575.195,-0.9899796,116.6370305
WB03-INV01,4,13,3,9890576.031,459624.807,-0.989972,116.637107,68.8,15.1,352.4,-2.04,0.072,459631.745,9890575.195,-0.9899796,116.6371693
WB03-INV01,5,1,1,9890576.031,459640.253,-0.989972,116.6372458,69.32,15.614,11.9,3.3,0.098,459647.191,9890575.195,-0.9899796,116.6373082
WB03-INV01,6,2,1,9890569.331,459609.361,-0.9900326,116.6369681,69.27,11.719,342.3,-3.61,0.103,459616.299,9890568.495,-0.9900402,116.6370305
WB03-INV01,7,3,1,9890569.331,459624.807,-0.9900326,116.637107,70.41,15.138,346.8,-3.54,0.07,459631.745,9890568.495,-0.9900402,116.6371693
WB03-INV01,8,4,1,9890569.331,459640.253,-0.9900326,116.6372458,71.13,15.875,13.6,3.83,0.076,459647.191,9890568.495,-0.9900402,116.6373081
WB03-INV01,9,6,2,9890569.331,459655.699,-0.9900326,116.6373846,70.0,15.441,27.5,7.27,0.091,459662.637,9890568.495,-0.9900402,116.637447
WB03-INV01,10,7,2,9890569.331,459671.145,-0.9900327,116.6375234,68.27,5.433,308.4,-4.26,0.098,459678.083,9890568.495,-0.9900402,116.6375858
WB03-INV01,11,25,6,9890562.931,459593.915,-0.9900905,116.6368293,67.41,14.147,308.3,-11.19,0.055,459600.853,9890562.095,-0.9900981,116.6368917
WB03-INV01,12,26,6,9890562.931,459609.361,-0.9900905,116.6369681,70.35,13.285,334.7,-5.76,0.091,459616.299,9890562.095,-0.9900981,116.6370305
WB03-INV01,13,20,5,9890562.931,459624.807,-0.9900905,116.637107,71.97,14.95,348.3,-3.1,0.063,459631.745,9890562.095,-0.9900981,116.6371693
WB03-INV01,14,21,5,9890562.931,459640.253,-0.9900905,116.6372458,72.78,14.639,13.8,3.57,0.079,459647.191,9890562.095,-0.9900981,116.6373081
WB03-INV01,15,8,2,9890562.931,459655.699,-0.9900905,116.6373846,71.71,16.517,27.7,7.85,0.064,459662.637,9890562.095,-0.9900981,116.637447
WB03-INV01,16,15,4,9890562.931,459671.145,-0.9900906,116.6375234,69.48,11.501,347.9,-2.44,0.195,459678.083,9890562.095,-0.9900981,116.6375858
WB03-INV01,17,16,4,9890562.931,459686.591,-0.9900906,116.6376623,70.69,18.664,296.3,-16.85,0.083,459693.529,9890562.095,-0.9900981,116.6377246
WB03-INV01,18,27,6,9890556.931,459593.915,-0.9901448,116.6368293,68.49,10.978,298.5,-9.67,0.035,459600.853,9890556.095,-0.9901523,116.6368917
WB03-INV01,19,28,6,9890556.931,459609.361,-0.9901448,116.6369681,71.15,13.894,318.1,-9.38,0.086,459616.299,9890556.095,-0.9901524,116.6370305
WB03-INV01,20,22,5,9890556.931,459624.807,-0.9901448,116.637107,73.49,11.858,347.5,-2.6,0.099,459631.745,9890556.095,-0.9901524,116.6371693
WB03-INV01,21,23,5,9890556.931,459640.253,-0.9901448,116.6372458,74.21,11.765,18.0,3.68,0.07,459647.191,9890556.095,-0.9901524,116.6373081
WB03-INV01,22,9,2,9890556.931,459655.699,-0.9901448,116.6373846,73.15,14.508,29.2,7.2,0.076,459662.637,9890556.095,-0.9901524,116.637447
WB03-INV01,23,17,4,9890556.931,459671.145,-0.9901448,116.6375234,70.91,12.981,355.7,-0.99,0.194,459678.083,9890556.095,-0.9901524,116.6375858
WB03-INV01,24,18,4,9890556.931,459686.591,-0.9901449,116.6376623,71.52,17.075,298.3,-15.13,0.115,459693.529,9890556.095,-0.9901524,116.6377246
WB03-INV01,25,14,3,9890588.476,459620.541,-0.9898594,116.6370686,65.93,11.966,353.1,-1.46,0.071,459627.479,9890587.641,-0.989867,116.637131
WB03-INV02,1,6,2,9890550.631,459593.915,-0.9902018,116.6368293,68.91,10.6,286.1,-10.19,0.059,459600.853,9890549.795,-0.9902093,116.6368916
WB03-INV02,2,7,2,9890550.631,459609.361,-0.9902018,116.6369681,71.6,15.006,306.1,-12.22,0.093,459616.299,9890549.795,-0.9902093,116.6370305
WB03-INV02,3,1,1,9890550.631,459624.807,-0.9902018,116.6371069,74.75,9.553,348.6,-1.91,0.103,459631.745,9890549.795,-0.9902094,116.6371693
WB03-INV02,4,10,3,9890550.631,459640.253,-0.9902018,116.6372458,75.33,11.896,17.0,3.52,0.099,459647.191,9890549.795,-0.9902094,116.6373081
WB03-INV02,5,11,3,9890550.631,459655.699,-0.9902018,116.6373846,74.41,12.807,29.8,6.45,0.062,459662.637,9890549.795,-0.9902094,116.637447
WB03-INV02,6,15,4,9890550.631,459671.145,-0.9902018,116.6375234,72.63,15.356,0.2,0.05,0.179,459678.083,9890549.795,-0.9902094,116.6375858
WB03-INV02,7,16,4,9890550.631,459686.591,-0.9902019,116.6376623,73.07,16.046,312.7,-11.94,0.091,459693.529,9890549.795,-0.9902094,116.6377246
WB03-INV02,8,20,5,9890544.431,459578.469,-0.9902578,116.6366905,66.22,10.077,266.2,-10.06,0.124,459585.407,9890543.595,-0.9902654,116.6367528
WB03-INV02,9,8,2,9890544.431,459593.915,-0.9902579,116.6368293,69.2,14.056,291.8,-13.09,0.09,459600.853,9890543.595,-0.9902654,116.6368916
WB03-INV02,10,9,2,9890544.431,459609.361,-0.9902579,116.6369681,72.44,13.428,289.8,-12.66,0.069,459616.299,9890543.595,-0.9902654,116.6370305
WB03-INV02,11,2,1,9890544.431,459624.807,-0.9902579,116.6371069,75.69,6.429,334.8,-2.75,0.062,459631.745,9890543.595,-0.9902655,116.6371693
WB03-INV02,12,12,3,9890544.431,459640.253,-0.9902579,116.6372458,76.44,9.256,16.9,2.71,0.081,459647.191,9890543.595,-0.9902655,116.6373081
WB03-INV02,13,13,3,9890544.431,459655.699,-0.9902579,116.6373846,75.52,11.31,29.7,5.66,0.043,459662.637,9890543.595,-0.9902655,116.6374469
WB03-INV02,14,17,4,9890544.431,459671.145,-0.9902579,116.6375234,74.04,14.179,356.4,-0.91,0.15,459678.083,9890543.595,-0.9902655,116.6375858
WB03-INV02,15,18,4,9890544.431,459686.591,-0.990258,116.6376622,74.64,13.024,314.8,-9.32,0.06,459693.529,9890543.595,-0.9902655,116.6377246
WB03-INV02,16,21,5,9890538.031,459563.532,-0.9903157,116.6365562,66.24,8.45,355.3,-0.7,0.09,459569.961,9890537.195,-0.9903233,116.636614
WB03-INV02,17,22,5,9890538.031,459578.469,-0.9903157,116.6366905,66.65,10.355,302.3,-8.78,0.098,459585.407,9890537.195,-0.9903233,116.6367528
WB03-INV02,18,23,5,9890538.031,459593.915,-0.9903158,116.6368293,69.47,14.151,288.3,-13.46,0.064,459600.853,9890537.195,-0.9903233,116.6368916
WB03-INV02,19,3,1,9890538.031,459609.361,-0.9903158,116.6369681,73.02,12.375,286.6,-11.87,0.06,459616.299,9890537.195,-0.9903233,116.6370305
WB03-INV02,20,4,1,9890538.031,459624.807,-0.9903158,116.6371069,76.08,6.08,314.5,-4.34,0.042,459631.745,9890537.195,-0.9903234,116.6371693
WB03-INV02,21,14,3,9890538.031,459640.253,-0.9903158,116.6372458,77.2,6.202,17.7,1.89,0.071,459647.191,9890537.195,-0.9903234,116.6373081
WB03-INV02,22,25,6,9890538.031,459655.699,-0.9903158,116.6373846,76.59,10.837,23.2,4.31,0.084,459662.637,9890537.195,-0.9903234,116.6374469
WB03-INV02,23,26,6,9890538.031,459671.145,-0.9903158,116.6375234,75.46,14.315,356.6,-0.87,0.1,459678.083,9890537.195,-0.9903234,116.6375858
WB03-INV02,24,27,6,9890538.031,459686.591,-0.9903159,116.6376622,75.98,10.112,316.8,-6.96,0.098,459693.529,9890537.195,-0.9903234,116.6377246
WB03-INV02,25,28,6,9890531.931,459655.699,-0.990371,116.6373846,77.33,7.593,17.9,2.35,0.048,459662.637,9890531.095,-0.9903786,116.6374469
WB03-INV03,1,15,4,9890531.931,459578.469,-0.9903709,116.6366904,67.63,13.323,332.0,-6.34,0.092,459585.407,9890531.095,-0.9903785,116.6367528
WB03-INV03,2,1,1,9890531.931,459593.915,-0.9903709,116.6368293,69.85,14.348,281.6,-14.07,0.079,459600.853,9890531.095,-0.9903785,116.6368916
WB03-INV03,3,2,1,9890531.931,459609.361,-0.990371,116.6369681,73.46,12.076,286.5,-11.59,0.061,459616.299,9890531.095,-0.9903785,116.6370305
WB03-INV03,4,10,3,9890531.931,459624.807,-0.990371,116.6371069,76.46,8.091,322.6,-4.93,0.089,459631.745,9890531.095,-0.9903785,116.6371693
WB03-INV03,5,11,3,9890531.931,459640.253,-0.990371,116.6372458,77.71,5.299,10.9,1.0,0.054,459647.191,9890531.095,-0.9903786,116.6373081
WB03-INV03,6,16,4,9890525.931,459578.469,-0.9904252,116.6366904,68.87,11.32,332.0,-5.37,0.061,459585.407,9890525.095,-0.9904328,116.6367528
WB03-INV03,7,3,1,9890525.931,459593.915,-0.9904252,116.6368293,70.27,14.254,292.1,-13.25,0.112,459600.853,9890525.095,-0.9904328,116.6368916
WB03-INV03,8,4,1,9890525.931,459609.361,-0.9904252,116.6369681,73.9,12.213,289.0,-11.57,0.048,459616.299,9890525.095,-0.9904328,116.6370304
WB03-INV03,9,12,3,9890525.931,459624.807,-0.9904253,116.6371069,76.93,6.633,307.7,-5.26,0.129,459631.745,9890525.095,-0.9904328,116.6371693
WB03-INV03,10,13,3,9890525.931,459640.253,-0.9904253,116.6372457,78.29,2.896,52.4,2.3,0.069,459647.191,9890525.095,-0.9904328,116.6373081
WB03-INV03,11,17,4,9890519.931,459578.469,-0.9904795,116.6366904,70.05,9.78,330.1,-4.91,0.087,459585.407,9890519.095,-0.9904871,116.6367528
WB03-INV03,12,6,2,9890519.931,459593.915,-0.9904795,116.6368293,71.48,11.982,304.5,-9.92,0.116,459600.853,9890519.095,-0.9904871,116.6368916
WB03-INV03,13,7,2,9890519.931,459609.361,-0.9904795,116.6369681,74.39,13.488,298.8,-11.87,0.036,459616.299,9890519.095,-0.9904871,116.6370304
WB03-INV03,14,14,3,9890519.931,459624.807,-0.9904795,116.6371069,77.56,7.509,323.5,-4.48,0.14,459631.745,9890519.095,-0.9904871,116.6371693
WB03-INV03,15,18,4,9890513.931,459578.469,-0.9905338,116.6366904,71.25,8.345,340.4,-2.82,0.141,459585.407,9890513.095,-0.9905413,116.6367528
WB03-INV03,16,8,2,9890513.931,459593.915,-0.9905338,116.6368293,72.26,11.488,310.7,-8.76,0.057,459600.853,9890513.095,-0.9905414,116.6368916
WB03-INV03,17,9,2,9890513.931,459609.361,-0.9905338,116.6369681,74.83,14.131,292.5,-13.09,0.038,459616.299,9890513.095,-0.9905414,116.6370304
WB03-INV03,18,20,5,9890507.931,459578.469,-0.9905881,116.6366904,72.03,8.314,345.3,-2.12,0.08,459585.407,9890507.095,-0.9905956,116.6367528
WB03-INV03,19,25,6,9890507.931,459593.915,-0.9905881,116.6368292,72.95,11.562,310.8,-8.8,0.083,459600.853,9890507.095,-0.9905956,116.6368916
WB03-INV03,20,26,6,9890507.931,459609.361,-0.9905881,116.6369681,75.4,15.157,298.8,-13.35,0.048,459616.299,9890507.095,-0.9905957,116.6370304
WB03-INV03,21,21,5,9890501.931,459578.469,-0.9906423,116.6366904,72.82,8.849,334.8,-3.79,0.067,459585.407,9890501.095,-0.9906499,116.6367528
WB03-INV03,22,27,6,9890501.931,459593.915,-0.9906424,116.6368292,73.87,10.458,304.8,-8.62,0.073,459600.853,9890501.095,-0.9906499,116.6368916
WB03-INV03,23,28,6,9890501.931,459609.361,-0.9906424,116.6369681,76.25,12.817,292.4,-11.88,0.068,459616.299,9890501.095,-0.9906499,116.6370304
WB03-INV03,24,22,5,9890495.556,459578.469,-0.9907,116.6366904,72.86,8.723,282.7,-8.51,0.106,459585.407,9890494.72,-0.9907076,116.6367528
WB03-INV03,25,23,5,9890495.556,459593.915,-0.9907,116.6368292,74.94,11.652,329.6,-5.96,0.063,459600.853,9890494.72,-0.9907076,116.6368916
WB03-INV04,1,10,3,9890474.231,459578.469,-0.990893,116.6366904,72.27,17.352,287.6,-16.59,0.091,459585.407,9890473.395,-0.9909005,116.6367527
WB03-INV04,2,11,3,9890467.631,459563.023,-0.9909526,116.6365516,69.0,16.89,297.6,-15.06,0.076,459569.961,9890466.795,-0.9909602,116.6366139
WB03-INV04,3,2,1,9890460.431,459533.155,-0.9910178,116.6362831,66.64,17.355,333.6,-7.91,0.085,459538.984,9890459.699,-0.9910244,116.6363355
WB03-INV04,4,12,3,9890460.431,459548.601,-0.9910178,116.6364219,68.42,13.008,351.5,-1.96,0.108,459554.515,9890459.595,-0.9910253,116.6364751
WB03-INV04,5,13,3,9890460.431,459563.023,-0.9910178,116.6365515,69.25,20.586,293.0,-19.07,0.194,459569.961,9890459.595,-0.9910254,116.6366139
WB03-INV04,6,3,1,9890454.331,459532.131,-0.9910729,116.6362739,68.2,14.577,329.3,-7.56,0.064,459539.069,9890453.495,-0.9910805,116.6363362
WB03-INV04,7,4,1,9890454.331,459547.577,-0.991073,116.6364127,70.04,16.891,354.7,-1.61,0.089,459554.515,9890453.495,-0.9910805,116.6364751
WB03-INV04,8,7,2,9890447.431,459516.685,-0.9911354,116.6361351,67.42,15.465,322.7,-9.52,0.079,459523.623,9890446.595,-0.9911429,116.6361974
WB03-INV04,9,6,2,9890447.431,459532.131,-0.9911354,116.6362739,69.8,15.943,331.9,-7.66,0.053,459539.069,9890446.595,-0.9911429,116.6363362
WB03-INV04,10,9,2,9890447.431,459547.577,-0.9911354,116.6364127,71.76,22.006,344.6,-6.13,0.159,459554.515,9890446.595,-0.9911429,116.6364751
WB03-INV04,11,25,6,9890441.431,459485.793,-0.9911896,116.6358574,65.18,14.105,333.5,-6.4,0.091,459492.731,9890440.595,-0.9911972,116.6359197
WB03-INV04,12,26,6,9890441.431,459501.239,-0.9911896,116.6359962,66.76,16.328,333.2,-7.52,0.065,459508.177,9890440.595,-0.9911972,116.6360586
WB03-INV04,13,20,5,9890441.431,459516.685,-0.9911896,116.636135,68.88,15.285,323.6,-9.21,0.051,459523.623,9890440.595,-0.9911972,116.6361974
WB03-INV04,14,21,5,9890441.431,459532.131,-0.9911896,116.6362739,71.24,14.428,325.8,-8.23,0.092,459539.069,9890440.595,-0.9911972,116.6363362
WB03-INV04,15,27,6,9890435.431,459485.793,-0.9912439,116.6358574,66.35,14.149,325.3,-8.17,0.046,459492.731,9890434.595,-0.9912515,116.6359197
WB03-INV04,16,15,4,9890435.431,459501.239,-0.9912439,116.6359962,68.36,15.453,334.8,-6.71,0.052,459508.177,9890434.595,-0.9912515,116.6360586
WB03-INV04,17,22,5,9890435.431,459516.685,-0.9912439,116.636135,70.18,14.302,324.6,-8.4,0.032,459523.623,9890434.595,-0.9912515,116.6361974
WB03-INV04,18,23,5,9890435.431,459532.131,-0.9912439,116.6362739,72.44,15.059,325.7,-8.62,0.114,459539.069,9890434.595,-0.9912515,116.6363362
WB03-INV04,19,16,4,9890429.431,459485.793,-0.9912982,116.6358574,67.16,13.028,309.6,-10.11,0.077,459492.731,9890428.595,-0.9913057,116.6359197
WB03-INV04,20,17,4,9890429.431,459501.239,-0.9912982,116.6359962,69.79,14.045,332.4,-6.61,0.036,459508.177,9890428.595,-0.9913057,116.6360586
WB03-INV04,21,18,4,9890429.431,459516.685,-0.9912982,116.636135,71.6,15.481,331.2,-7.6,0.025,459523.623,9890428.595,-0.9913058,116.6361974
WB03-INV05,1,16,4,9890423.431,459485.793,-0.9913525,116.6358574,67.52,14.065,287.7,-13.42,0.089,459492.731,9890422.595,-0.99136,116.6359197
WB03-INV05,2,,,9890423.431,459501.239,-0.9913525,116.6359962,70.85,13.506,325.6,-7.73,0.052,459508.177,9890422.595,-0.99136,116.6360586
WB03-INV05,3,18,4,9890423.431,459516.685,-0.9913525,116.636135,72.93,10.896,326.9,-6.0,0.129,459523.623,9890422.595,-0.99136,116.6361974
WB03-INV05,4,25,6,9890417.431,459485.793,-0.9914067,116.6358574,67.44,16.916,280.2,-16.66,0.101,459492.731,9890416.595,-0.9914143,116.6359197
WB03-INV05,5,26,6,9890417.431,459501.239,-0.9914067,116.6359962,71.76,14.52,315.2,-10.34,0.111,459508.177,9890416.595,-0.9914143,116.6360586
WB03-INV05,6,27,6,9890411.431,459485.793,-0.991461,116.6358574,67.86,17.913,280.3,-17.64,0.075,459492.731,9890410.595,-0.9914686,116.6359197
WB03-INV05,7,28,6,9890411.431,459501.239,-0.991461,116.6359962,72.62,7.11,282.9,-6.93,0.227,459508.177,9890410.595,-0.9914686,116.6360585
WB03-INV05,8,20,5,9890405.331,459485.793,-0.9915162,116.6358574,68.32,17.102,277.4,-16.97,0.099,459492.731,9890404.495,-0.9915238,116.6359197
WB03-INV05,9,21,5,9890399.031,459485.793,-0.9915732,116.6358574,68.34,16.943,267.3,-16.93,0.048,459492.731,9890398.195,-0.9915808,116.6359197
WB03-INV05,10,22,5,9890392.931,459485.793,-0.9916284,116.6358573,68.21,17.042,267.2,-17.02,0.047,459492.731,9890392.095,-0.991636,116.6359197
WB03-INV05,11,23,5,9890385.731,459485.793,-0.9916935,116.6358573,68.02,16.577,270.3,-16.58,0.106,459492.731,9890384.895,-0.9917011,116.6359197
WB03-INV05,12,10,3,9890379.431,459470.347,-0.9917505,116.6357185,66.03,7.653,286.2,-7.35,0.068,459477.285,9890378.595,-0.9917581,116.6357809
WB03-INV05,13,11,3,9890379.431,459485.793,-0.9917505,116.6358573,68.27,13.546,270.2,-13.55,0.17,459492.731,9890378.595,-0.9917581,116.6359197
WB03-INV05,14,12,3,9890373.031,459470.347,-0.9918084,116.6357185,66.02,9.919,284.9,-9.59,0.083,459477.285,9890372.195,-0.991816,116.6357809
WB03-INV05,15,13,3,9890373.031,459485.793,-0.9918084,116.6358573,68.79,9.133,266.9,-9.12,0.198,459492.731,9890372.195,-0.991816,116.6359197
WB03-INV05,16,2,1,9890366.831,459470.347,-0.9918645,116.6357185,65.89,11.793,274.8,-11.75,0.047,459477.285,9890365.995,-0.9918721,116.6357808
WB03-INV05,17,3,1,9890360.731,459470.347,-0.9919197,116.6357185,65.89,12.074,275.2,-12.03,0.051,459477.285,9890359.895,-0.9919273,116.6357808
WB03-INV05,18,4,1,9890354.631,459470.347,-0.9919749,116.6357185,66.1,10.689,272.2,-10.68,0.1,459477.285,9890353.795,-0.9919824,116.6357808
WB03-INV05,19,7,2,9890348.431,459470.347,-0.992031,116.6357185,66.15,9.558,259.9,-9.41,0.16,459477.285,9890347.595,-0.9920385,116.6357808
WB03-INV05,20,8,2,9890342.331,459470.347,-0.9920862,116.6357185,65.98,9.128,242.7,-8.13,0.181,459477.285,9890341.495,-0.9920937,116.6357808
WB03-INV05,21,9,2,9890336.231,459470.347,-0.9921413,116.6357185,65.58,9.008,241.8,-7.95,0.146,459477.285,9890335.395,-0.9921489,116.6357808
WB03-INV06,1,15,4,9890488.431,459563.023,-0.9907645,116.6365516,69.02,13.976,231.1,-10.96,0.173,459569.961,9890487.595,-0.990772,116.6366139
WB03-INV06,2,16,4,9890488.431,459578.469,-0.9907645,116.6366904,72.23,13.741,269.9,-13.74,0.105,459585.407,9890487.595,-0.990772,116.6367528
WB03-INV06,3,17,4,9890488.431,459593.915,-0.9907645,116.6368292,75.71,10.006,309.4,-7.76,0.051,459600.853,9890487.595,-0.9907721,116.6368916
WB03-INV06,4,18,4,9890481.031,459578.469,-0.9908314,116.6366904,72.03,15.763,276.9,-15.65,0.079,459585.407,9890480.195,-0.990839,116.6367527
WB03-INV06,5,1,1,9890503.659,459649.492,-0.9906268,116.6373288,77.91,14.153,138.1,9.56,0.039,459656.43,9890502.824,-0.9906343,116.6373911
WB03-INV06,6,2,1,9890503.659,459664.938,-0.9906268,116.6374676,75.35,16.469,146.7,9.22,0.043,459671.876,9890502.824,-0.9906344,116.6375299
WB03-INV06,7,3,1,9890496.659,459649.492,-0.9906901,116.6373288,76.72,10.219,114.2,9.34,0.085,459656.43,9890495.824,-0.9906977,116.6373911
WB03-INV06,8,4,1,9890496.659,459664.938,-0.9906901,116.6374676,73.89,14.755,133.6,10.8,0.139,459671.876,9890495.824,-0.9906977,116.6375299
WB03-INV06,9,6,2,9890489.759,459634.046,-0.9907525,116.6371899,79.16,8.701,85.6,8.68,0.149,459640.984,9890488.924,-0.9907601,116.6372523
WB03-INV06,10,10,3,9890489.759,459649.492,-0.9907525,116.6373288,76.78,10.727,91.3,10.72,0.042,459656.43,9890488.924,-0.9907601,116.6373911
WB03-INV06,11,11,3,9890489.759,459664.938,-0.9907525,116.6374676,73.64,14.555,93.9,14.52,0.163,459671.876,9890488.924,-0.9907601,116.6375299
WB03-INV06,12,7,2,9890482.859,459634.046,-0.9908149,116.6371899,79.48,11.4,102.0,11.16,0.086,459640.984,9890482.024,-0.9908225,116.6372523
WB03-INV06,13,12,3,9890482.859,459649.492,-0.990815,116.6373287,76.57,9.377,87.2,9.37,0.074,459656.43,9890482.024,-0.9908225,116.6373911
WB03-INV06,14,13,3,9890482.859,459664.938,-0.990815,116.6374676,73.85,16.9,84.4,16.82,0.069,459671.876,9890482.024,-0.9908225,116.6375299
WB03-INV06,15,8,2,9890476.159,459618.6,-0.9908755,116.6370511,79.04,1.24,304.2,-1.03,0.178,459625.538,9890475.324,-0.9908831,116.6371134
WB03-INV06,16,9,2,9890476.159,459634.046,-0.9908756,116.6371899,79.28,11.815,114.5,10.78,0.047,459640.984,9890475.324,-0.9908831,116.6372523
WB03-INV06,17,14,3,9890476.159,459649.492,-0.9908756,116.6373287,76.43,10.405,107.6,9.93,0.065,459656.43,9890475.324,-0.9908831,116.6373911
WB03-INV06,18,20,5,9890476.159,459664.938,-0.9908756,116.6374676,73.71,15.744,102.2,15.41,0.074,459671.876,9890475.324,-0.9908832,116.6375299
WB03-INV06,19,25,6,9890469.459,459618.6,-0.9909362,116.6370511,79.66,4.061,103.3,3.95,0.155,459625.538,9890468.624,-0.9909437,116.6371134
WB03-INV06,20,26,6,9890469.459,459634.046,-0.9909362,116.6371899,78.56,10.071,113.4,9.26,0.039,459640.984,9890468.624,-0.9909437,116.6372523
WB03-INV06,21,21,5,9890469.459,459649.492,-0.9909362,116.6373287,76.13,12.903,118.3,11.4,0.045,459656.43,9890468.624,-0.9909438,116.6373911
WB03-INV06,22,22,5,9890469.459,459664.938,-0.9909362,116.6374676,72.98,15.735,115.6,14.26,0.04,459671.876,9890468.624,-0.9909438,116.6375299
WB03-INV06,23,27,6,9890462.859,459618.6,-0.9909959,116.6370511,79.96,7.023,81.6,6.95,0.113,459625.538,9890462.024,-0.9910034,116.6371134
WB03-INV06,24,28,6,9890462.859,459634.046,-0.9909959,116.6371899,78.34,10.848,100.9,10.66,0.052,459640.984,9890462.024,-0.9910034,116.6372523
WB03-INV06,25,23,5,9890462.859,459649.492,-0.9909959,116.6373287,75.51,14.217,118.9,12.51,0.059,459656.43,9890462.024,-0.9910035,116.6373911
WB03-INV07,1,1,1,9890455.259,459603.154,-0.9910646,116.6369122,79.69,7.227,341.2,-2.34,0.322,459610.092,9890454.424,-0.9910722,116.6369746
WB03-INV07,2,2,1,9890455.259,459618.6,-0.9910646,116.6370511,80.42,8.816,85.6,8.79,0.099,459625.538,9890454.424,-0.9910722,116.6371134
WB03-INV07,3,3,1,9890455.259,459634.046,-0.9910646,116.6371899,78.24,12.357,94.2,12.32,0.114,459640.984,9890454.424,-0.9910722,116.6372522
WB03-INV07,4,10,3,9890455.259,459649.492,-0.9910647,116.6373287,74.92,16.796,108.6,15.96,0.078,459656.43,9890454.424,-0.9910722,116.6373911
WB03-INV07,5,6,2,9890448.459,459603.154,-0.9911261,116.6369122,80.22,2.375,319.2,-1.55,0.135,459610.092,9890447.624,-0.9911337,116.6369746
WB03-INV07,6,4,1,9890448.459,459618.6,-0.9911261,116.6370511,80.63,8.874,74.2,8.54,0.068,459625.538,9890447.624,-0.9911337,116.6371134
WB03-INV07,7,11,3,9890448.459,459634.046,-0.9911262,116.6371899,78.33,13.323,85.4,13.28,0.081,459640.984,9890447.624,-0.9911337,116.6372522
WB03-INV07,8,12,3,9890448.459,459649.492,-0.9911262,116.6373287,74.69,16.669,84.3,16.59,0.053,459656.43,9890447.624,-0.9911337,116.6373911
WB03-INV07,9,7,2,9890442.059,459587.708,-0.991184,116.6367734,78.33,9.943,307.4,-7.93,0.208,459594.646,9890441.224,-0.9911916,116.6368357
WB03-INV07,10,8,2,9890442.059,459603.154,-0.991184,116.6369122,80.76,2.741,356.2,-0.18,0.123,459610.092,9890441.224,-0.9911916,116.6369746
WB03-INV07,11,9,2,9890442.059,459618.6,-0.991184,116.6370511,82.24,10.313,76.6,10.04,0.243,459625.538,9890441.224,-0.9911916,116.6371134
WB03-INV07,12,13,3,9890442.059,459634.046,-0.9911841,116.6371899,78.54,13.759,90.1,13.76,0.077,459640.984,9890441.224,-0.9911916,116.6372522
WB03-INV07,13,14,3,9890442.059,459649.492,-0.9911841,116.6373287,74.81,15.223,83.0,15.11,0.048,459656.43,9890441.224,-0.9911916,116.6373911
WB03-INV07,14,20,5,9890435.759,459587.708,-0.991241,116.6367734,79.32,12.314,323.8,-7.35,0.452,459594.646,9890434.924,-0.9912486,116.6368357
WB03-INV07,15,21,5,9890435.759,459603.154,-0.991241,116.6369122,81.18,4.938,70.6,4.66,0.434,459610.092,9890434.924,-0.9912486,116.6369746
WB03-INV07,16,25,6,9890435.759,459618.6,-0.991241,116.637051,80.8,8.553,94.2,8.53,0.07,459625.538,9890434.924,-0.9912486,116.6371134
WB03-INV07,17,26,6,9890435.759,459634.046,-0.9912411,116.6371899,78.5,13.706,91.8,13.7,0.081,459640.984,9890434.924,-0.9912486,116.6372522
WB03-INV07,18,15,4,9890435.759,459649.492,-0.9912411,116.6373287,74.86,15.349,93.6,15.32,0.033,459656.43,9890434.924,-0.9912486,116.6373911
WB03-INV07,19,16,4,9890435.759,459664.938,-0.9912411,116.6374675,70.67,9.479,85.9,9.46,0.092,459671.876,9890434.924,-0.9912487,116.6375299
WB03-INV07,20,22,5,9890429.059,459587.708,-0.9913016,116.6367734,80.24,5.263,345.8,-1.29,0.37,459594.646,9890428.224,-0.9913092,116.6368357
WB03-INV07,21,23,5,9890429.059,459603.154,-0.9913016,116.6369122,81.25,2.238,74.0,2.15,0.099,459610.092,9890428.224,-0.9913092,116.6369746
WB03-INV07,22,27,6,9890429.059,459618.6,-0.9913017,116.637051,80.83,8.185,88.5,8.18,0.04,459625.538,9890428.224,-0.9913092,116.6371134
WB03-INV07,23,28,6,9890429.059,459634.046,-0.9913017,116.6371899,78.62,14.382,85.6,14.34,0.093,459640.984,9890428.224,-0.9913092,116.6372522
WB03-INV07,24,17,4,9890429.059,459649.492,-0.9913017,116.6373287,74.72,14.533,83.2,14.44,0.047,459656.43,9890428.224,-0.9913093,116.637391
WB03-INV07,25,18,4,9890429.059,459664.938,-0.9913017,116.6374675,70.65,9.316,83.1,9.25,0.078,459671.876,9890428.224,-0.9913093,116.6375299
WB03-INV08,1,15,4,9890402.159,459541.37,-0.9915449,116.6363569,79.34,4.632,301.8,-3.94,0.045,459548.308,9890401.324,-0.9915525,116.6364192
WB03-INV08,2,6,2,9890402.159,459556.816,-0.991545,116.6364957,80.21,8.895,347.6,-1.92,0.235,459563.754,9890401.324,-0.9915525,116.6365581
WB03-INV08,3,7,2,9890402.159,459572.262,-0.991545,116.6366345,81.05,8.847,156.4,3.57,0.396,459579.2,9890401.324,-0.9915525,116.6366969
WB03-INV08,4,1,1,9890402.159,459587.708,-0.991545,116.6367734,80.15,18.98,189.5,-3.25,0.3,459594.646,9890401.324,-0.9915526,116.6368357
WB03-INV08,5,2,1,9890402.159,459603.154,-0.991545,116.6369122,81.62,7.581,174.1,0.78,0.212,459610.092,9890401.324,-0.9915526,116.6369745
WB03-INV08,6,16,4,9890394.759,459525.924,-0.9916119,116.636218,77.09,8.534,282.1,-8.35,0.25,459532.862,9890393.924,-0.9916194,116.6362804
WB03-INV08,7,17,4,9890394.759,459541.37,-0.9916119,116.6363569,79.57,3.115,232.6,-2.48,0.059,459548.308,9890393.924,-0.9916195,116.6364192
WB03-INV08,8,8,2,9890394.759,459556.816,-0.9916119,116.6364957,80.14,6.634,138.9,4.37,0.445,459563.754,9890393.924,-0.9916195,116.636558
WB03-INV08,9,9,2,9890394.759,459572.262,-0.9916119,116.6366345,79.44,9.405,172.8,1.19,0.126,459579.2,9890393.924,-0.9916195,116.6366969
WB03-INV08,10,3,1,9890394.759,459587.708,-0.9916119,116.6367733,78.92,11.675,195.2,-3.1,0.174,459594.646,9890393.924,-0.9916195,116.6368357
WB03-INV08,11,4,1,9890394.759,459603.154,-0.991612,116.6369122,79.74,,,,0.573,459610.092,9890393.924,-0.9916195,116.6369745
WB03-INV08,12,10,3,9890394.759,459618.6,-0.991612,116.637051,80.48,4.978,92.7,4.97,0.273,459625.538,9890393.924,-0.9916195,116.6371134
WB03-INV08,13,11,3,9890394.759,459634.046,-0.991612,116.6371898,79.3,11.746,86.1,11.72,0.056,459640.984,9890393.924,-0.9916196,116.6372522
WB03-INV08,14,12,3,9890394.759,459649.492,-0.991612,116.6373287,76.04,14.693,93.1,14.67,0.078,459656.43,9890393.924,-0.9916196,116.637391
WB03-INV08,15,13,3,9890394.759,459664.938,-0.991612,116.6374675,71.9,14.295,93.9,14.26,0.142,459671.876,9890393.924,-0.9916196,116.6375298
WB03-INV08,16,18,4,9890387.759,459525.924,-0.9916752,116.636218,76.9,13.07,231.2,-10.26,0.09,,,,
WB03-INV08,17,25,6,9890387.759,459541.37,-0.9916752,116.6363569,79.54,12.916,230.6,-10.05,0.095,459534.263,9890386.924,-0.9916828,116.636293
WB03-INV08,18,26,6,9890387.759,459556.816,-0.9916752,116.6364957,79.6,3.694,177.7,0.15,0.049,459549.709,9890386.924,-0.9916828,116.6364318
WB03-INV08,19,27,6,9890387.759,459572.262,-0.9916753,116.6366345,78.17,14.167,156.6,5.72,0.086,459565.155,9890386.924,-0.9916828,116.6365706
WB03-INV08,20,28,6,9890387.759,459587.708,-0.9916753,116.6367733,77.43,12.04,165.5,3.06,0.072,459580.601,9890386.924,-0.9916828,116.6367095
WB03-INV08,21,21,5,9890387.759,459603.154,-0.9916753,116.6369122,78.7,10.541,213.9,-5.93,0.121,459596.047,9890386.924,-0.9916828,116.6368483
WB03-INV08,22,14,3,9890387.759,459618.6,-0.9916753,116.637051,80.15,2.858,138.3,1.9,0.127,459625.538,9890386.924,-0.9916829,116.6371134
WB03-INV08,23,22,5,9890381.059,459556.816,-0.9917359,116.6364957,78.22,13.461,171.2,2.1,0.219,459549.67,9890380.227,-0.9917434,116.6364315
WB03-INV08,24,23,5,9890381.059,459572.262,-0.9917359,116.6366345,76.63,15.804,158.4,5.95,0.108,459565.116,9890380.227,-0.9917434,116.6365703
WB03-INV08,25,20,5,9890381.059,459587.708,-0.9917359,116.6367733,76.09,11.967,170.6,1.98,0.065,459580.562,9890380.227,-0.9917434,116.6367091
WB03-INV09,1,1,1,9890381.059,459525.924,-0.9917358,116.636218,75.62,15.572,223.1,-10.78,0.08,459532.862,9890380.224,-0.9917434,116.6362804
WB03-INV09,2,10,3,9890381.059,459541.37,-0.9917358,116.6363569,78.57,12.037,175.6,0.94,0.21,,,,
WB03-INV09,3,2,1,9890374.059,459521.598,-0.9917992,116.6361791,73.49,16.566,221.5,-11.15,0.036,459528.535,9890373.224,-0.9918067,116.6362415
WB03-INV09,4,11,3,9890374.059,459537.044,-0.9917992,116.636318,76.43,13.62,192.8,-3.07,0.134,459543.981,9890373.224,-0.9918067,116.6363803
WB03-INV09,5,12,3,9890374.059,459552.49,-0.9917992,116.6364568,77.06,15.305,149.7,7.86,0.03,459559.427,9890373.224,-0.9918067,116.6365191
WB03-INV09,6,3,1,9890366.959,459521.598,-0.9918634,116.6361791,71.87,16.469,226.6,-12.12,0.043,459528.535,9890366.124,-0.991871,116.6362415
WB03-INV09,7,13,3,9890366.959,459537.044,-0.9918634,116.636318,75.04,13.942,184.9,-1.21,0.116,459543.981,9890366.124,-0.991871,116.6363803
WB03-INV09,8,14,3,9890366.959,459552.49,-0.9918634,116.6364568,75.25,16.505,153.4,7.56,0.032,459559.427,9890366.124,-0.991871,116.6365191
WB03-INV09,9,4,1,9890360.159,459521.598,-0.9919249,116.6361791,70.67,15.703,221.2,-10.49,0.074,459528.535,9890359.324,-0.9919325,116.6362415
WB03-INV09,10,6,2,9890360.159,459537.044,-0.9919249,116.6363179,73.46,15.823,178.4,0.45,0.134,459543.981,9890359.324,-0.9919325,116.6363803
WB03-INV09,11,7,2,9890360.159,459552.49,-0.9919249,116.6364568,73.25,14.795,157.9,5.67,0.051,459559.427,9890359.324,-0.9919325,116.6365191
WB03-INV09,12,15,4,9890352.459,459510.478,-0.9919946,116.6360792,69.73,7.891,179.0,0.14,0.086,459517.416,9890351.624,-0.9920021,116.6361415
WB03-INV09,13,8,2,9890352.459,459525.924,-0.9919946,116.636218,69.85,15.228,205.0,-6.56,0.088,459532.862,9890351.624,-0.9920021,116.6362804
WB03-INV09,14,9,2,9890352.459,459541.37,-0.9919946,116.6363568,71.6,16.009,173.2,1.95,0.048,459548.308,9890351.624,-0.9920022,116.6364192
WB03-INV09,15,16,4,9890344.459,459510.478,-0.9920669,116.6360792,68.67,4.394,199.5,-1.47,0.055,459517.416,9890343.624,-0.9920745,116.6361415
WB03-INV09,16,17,4,9890344.459,459525.924,-0.992067,116.636218,69.0,3.764,217.7,-2.3,0.032,459532.862,9890343.624,-0.9920745,116.6362803
WB03-INV09,17,18,4,9890344.459,459541.37,-0.992067,116.6363568,69.58,2.463,223.9,-1.71,0.03,459548.308,9890343.624,-0.9920745,116.6364192
WB03-INV09,18,25,6,9890337.759,459510.478,-0.9921276,116.6360792,67.99,3.525,236.3,-2.93,0.036,459517.416,9890336.924,-0.9921351,116.6361415
WB03-INV09,19,26,6,9890337.759,459525.924,-0.9921276,116.636218,68.75,3.228,219.2,-2.04,0.028,459532.862,9890336.924,-0.9921351,116.6362803
WB03-INV09,20,27,6,9890337.759,459541.37,-0.9921276,116.6363568,69.38,3.399,205.0,-1.44,0.028,459548.308,9890336.924,-0.9921351,116.6364192
WB03-INV09,21,20,5,9890330.659,459510.478,-0.9921918,116.6360792,67.76,3.834,264.8,-3.82,0.034,459517.416,9890329.824,-0.9921994,116.6361415
WB03-INV09,22,28,6,9890330.659,459525.924,-0.9921918,116.636218,68.77,1.595,236.1,-1.32,0.033,459532.862,9890329.824,-0.9921994,116.6362803
WB03-INV09,23,21,5,9890323.359,459510.478,-0.9922578,116.6360791,67.88,3.773,211.7,-1.98,0.103,459517.416,9890322.524,-0.9922654,116.6361415
WB03-INV09,24,22,5,9890323.359,459525.924,-0.9922578,116.636218,68.57,6.395,185.3,-0.59,0.087,459532.862,9890322.524,-0.9922654,116.6362803
WB03-INV09,25,23,5,9890316.359,459519.531,-0.9923212,116.6361605,67.35,9.968,184.6,-0.81,0.071,459526.469,9890315.524,-0.9923287,116.6362229
WB03-INV10,1,10,3,9890422.359,459587.708,-0.9913622,116.6367734,81.36,3.973,188.9,-0.62,0.219,459594.646,9890421.524,-0.9913698,116.6368357
WB03-INV10,2,11,3,9890422.359,459603.154,-0.9913623,116.6369122,81.43,2.532,27.1,1.15,0.158,459610.092,9890421.524,-0.9913698,116.6369746
WB03-INV10,3,6,2,9890422.359,459618.6,-0.9913623,116.637051,80.87,7.553,74.5,7.28,0.055,459625.538,9890421.524,-0.9913698,116.6371134
WB03-INV10,4,7,2,9890422.359,459634.046,-0.9913623,116.6371899,78.87,14.826,91.5,14.82,0.232,459640.984,9890421.524,-0.9913699,116.6372522
WB03-INV10,5,1,1,9890422.359,459649.492,-0.9913623,116.6373287,74.78,13.086,81.5,12.95,0.124,459656.43,9890421.524,-0.9913699,116.637391
WB03-INV10,6,2,1,9890422.359,459664.938,-0.9913623,116.6374675,70.91,9.561,82.3,9.48,0.106,459671.876,9890421.524,-0.9913699,116.6375299
WB03-INV10,7,12,3,9890415.459,459572.262,-0.9914247,116.6366345,81.12,1.95,205.4,-0.84,0.183,459579.2,9890414.624,-0.9914322,116.6366969
WB03-INV10,8,13,3,9890415.459,459587.708,-0.9914247,116.6367734,80.71,4.071,289.0,-3.85,0.144,459594.646,9890414.624,-0.9914322,116.6368357
WB03-INV10,9,14,3,9890415.459,459603.154,-0.9914247,116.6369122,81.87,5.344,355.3,-0.44,0.153,459610.092,9890414.624,-0.9914322,116.6369746
WB03-INV10,10,8,2,9890415.459,459618.6,-0.9914247,116.637051,81.67,7.786,85.8,7.77,0.136,459625.538,9890414.624,-0.9914323,116.6371134
WB03-INV10,11,9,2,9890415.459,459634.046,-0.9914247,116.6371899,79.11,16.354,64.0,14.78,0.336,459640.984,9890414.624,-0.9914323,116.6372522
WB03-INV10,12,3,1,9890415.459,459649.492,-0.9914247,116.6373287,74.66,12.19,74.7,11.77,0.139,459656.43,9890414.624,-0.9914323,116.637391
WB03-INV10,13,4,1,9890415.459,459664.938,-0.9914247,116.6374675,71.29,10.002,87.0,9.99,0.173,459671.876,9890414.624,-0.9914323,116.6375299
WB03-INV10,14,15,4,9890408.559,459556.816,-0.9914871,116.6364957,79.97,1.322,303.0,-1.11,0.057,459563.754,9890407.824,-0.9914937,116.6365581
WB03-INV10,15,16,4,9890408.559,459572.262,-0.9914871,116.6366345,80.28,4.976,339.1,-1.78,0.353,459579.2,9890407.824,-0.9914937,116.6366969
WB03-INV10,16,17,4,9890408.559,459587.708,-0.9914871,116.6367734,80.67,4.384,329.8,-2.21,0.371,459594.646,9890407.824,-0.9914938,116.6368357
WB03-INV10,17,18,4,9890408.559,459603.154,-0.9914871,116.6369122,82.03,1.906,143.1,1.14,0.092,459610.092,9890407.824,-0.9914938,116.6369745
WB03-INV10,18,20,5,9890408.559,459618.6,-0.9914871,116.637051,81.78,8.415,90.4,8.41,0.183,459625.538,9890407.824,-0.9914938,116.6371134
WB03-INV10,19,21,5,9890408.559,459634.046,-0.9914871,116.6371898,79.0,14.458,76.8,14.09,0.077,459640.984,9890407.824,-0.9914938,116.6372522
WB03-INV10,20,25,6,9890408.559,459649.492,-0.9914872,116.6373287,75.34,12.983,76.2,12.62,0.144,459656.43,9890407.824,-0.9914938,116.637391
WB03-INV10,21,26,6,9890408.559,459664.938,-0.9914872,116.6374675,71.65,12.095,80.2,11.92,0.15,459671.876,9890407.824,-0.9914938,116.6375299
WB03-INV10,22,22,5,9890402.159,459618.6,-0.991545,116.637051,80.7,5.2,97.3,5.16,0.128,459625.538,9890401.324,-0.9915526,116.6371134
WB03-INV10,23,23,5,9890402.159,459634.046,-0.991545,116.6371898,79.19,12.034,81.9,11.92,0.052,459640.984,9890401.324,-0.9915526,116.6372522
WB03-INV10,24,27,6,9890402.159,459649.492,-0.9915451,116.6373287,75.83,14.426,85.8,14.39,0.107,459656.43,9890401.324,-0.9915526,116.637391
WB03-INV10,25,28,6,9890402.159,459664.938,-0.9915451,116.6374675,71.62,13.008,85.9,12.98,0.127,459671.876,9890401.324,-0.9915526,116.6375298
WB03-INV11,1,6,2,9890387.759,459634.046,-0.9916753,116.6371898,79.26,12.43,91.1,12.43,0.124,459640.984,9890386.924,-0.9916829,116.6372522
WB03-INV11,2,1,1,9890387.759,459649.492,-0.9916753,116.6373287,75.79,15.202,99.7,14.99,0.045,459656.43,9890386.924,-0.9916829,116.637391
WB03-INV11,3,2,1,9890387.759,459664.938,-0.9916753,116.6374675,71.65,15.464,105.3,14.94,0.126,459671.876,9890386.924,-0.9916829,116.6375298
WB03-INV11,4,7,2,9890381.059,459603.154,-0.9917359,116.6369122,77.79,10.885,215.1,-6.31,0.062,459596.008,9890380.227,-0.9917434,116.6368479
WB03-INV11,5,8,2,9890381.059,459618.6,-0.9917359,116.637051,79.76,1.994,168.6,0.39,0.123,459625.538,9890380.224,-0.9917435,116.6371133
WB03-INV11,6,9,2,9890381.059,459634.046,-0.9917359,116.6371898,79.32,13.322,89.1,13.32,0.107,459640.984,9890380.224,-0.9917435,116.6372522
WB03-INV11,7,3,1,9890381.059,459649.492,-0.9917359,116.6373286,75.58,15.854,87.6,15.84,0.062,459656.43,9890380.224,-0.9917435,116.637391
WB03-INV11,8,4,1,9890381.059,459664.938,-0.991736,116.6374675,71.37,16.365,92.8,16.35,0.066,459671.876,9890380.224,-0.9917435,116.6375298
WB03-INV11,9,20,5,9890374.059,459603.154,-0.9917992,116.6369122,76.72,12.502,240.3,-10.9,0.409,459610.092,9890373.224,-0.9918068,116.6369745
WB03-INV11,10,21,5,9890374.059,459618.6,-0.9917992,116.637051,79.25,3.35,191.8,-0.69,0.096,459625.538,9890373.224,-0.9918068,116.6371133
WB03-INV11,11,10,3,9890374.059,459634.046,-0.9917993,116.6371898,79.25,13.882,97.9,13.76,0.105,459640.984,9890373.224,-0.9918068,116.6372522
WB03-INV11,12,11,3,9890374.059,459649.492,-0.9917993,116.6373286,75.58,15.548,90.0,15.55,0.075,459656.43,9890373.224,-0.9918068,116.637391
WB03-INV11,13,12,3,9890374.059,459664.938,-0.9917993,116.6374675,71.26,16.172,87.7,16.16,0.061,459671.876,9890373.224,-0.9918069,116.6375298
WB03-INV11,14,22,5,9890366.959,459603.154,-0.9918635,116.6369121,75.78,12.57,238.1,-10.72,0.049,459610.092,9890366.124,-0.991871,116.6369745
WB03-INV11,15,23,5,9890366.959,459618.6,-0.9918635,116.637051,78.75,4.242,208.9,-2.05,0.117,459625.538,9890366.124,-0.991871,116.6371133
WB03-INV11,16,15,4,9890366.959,459634.046,-0.9918635,116.6371898,78.9,12.37,95.3,12.32,0.1,459640.984,9890366.124,-0.9918711,116.6372522
WB03-INV11,17,13,3,9890366.959,459649.492,-0.9918635,116.6373286,75.48,14.171,80.9,14.0,0.059,459656.43,9890366.124,-0.9918711,116.637391
WB03-INV11,18,14,3,9890366.959,459664.938,-0.9918635,116.6374675,71.52,16.744,84.9,16.68,0.057,459671.876,9890366.124,-0.9918711,116.6375298
WB03-INV11,19,25,6,9890360.159,459603.154,-0.991925,116.6369121,75.34,11.07,254.1,-10.66,0.069,459610.092,9890359.324,-0.9919326,116.6369745
WB03-INV11,20,26,6,9890360.159,459618.6,-0.991925,116.637051,78.21,3.892,237.0,-3.27,0.121,459625.538,9890359.324,-0.9919326,116.6371133
WB03-INV11,21,16,4,9890360.159,459634.046,-0.991925,116.6371898,78.68,10.881,93.0,10.87,0.063,459640.984,9890359.324,-0.9919326,116.6372522
WB03-INV11,22,17,4,9890360.159,459649.492,-0.991925,116.6373286,75.74,15.062,102.4,14.73,0.089,459656.43,9890359.324,-0.9919326,116.637391
WB03-INV11,23,18,4,9890360.159,459664.938,-0.991925,116.6374675,71.6,15.59,92.8,15.57,0.105,459671.876,9890359.324,-0.9919326,116.6375298
WB03-INV11,24,27,6,9890352.459,459603.154,-0.9919947,116.6369121,74.92,10.575,262.6,-10.49,0.057,459610.092,9890351.624,-0.9920022,116.6369745
WB03-INV11,25,28,6,9890352.459,459618.6,-0.9919947,116.637051,77.72,5.064,232.8,-4.04,0.137,459625.538,9890351.624,-0.9920022,116.6371133
WB03-INV12,1,10,3,9890352.459,459634.046,-0.9919947,116.6371898,78.48,9.568,97.8,9.48,0.114,459640.984,9890351.624,-0.9920022,116.6372521
WB03-INV12,2,11,3,9890352.459,459649.492,-0.9919947,116.6373286,75.61,16.896,93.8,16.86,0.05,459656.43,9890351.624,-0.9920023,116.637391
WB03-INV12,3,12,3,9890352.459,459664.938,-0.9919947,116.6374674,70.96,12.735,100.5,12.53,0.133,459671.876,9890351.624,-0.9920023,116.6375298
WB03-INV12,4,1,1,9890344.459,459587.708,-0.992067,116.6367733,71.73,11.399,254.6,-11.0,0.073,459594.646,9890343.624,-0.9920746,116.6368357
WB03-INV12,5,2,1,9890344.459,459603.154,-0.992067,116.6369121,74.75,9.269,246.2,-8.49,0.089,459610.092,9890343.624,-0.9920746,116.6369745
WB03-INV12,6,20,5,9890344.459,459618.6,-0.992067,116.637051,77.15,5.382,226.3,-3.9,0.129,459625.538,9890343.624,-0.9920746,116.6371133
WB03-INV12,7,6,2,9890344.459,459634.046,-0.9920671,116.6371898,78.0,11.902,118.4,10.5,0.117,459640.984,9890343.624,-0.9920746,116.6372521
WB03-INV12,8,13,3,9890344.459,459649.492,-0.9920671,116.6373286,75.16,17.789,108.8,16.9,0.073,459656.43,9890343.624,-0.9920746,116.637391
WB03-INV12,9,14,3,9890344.459,459664.938,-0.9920671,116.6374674,70.54,11.143,104.3,10.81,0.137,459671.876,9890343.624,-0.9920747,116.6375298
WB03-INV12,10,3,1,9890337.759,459587.708,-0.9921276,116.6367733,71.58,10.744,253.3,-10.3,0.062,459594.646,9890336.924,-0.9921352,116.6368356
WB03-INV12,11,4,1,9890337.759,459603.154,-0.9921276,116.6369121,74.38,9.399,243.6,-8.43,0.073,459610.092,9890336.924,-0.9921352,116.6369745
WB03-INV12,12,21,5,9890337.759,459618.6,-0.9921277,116.6370509,76.82,7.097,198.9,-2.31,0.139,459625.538,9890336.924,-0.9921352,116.6371133
WB03-INV12,13,7,2,9890337.759,459634.046,-0.9921277,116.6371898,77.32,16.233,132.8,12.06,0.114,459640.984,9890336.924,-0.9921352,116.6372521
WB03-INV12,14,8,2,9890337.759,459649.492,-0.9921277,116.6373286,73.95,19.581,131.3,14.96,0.057,459656.43,9890336.924,-0.9921353,116.637391
WB03-INV12,15,9,2,9890330.659,459587.708,-0.9921919,116.6367733,71.16,10.628,251.0,-10.06,0.075,459594.646,9890329.824,-0.9921994,116.6368356
WB03-INV12,16,15,4,9890330.659,459603.154,-0.9921919,116.6369121,73.93,9.224,219.8,-5.93,0.081,459610.092,9890329.824,-0.9921994,116.6369745
WB03-INV12,17,16,4,9890330.659,459618.6,-0.9921919,116.6370509,75.73,14.31,183.4,-0.87,0.147,459625.538,9890329.824,-0.9921995,116.6371133
WB03-INV12,18,22,5,9890330.659,459634.046,-0.9921919,116.6371898,75.81,18.345,138.7,12.34,0.125,459640.984,9890329.824,-0.9921995,116.6372521
WB03-INV12,19,25,6,9890330.659,459649.492,-0.9921919,116.6373286,72.1,16.368,132.4,12.24,0.15,459656.43,9890329.824,-0.9921995,116.6373909
WB03-INV12,20,26,6,9890323.359,459587.708,-0.9922579,116.6367733,71.2,7.633,232.1,-6.04,0.113,459594.646,9890322.524,-0.9922655,116.6368356
WB03-INV12,21,17,4,9890323.359,459603.154,-0.9922579,116.6369121,72.79,12.16,217.4,-7.46,0.16,459610.092,9890322.524,-0.9922655,116.6369745
WB03-INV12,22,18,4,9890323.359,459618.6,-0.9922579,116.6370509,74.59,15.559,172.8,2.0,0.169,459625.538,9890322.524,-0.9922655,116.6371133
WB03-INV12,23,23,5,9890323.359,459634.046,-0.992258,116.6371898,73.87,18.582,141.1,11.92,0.09,459640.984,9890322.524,-0.9922655,116.6372521
WB03-INV12,24,27,6,9890323.359,459649.492,-0.992258,116.6373286,70.45,10.767,123.5,9.01,0.082,459656.43,9890322.524,-0.9922655,116.6373909
WB03-INV12,25,28,6,9890337.759,459664.938,-0.9921277,116.6374674,69.81,12.033,120.2,10.44,0.057,459671.876,9890336.924,-0.9921353,116.6375298
WB03-INV13,1,,,9890316.359,459587.708,-0.9923212,116.6367733,71.05,6.267,193.4,-1.46,0.09,459594.646,9890315.524,-0.9923288,116.6368356
WB03-INV13,2,1,1,9890316.359,459603.154,-0.9923213,116.6369121,71.42,15.527,197.6,-4.8,0.196,459610.092,9890315.524,-0.9923288,116.6369745
WB03-INV13,3,2,1,9890316.359,459618.6,-0.9923213,116.6370509,72.61,19.603,173.3,2.38,0.068,459625.538,9890315.524,-0.9923288,116.6371133
WB03-INV13,4,10,3,9890316.359,459634.046,-0.9923213,116.6371898,71.78,16.476,148.9,8.69,0.084,459640.984,9890315.524,-0.9923288,116.6372521
WB03-INV13,5,11,3,9890316.359,459649.492,-0.9923213,116.6373286,69.37,10.195,141.5,6.39,0.091,459656.43,9890315.524,-0.9923289,116.6373909
WB03-INV13,6,7,2,9890308.997,459573.051,-0.9923878,116.6366415,69.51,23.389,334.5,-10.55,0.254,459579.2,9890308.324,-0.9923939,116.6366968
WB03-INV13,7,8,2,9890309.159,459587.708,-0.9923864,116.6367733,71.94,6.064,135.3,4.27,0.281,459594.646,9890308.324,-0.9923939,116.6368356
WB03-INV13,8,3,1,9890309.159,459603.154,-0.9923864,116.6369121,70.54,12.435,176.0,0.88,0.336,459610.092,9890308.324,-0.992394,116.6369744
WB03-INV13,9,4,1,9890309.159,459618.6,-0.9923864,116.6370509,70.22,16.709,172.9,2.12,0.101,459625.538,9890308.324,-0.992394,116.6371133
WB03-INV13,10,12,3,9890309.159,459634.046,-0.9923864,116.6371897,69.6,16.435,157.6,6.41,0.082,459640.984,9890308.324,-0.992394,116.6372521
WB03-INV13,11,13,3,9890309.159,459649.492,-0.9923864,116.6373286,67.87,12.881,158.8,4.73,0.089,459656.43,9890308.324,-0.992394,116.6373909
WB03-INV13,12,20,5,9890302.259,459556.816,-0.9924488,116.6364956,67.88,8.275,227.1,-6.08,0.191,459563.754,9890301.424,-0.9924563,116.636558
WB03-INV13,13,9,2,9890302.259,459572.262,-0.9924488,116.6366344,69.86,11.872,205.8,-5.23,0.202,459579.2,9890301.424,-0.9924564,116.6366968
WB03-INV13,14,25,6,9890302.259,459587.708,-0.9924488,116.6367733,70.59,4.386,106.3,4.21,0.127,459594.646,9890301.424,-0.9924564,116.6368356
WB03-INV13,15,26,6,9890302.259,459603.154,-0.9924488,116.6369121,69.33,8.883,138.0,5.97,0.179,459610.092,9890301.424,-0.9924564,116.6369744
WB03-INV13,16,15,4,9890302.259,459618.6,-0.9924488,116.6370509,68.48,15.28,164.5,4.18,0.085,459625.538,9890301.424,-0.9924564,116.6371133
WB03-INV13,17,17,4,9890302.259,459634.046,-0.9924488,116.6371897,67.39,16.208,170.3,2.8,0.141,459640.984,9890301.424,-0.9924564,116.6372521
WB03-INV13,18,21,5,9890295.159,459541.384,-0.992513,116.6363569,67.67,5.265,212.9,-2.87,0.103,459548.308,9890294.324,-0.9925206,116.6364191
WB03-INV13,19,22,5,9890295.159,459556.816,-0.992513,116.6364956,68.18,7.727,212.6,-4.18,0.112,459563.754,9890294.324,-0.9925206,116.636558
WB03-INV13,20,23,5,9890295.159,459572.262,-0.992513,116.6366344,69.35,18.57,181.5,-0.5,0.179,459579.2,9890294.324,-0.9925206,116.6366968
WB03-INV13,21,27,6,9890295.159,459587.708,-0.992513,116.6367733,69.74,26.378,173.8,3.07,0.176,459594.646,9890294.324,-0.9925206,116.6368356
WB03-INV13,22,28,6,9890295.159,459603.154,-0.992513,116.6369121,68.86,16.995,162.1,5.37,0.291,459610.092,9890294.324,-0.9925206,116.6369744
WB03-INV13,23,18,4,9890295.159,459618.6,-0.9925131,116.6370509,67.23,5.432,53.9,4.39,0.255,459625.538,9890294.324,-0.9925206,116.6371133
WB03-INV14,1,24,6,9890250.483,459452.83,-0.9929171,116.6355609,67.41,6.344,60.0,5.5,0.089,459459.767,9890249.647,-0.9929247,116.6356233
WB03-INV14,2,25,6,9890250.483,459468.276,-0.9929171,116.6356998,66.06,3.304,213.8,-1.84,0.217,459475.213,9890249.647,-0.9929247,116.6357621
WB03-INV14,3,26,6,9890250.483,459483.722,-0.9929171,116.6358386,66.24,1.766,64.5,1.59,0.123,459490.659,9890249.647,-0.9929247,116.6359009
WB03-INV14,4,27,6,9890244.483,459452.83,-0.9929714,116.6355609,67.65,4.499,68.0,4.17,0.117,459459.767,9890243.647,-0.9929789,116.6356233
WB03-INV14,5,28,6,9890244.483,459468.276,-0.9929714,116.6356998,66.29,2.151,35.8,1.26,0.067,459475.213,9890243.647,-0.992979,116.6357621
WB03-INV14,6,20,5,9890244.483,459483.757,-0.9929714,116.6358389,65.99,1.717,33.8,0.96,0.103,459490.659,9890243.647,-0.992979,116.6359009
WB03-INV14,7,15,4,9890238.483,459452.83,-0.9930257,116.6355609,67.79,4.971,47.4,3.66,0.138,459459.767,9890237.647,-0.9930332,116.6356233
WB03-INV14,8,16,4,9890238.483,459468.276,-0.9930257,116.6356997,66.66,4.589,38.3,2.85,0.084,459475.213,9890237.647,-0.9930332,116.6357621
WB03-INV14,9,21,5,9890238.483,459483.722,-0.9930257,116.6358386,66.15,1.617,27.6,0.75,0.108,459490.659,9890237.647,-0.9930333,116.6359009
WB03-INV14,10,17,4,9890231.371,459452.83,-0.99309,116.6355609,68.03,6.727,33.0,3.68,0.097,459459.767,9890230.536,-0.9930976,116.6356233
WB03-INV14,11,18,4,9890231.371,459468.276,-0.99309,116.6356997,67.17,4.747,46.8,3.46,0.094,459475.213,9890230.536,-0.9930976,116.6357621
WB03-INV14,12,22,5,9890231.371,459483.722,-0.99309,116.6358386,66.52,3.402,12.2,0.72,0.169,459490.659,9890230.536,-0.9930976,116.6359009
WB03-INV14,13,10,3,9890225.371,459452.83,-0.9931443,116.6355609,68.5,5.549,20.9,1.98,0.099,459459.767,9890224.536,-0.9931518,116.6356233
WB03-INV14,14,11,3,9890225.371,459468.276,-0.9931443,116.6356997,67.75,4.891,53.8,3.95,0.166,459475.213,9890224.536,-0.9931519,116.6357621
WB03-INV14,15,23,5,9890225.371,459483.722,-0.9931443,116.6358386,66.97,2.847,350.6,-0.47,0.241,459490.659,9890224.536,-0.9931519,116.6359009
WB03-INV14,16,12,3,9890219.371,459452.83,-0.9931986,116.6355609,68.85,2.723,45.6,1.95,0.087,459459.767,9890218.536,-0.9932061,116.6356233
WB03-INV14,17,13,3,9890219.371,459468.276,-0.9931986,116.6356997,68.23,4.512,53.3,3.62,0.217,459475.213,9890218.536,-0.9932061,116.6357621
WB03-INV14,18,14,3,9890219.371,459483.722,-0.9931986,116.6358386,67.25,2.314,357.0,-0.12,0.19,459490.659,9890218.536,-0.9932062,116.6359009
WB03-INV14,19,1,1,9890211.825,459452.83,-0.9932668,116.6355609,69.35,9.418,24.7,3.96,0.223,459459.767,9890210.989,-0.9932744,116.6356232
WB03-INV14,20,2,1,9890211.825,459468.276,-0.9932669,116.6356997,68.25,4.104,38.6,2.56,0.087,459475.213,9890210.989,-0.9932744,116.6357621
WB03-INV14,21,6,2,9890211.825,459483.722,-0.9932669,116.6358385,67.54,3.226,347.5,-0.7,0.123,459490.659,9890210.989,-0.9932744,116.6359009
WB03-INV14,22,3,1,9890205.825,459452.83,-0.9933211,116.6355609,70.06,4.545,98.8,4.49,0.219,459459.767,9890204.989,-0.9933287,116.6356232
WB03-INV14,23,7,2,9890205.825,459468.276,-0.9933211,116.6356997,68.66,4.428,45.2,3.15,0.115,459475.213,9890204.989,-0.9933287,116.6357621
WB03-INV14,24,8,2,9890205.825,459483.722,-0.9933212,116.6358385,67.76,2.345,347.2,-0.52,0.099,459490.659,9890204.989,-0.9933287,116.6359009
WB03-INV14,25,4,1,9890199.825,459452.83,-0.9933754,116.6355609,69.87,2.77,68.5,2.58,0.067,459459.767,9890198.989,-0.993383,116.6356232
WB03-INV14,26,9,2,9890199.825,459468.276,-0.9933754,116.6356997,68.95,6.281,33.5,3.48,0.042,459475.213,9890198.989,-0.993383,116.6357621
WB03-INV14,27,5,2,9890199.825,459483.722,-0.9933754,116.6358385,68.07,3.078,354.9,-0.27,0.09,459490.659,9890198.989,-0.993383,116.6359009
WB03-INV15,1,1,1,9890250.483,459504.234,-0.9929171,116.636023,65.85,1.209,14.9,0.31,0.027,459511.136,9890249.647,-0.9929247,116.636085
WB03-INV15,2,2,1,9890244.483,459504.234,-0.9929714,116.6360229,66.0,2.585,5.9,0.27,0.043,459511.136,9890243.647,-0.992979,116.636085
WB03-INV15,3,3,1,9890238.483,459504.234,-0.9930257,116.6360229,66.35,1.346,80.4,1.33,0.049,459511.136,9890237.647,-0.9930333,116.636085
WB03-INV15,4,4,1,9890238.483,459519.68,-0.9930257,116.6361618,65.96,1.997,24.7,0.83,0.02,459526.582,9890237.647,-0.9930333,116.6362238
WB03-INV15,5,10,3,9890231.371,459504.234,-0.9930901,116.6360229,66.62,3.072,32.1,1.63,0.091,459511.136,9890230.536,-0.9930976,116.636085
WB03-INV15,6,11,3,9890231.371,459519.68,-0.9930901,116.6361618,66.25,3.64,10.5,0.66,0.03,459526.582,9890230.536,-0.9930976,116.6362238
WB03-INV15,7,12,3,9890225.371,459504.234,-0.9931443,116.6360229,66.88,4.189,27.6,1.94,0.163,459511.136,9890224.536,-0.9931519,116.636085
WB03-INV15,8,13,3,9890225.371,459519.68,-0.9931443,116.6361618,66.62,5.624,357.6,-0.24,0.061,459526.582,9890224.536,-0.9931519,116.6362238
WB03-INV15,9,14,3,9890225.371,459535.126,-0.9931444,116.6363006,66.64,4.172,25.2,1.78,0.171,459542.028,9890224.536,-0.9931519,116.6363626
WB03-INV15,10,15,4,9890219.371,459504.234,-0.9931986,116.6360229,66.9,4.984,357.1,-0.25,0.111,459511.136,9890218.536,-0.9932062,116.636085
WB03-INV15,11,16,4,9890219.371,459519.68,-0.9931986,116.6361617,66.97,5.466,353.1,-0.66,0.08,459526.582,9890218.536,-0.9932062,116.6362238
WB03-INV15,12,17,4,9890219.273,459535.126,-0.9931995,116.6363006,67.13,5.423,33.4,2.99,0.157,459542.028,9890218.536,-0.9932062,116.6363626
WB03-INV15,13,24,6,9890211.825,459504.234,-0.9932669,116.6360229,67.24,3.344,290.8,-3.13,0.161,459511.136,9890210.989,-0.9932745,116.6360849
WB03-INV15,14,25,6,9890211.825,459519.68,-0.9932669,116.6361617,67.82,4.907,359.1,-0.08,0.085,459526.582,9890210.989,-0.9932745,116.6362238
WB03-INV15,15,18,4,9890211.825,459535.126,-0.9932669,116.6363006,67.64,4.575,23.0,1.79,0.122,459542.028,9890210.989,-0.9932745,116.6363626
WB03-INV15,16,26,6,9890205.825,459504.234,-0.9933212,116.6360229,67.28,5.469,301.7,-4.66,0.095,459511.136,9890204.989,-0.9933287,116.6360849
WB03-INV15,17,27,6,9890205.825,459519.68,-0.9933212,116.6361617,68.26,4.916,0.8,0.07,0.088,459526.582,9890204.989,-0.9933288,116.6362238
WB03-INV15,18,28,6,9890205.825,459535.126,-0.9933212,116.6363006,68.25,7.086,0.8,0.1,0.108,459542.028,9890204.989,-0.9933288,116.6363626
WB03-INV15,19,5,2,9890199.825,459504.234,-0.9933755,116.6360229,67.36,6.574,319.9,-4.25,0.076,459511.136,9890198.989,-0.993383,116.6360849
WB03-INV15,20,20,5,9890199.825,459519.68,-0.9933755,116.6361617,68.61,4.228,349.0,-0.81,0.092,459526.582,9890198.989,-0.993383,116.6362238
WB03-INV15,21,21,5,9890199.825,459535.126,-0.9933755,116.6363006,68.68,5.378,356.5,-0.33,0.088,459542.028,9890198.989,-0.9933831,116.6363626
WB03-INV15,22,6,2,9890193.825,459452.865,-0.9934297,116.6355612,70.2,4.486,58.5,3.83,0.046,459459.767,9890192.989,-0.9934373,116.6356232
WB03-INV15,23,7,2,9890193.825,459468.311,-0.9934297,116.6357,69.25,3.612,81.1,3.57,0.039,459475.213,9890192.989,-0.9934373,116.6357621
WB03-INV15,24,8,2,9890193.825,459483.757,-0.9934297,116.6358389,68.36,3.681,0.6,0.04,0.072,459490.659,9890192.989,-0.9934373,116.6359009
WB03-INV15,25,9,2,9890193.825,459504.234,-0.9934297,116.6360229,68.37,3.206,301.3,-2.74,0.126,459511.136,9890192.989,-0.9934373,116.6360849
WB03-INV15,26,22,5,9890193.825,459519.18,-0.9934298,116.6361572,68.91,3.053,318.4,-2.03,0.081,459526.582,9890192.989,-0.9934373,116.6362238
WB03-INV15,27,23,5,9890193.825,459535.126,-0.9934298,116.6363006,69.3,4.8,5.8,0.49,0.061,459542.028,9890192.989,-0.9934373,116.6363626
WB04-INV01,1,5,2,9890598.377,459757.614,-0.98977,116.6383006,78.84,13.6,151.6,6.56,0.044,459764.552,9890597.724,-0.9897759,116.638363
WB04-INV01,2,10,3,9890598.377,459773.06,-0.98977,116.6384395,77.05,15.3,164.0,4.31,0.179,459779.998,9890597.724,-0.9897759,116.6385018
WB04-INV01,3,1,1,9890598.377,459788.506,-0.98977,116.6385783,76.13,13.086,212.1,-7.04,0.069,459795.444,9890597.724,-0.9897759,116.6386407
WB04-INV01,4,2,1,9890598.377,459803.952,-0.98977,116.6387171,77.85,10.254,212.4,-5.54,0.06,459810.89,9890597.724,-0.9897759,116.6387795
WB04-INV01,5,3,1,9890598.377,459819.398,-0.98977,116.638856,79.27,5.298,70.6,5.0,0.106,459826.336,9890597.724,-0.9897759,116.6389183
WB04-INV01,6,6,2,9890591.077,459742.168,-0.989836,116.6381618,79.87,12.892,137.7,8.76,0.077,459749.106,9890590.424,-0.9898419,116.6382242
WB04-INV01,7,7,2,9890591.077,459757.614,-0.989836,116.6383006,77.4,12.113,145.3,6.97,0.047,459764.552,9890590.424,-0.9898419,116.638363
WB04-INV01,8,11,3,9890591.077,459773.06,-0.989836,116.6384395,75.42,11.401,154.9,4.89,0.2,459779.998,9890590.424,-0.9898419,116.6385018
WB04-INV01,9,4,1,9890591.077,459788.506,-0.989836,116.6385783,74.62,13.527,219.4,-8.68,0.054,459795.444,9890590.424,-0.989842,116.6386406
WB04-INV01,10,15,4,9890591.077,459803.952,-0.9898361,116.6387171,76.76,10.338,225.0,-7.35,0.058,459810.89,9890590.424,-0.989842,116.6387795
WB04-INV01,11,16,4,9890591.077,459819.398,-0.9898361,116.6388559,78.76,0.513,129.9,0.39,0.128,459826.336,9890590.424,-0.989842,116.6389183
WB04-INV01,12,8,2,9890584.077,459742.168,-0.9898993,116.6381618,78.52,9.905,119.1,8.68,0.05,459749.106,9890583.424,-0.9899052,116.6382242
WB04-INV01,13,9,2,9890584.077,459757.614,-0.9898993,116.6383006,76.28,14.054,140.9,8.97,0.074,459764.552,9890583.424,-0.9899053,116.638363
WB04-INV01,14,12,3,9890584.077,459773.06,-0.9898994,116.6384395,73.85,14.257,159.3,5.13,0.165,459779.998,9890583.424,-0.9899053,116.6385018
WB04-INV01,15,13,3,9890584.077,459788.506,-0.9898994,116.6385783,72.88,16.189,220.5,-10.68,0.097,459795.444,9890583.424,-0.9899053,116.6386406
WB04-INV01,16,18,4,9890584.077,459803.952,-0.9898994,116.6387171,75.62,11.73,235.5,-9.71,0.051,459810.89,9890583.424,-0.9899053,116.6387795
WB04-INV01,17,17,4,9890584.077,459819.398,-0.9898994,116.6388559,78.19,4.707,231.8,-3.7,0.108,459826.336,9890583.424,-0.9899053,116.6389183
WB04-INV01,18,24,6,9890576.477,459742.668,-0.9899681,116.6381663,77.55,10.923,127.7,8.68,0.057,459749.106,9890575.824,-0.989974,116.6382242
WB04-INV01,19,20,5,9890576.477,459758.114,-0.9899681,116.6383051,75.23,14.886,122.7,12.61,0.09,459764.552,9890575.824,-0.989974,116.638363
WB04-INV01,20,21,5,9890576.477,459773.56,-0.9899681,116.6384439,71.89,12.555,159.5,4.46,0.214,459779.998,9890575.824,-0.989974,116.6385018
WB04-INV01,21,19,5,9890576.477,459789.006,-0.9899681,116.6385828,71.22,15.185,236.5,-12.75,0.097,459795.444,9890575.824,-0.989974,116.6386406
WB04-INV01,22,22,5,9890576.477,459804.452,-0.9899681,116.6387216,74.58,13.197,236.3,-11.04,0.039,459810.89,9890575.824,-0.9899741,116.6387795
WB04-INV01,23,26,6,9890576.477,459819.898,-0.9899682,116.6388604,77.57,7.418,240.4,-6.46,0.097,459826.336,9890575.824,-0.9899741,116.6389183
WB04-INV01,24,25,6,9890569.777,459773.56,-0.9900287,116.6384439,70.71,6.803,152.6,3.14,0.18,459779.998,9890569.124,-0.9900346,116.6385018
WB04-INV01,25,27,6,9890569.777,459789.006,-0.9900287,116.6385828,70.11,15.146,239.2,-13.09,0.109,459795.444,9890569.124,-0.9900347,116.6386406
WB04-INV02,1,1,1,9890569.777,459742.668,-0.9900287,116.6381663,77.18,9.835,109.5,9.28,0.042,459749.106,9890569.124,-0.9900346,116.6382241
WB04-INV02,2,2,1,9890569.777,459758.114,-0.9900287,116.6383051,74.65,15.003,106.9,14.38,0.086,459764.552,9890569.124,-0.9900346,116.638363
WB04-INV02,3,3,1,9890563.277,459742.668,-0.9900875,116.6381663,76.62,10.27,118.9,9.01,0.049,459749.106,9890562.624,-0.9900934,116.6382241
WB04-INV02,4,4,1,9890563.277,459758.114,-0.9900875,116.6383051,74.11,14.18,101.9,13.89,0.11,459764.552,9890562.624,-0.9900934,116.638363
WB04-INV02,5,6,2,9890556.809,459727.222,-0.990146,116.6380274,77.87,8.662,115.3,7.84,0.093,459733.66,9890556.224,-0.9901513,116.6380853
WB04-INV02,6,5,2,9890556.877,459742.668,-0.9901454,116.6381663,76.01,10.535,123.0,8.86,0.053,459749.106,9890556.224,-0.9901513,116.6382241
WB04-INV02,7,10,3,9890556.877,459758.114,-0.9901454,116.6383051,73.6,12.677,107.4,12.11,0.074,459764.552,9890556.224,-0.9901513,116.638363
WB04-INV02,8,7,2,9890550.509,459727.222,-0.990203,116.6380274,77.9,9.35,94.6,9.32,0.113,459733.66,9890549.924,-0.9902083,116.6380853
WB04-INV02,9,8,2,9890550.577,459742.668,-0.9902024,116.6381663,75.65,11.674,124.1,9.71,0.102,459749.106,9890549.924,-0.9902083,116.6382241
WB04-INV02,10,11,3,9890550.577,459758.114,-0.9902024,116.6383051,72.87,12.904,120.0,11.22,0.054,459764.552,9890549.924,-0.9902083,116.638363
WB04-INV02,11,25,6,9890544.009,459727.222,-0.9902618,116.6380274,77.65,10.194,113.1,9.39,0.109,459733.66,9890543.424,-0.9902671,116.6380853
WB04-INV02,12,26,6,9890544.077,459742.668,-0.9902612,116.6381663,75.03,11.35,105.2,10.96,0.123,459749.106,9890543.424,-0.9902671,116.6382241
WB04-INV02,13,12,3,9890544.077,459758.114,-0.9902612,116.6383051,72.11,11.46,117.5,10.19,0.042,459764.552,9890543.424,-0.9902671,116.6383629
WB04-INV02,14,27,6,9890537.509,459727.222,-0.9903206,116.6380274,77.33,10.656,102.3,10.42,0.099,459733.66,9890536.924,-0.9903259,116.6380853
WB04-INV02,15,15,4,9890537.577,459742.668,-0.99032,116.6381663,74.63,12.382,112.1,11.5,0.068,459749.106,9890536.924,-0.9903259,116.6382241
WB04-INV02,16,13,3,9890537.577,459758.114,-0.99032,116.6383051,71.43,10.615,114.6,9.67,0.041,459764.552,9890536.924,-0.9903259,116.6383629
WB04-INV02,17,17,4,9890530.809,459727.222,-0.9903812,116.6380274,77.5,12.832,93.1,12.81,0.071,459733.66,9890530.224,-0.9903865,116.6380853
WB04-INV02,18,24,6,9890530.809,459742.668,-0.9903812,116.6381662,74.08,10.956,96.9,10.88,0.066,459749.106,9890530.224,-0.9903865,116.6382241
WB04-INV02,19,20,5,9890523.977,459711.776,-0.990443,116.6378886,77.93,2.022,150.8,0.99,0.085,459718.214,9890523.324,-0.9904489,116.6379464
WB04-INV02,20,16,4,9890523.977,459727.222,-0.990443,116.6380274,77.33,11.816,92.6,11.8,0.077,459733.66,9890523.324,-0.990449,116.6380853
WB04-INV02,21,18,4,9890523.977,459742.668,-0.9904431,116.6381662,74.26,11.668,83.2,11.59,0.075,459749.106,9890523.324,-0.990449,116.6382241
WB04-INV02,22,19,5,9890517.277,459696.33,-0.9905036,116.6377498,77.28,7.139,198.2,-2.24,0.091,459702.768,9890516.624,-0.9905095,116.6378076
WB04-INV02,23,21,5,9890517.277,459711.776,-0.9905036,116.6378886,77.72,2.387,154.5,1.03,0.061,459718.214,9890516.624,-0.9905096,116.6379464
WB04-INV02,24,22,5,9890517.277,459727.222,-0.9905037,116.6380274,77.26,10.698,94.5,10.67,0.084,459733.66,9890516.624,-0.9905096,116.6380853
WB04-INV03,1,2,1,9890510.677,459665.438,-0.9905633,116.6374721,76.68,16.084,156.2,6.64,0.097,459671.876,9890510.024,-0.9905692,116.63753
WB04-INV03,2,4,1,9890510.677,459680.884,-0.9905633,116.6376109,75.17,19.608,181.4,-0.5,0.147,459687.322,9890510.024,-0.9905692,116.6376688
WB04-INV03,3,15,4,9890510.677,459696.33,-0.9905633,116.6377497,75.61,13.115,219.7,-8.46,0.121,459702.768,9890510.024,-0.9905692,116.6378076
WB04-INV03,4,6,2,9890510.677,459711.776,-0.9905633,116.6378886,77.4,3.452,155.6,1.43,0.09,459718.214,9890510.024,-0.9905693,116.6379464
WB04-INV03,5,10,3,9890510.677,459727.222,-0.9905634,116.6380274,76.85,10.868,104.4,10.53,0.057,459733.66,9890510.024,-0.9905693,116.6380853
WB04-INV03,6,11,3,9890510.677,459742.668,-0.9905634,116.6381662,73.95,11.523,98.1,11.41,0.058,459749.106,9890510.024,-0.9905693,116.6382241
WB04-INV03,7,1,1,9890503.477,459680.884,-0.9906285,116.6376109,72.68,14.762,187.3,-1.92,0.249,459687.322,9890502.824,-0.9906344,116.6376688
WB04-INV03,8,17,4,9890503.477,459696.33,-0.9906285,116.6377497,73.8,15.691,225.3,-11.29,0.083,459702.768,9890502.824,-0.9906344,116.6378076
WB04-INV03,9,8,2,9890503.477,459711.776,-0.9906285,116.6378886,76.78,5.14,178.3,0.15,0.136,459718.214,9890502.824,-0.9906344,116.6379464
WB04-INV03,10,12,3,9890503.477,459727.222,-0.9906285,116.6380274,76.41,9.108,109.2,8.61,0.042,459733.66,9890502.824,-0.9906344,116.6380853
WB04-INV03,11,13,3,9890503.477,459742.668,-0.9906285,116.6381662,73.9,12.501,90.6,12.5,0.069,459749.106,9890502.824,-0.9906344,116.6382241
WB04-INV03,12,3,1,9890496.477,459680.884,-0.9906918,116.6376109,70.96,6.981,200.7,-2.48,0.176,459687.322,9890495.824,-0.9906977,116.6376688
WB04-INV03,13,16,4,9890496.477,459696.33,-0.9906918,116.6377497,72.31,15.372,235.3,-12.74,0.101,459702.768,9890495.824,-0.9906977,116.6378076
WB04-INV03,14,18,4,9890496.477,459711.776,-0.9906918,116.6378886,75.84,6.201,192.9,-1.39,0.18,459718.214,9890495.824,-0.9906977,116.6379464
WB04-INV03,15,7,2,9890496.477,459727.222,-0.9906918,116.6380274,75.89,8.841,116.8,7.9,0.033,459733.66,9890495.824,-0.9906977,116.6380852
WB04-INV03,16,9,2,9890496.477,459742.668,-0.9906918,116.6381662,73.72,13.038,103.9,12.67,0.074,459749.106,9890495.824,-0.9906978,116.6382241
WB04-INV03,17,19,5,9890489.509,459696.33,-0.9907548,116.6377497,71.46,13.015,255.0,-12.59,0.067,459702.768,9890488.924,-0.9907601,116.6378076
WB04-INV03,18,20,5,9890489.509,459711.776,-0.9907549,116.6378886,74.89,6.025,204.6,-2.52,0.178,459718.214,9890488.924,-0.9907602,116.6379464
WB04-INV03,19,21,5,9890489.509,459727.222,-0.9907549,116.6380274,75.35,10.986,128.9,8.59,0.054,459733.66,9890488.924,-0.9907602,116.6380852
WB04-INV03,20,24,6,9890489.509,459742.668,-0.9907549,116.6381662,73.08,13.779,122.4,11.7,0.064,459749.106,9890488.924,-0.9907602,116.6382241
WB04-INV03,21,25,6,9890482.677,459696.33,-0.9908167,116.6377497,71.2,12.334,279.2,-12.18,0.101,459702.768,9890482.024,-0.9908226,116.6378076
WB04-INV03,22,26,6,9890482.677,459711.776,-0.9908167,116.6378885,74.35,3.592,229.0,-2.71,0.174,459718.214,9890482.024,-0.9908226,116.6379464
WB04-INV03,23,22,5,9890482.677,459727.222,-0.9908167,116.6380274,74.7,10.637,110.3,9.99,0.049,459733.66,9890482.024,-0.9908226,116.6380852
WB04-INV03,24,27,6,9890482.677,459742.668,-0.9908167,116.6381662,71.99,8.884,99.4,8.77,0.074,459749.106,9890482.024,-0.9908226,116.6382241
WB04-INV04,1,1,1,9890475.977,459696.33,-0.9908773,116.6377497,71.18,13.537,272.4,-13.53,0.144,459702.768,9890475.324,-0.9908832,116.6378076
WB04-INV04,2,2,1,9890475.977,459711.776,-0.9908773,116.6378885,74.58,1.575,302.4,-1.33,0.118,459718.214,9890475.324,-0.9908832,116.6379464
WB04-INV04,3,10,3,9890475.977,459727.222,-0.9908773,116.6380274,74.6,9.355,71.5,8.88,0.051,459733.66,9890475.324,-0.9908832,116.6380852
WB04-INV04,4,11,3,9890475.977,459742.668,-0.9908773,116.6381662,72.4,10.686,81.4,10.57,0.064,459749.106,9890475.324,-0.9908832,116.6382241
WB04-INV04,5,3,1,9890469.277,459696.33,-0.9909379,116.6377497,71.22,14.395,262.5,-14.28,0.118,459702.768,9890468.624,-0.9909438,116.6378076
WB04-INV04,6,4,1,9890469.277,459711.776,-0.9909379,116.6378885,74.78,0.938,253.4,-0.9,0.074,459718.214,9890468.624,-0.9909438,116.6379464
WB04-INV04,7,12,3,9890469.277,459727.222,-0.9909379,116.6380274,74.91,9.314,85.0,9.28,0.049,459733.66,9890468.624,-0.9909438,116.6380852
WB04-INV04,8,13,3,9890469.277,459742.668,-0.9909379,116.6381662,72.38,11.924,94.1,11.89,0.063,459749.106,9890468.624,-0.9909438,116.638224
WB04-INV04,9,5,2,9890462.677,459696.33,-0.9909976,116.6377497,70.94,14.737,258.4,-14.45,0.064,459702.768,9890462.024,-0.9910035,116.6378076
WB04-INV04,10,6,2,9890462.677,459711.776,-0.9909976,116.6378885,74.78,1.112,271.4,-1.11,0.075,459718.214,9890462.024,-0.9910035,116.6379464
WB04-INV04,11,15,4,9890462.677,459727.222,-0.9909976,116.6380274,74.91,9.204,79.8,9.06,0.1,459733.66,9890462.024,-0.9910035,116.6380852
WB04-INV04,12,16,4,9890462.677,459742.668,-0.9909976,116.6381662,72.46,12.82,93.5,12.8,0.038,459749.106,9890462.024,-0.9910036,116.638224
WB04-INV04,13,7,2,9890455.077,459696.33,-0.9910664,116.6377497,70.75,14.42,259.4,-14.18,0.077,459702.768,9890454.424,-0.9910723,116.6378076
WB04-INV04,14,8,2,9890455.077,459711.776,-0.9910664,116.6378885,74.55,1.995,282.8,-1.95,0.109,459718.214,9890454.424,-0.9910723,116.6379464
WB04-INV04,15,,,9890455.077,459727.222,-0.9910664,116.6380273,75.05,9.98,91.1,9.98,0.192,459733.66,9890454.424,-0.9910723,116.6380852
WB04-INV04,16,18,4,9890455.077,459742.668,-0.9910664,116.6381662,72.3,13.143,94.7,13.1,0.066,459749.106,9890454.424,-0.9910723,116.638224
WB04-INV04,17,17,4,9890448.277,459696.33,-0.9911279,116.6377497,70.37,14.153,264.4,-14.09,0.075,459702.768,9890447.624,-0.9911338,116.6378075
WB04-INV04,18,20,5,9890448.277,459711.776,-0.9911279,116.6378885,74.56,3.054,273.2,-3.05,0.157,459718.214,9890447.624,-0.9911338,116.6379464
WB04-INV04,19,24,6,9890448.277,459727.222,-0.9911279,116.6380273,75.21,10.88,83.1,10.8,0.191,459733.66,9890447.624,-0.9911338,116.6380852
WB04-INV04,20,25,6,9890448.277,459742.668,-0.9911279,116.6381662,72.22,12.413,88.1,12.41,0.044,459749.106,9890447.624,-0.9911338,116.638224
WB04-INV04,21,21,5,9890441.877,459696.33,-0.9911858,116.6377497,70.08,14.656,262.3,-14.53,0.062,459702.768,9890441.224,-0.9911917,116.6378075
WB04-INV04,22,22,5,9890441.877,459711.776,-0.9911858,116.6378885,74.2,4.758,268.2,-4.76,0.17,459718.214,9890441.224,-0.9911917,116.6379464
WB04-INV04,23,26,6,9890441.877,459727.222,-0.9911858,116.6380273,75.31,9.93,77.5,9.7,0.183,459733.66,9890441.224,-0.9911917,116.6380852
WB04-INV04,24,27,6,9890441.877,459742.668,-0.9911858,116.6381662,72.45,13.867,71.9,13.21,0.05,459749.106,9890441.224,-0.9911917,116.638224
WB04-INV05,1,1,1,9890435.577,459696.33,-0.9912428,116.6377497,69.76,16.327,251.1,-15.49,0.05,459702.768,9890434.924,-0.9912487,116.6378075
WB04-INV05,2,2,1,9890435.577,459711.776,-0.9912428,116.6378885,74.03,6.052,271.6,-6.05,0.231,459718.214,9890434.924,-0.9912487,116.6379464
WB04-INV05,3,11,3,9890435.577,459727.222,-0.9912428,116.6380273,75.37,8.903,72.2,8.48,0.187,459733.66,9890434.924,-0.9912487,116.6380852
WB04-INV05,4,10,3,9890435.577,459742.668,-0.9912428,116.6381662,72.92,14.011,70.4,13.23,0.113,459749.106,9890434.924,-0.9912487,116.638224
WB04-INV05,5,3,1,9890428.877,459696.33,-0.9913034,116.6377497,69.26,15.118,251.4,-14.36,0.127,459702.768,9890428.224,-0.9913093,116.6378075
WB04-INV05,6,4,1,9890428.877,459711.776,-0.9913034,116.6378885,73.54,9.678,256.8,-9.43,0.267,459718.214,9890428.224,-0.9913093,116.6379464
WB04-INV05,7,12,3,9890428.877,459727.222,-0.9913034,116.6380273,75.65,8.123,80.2,8.01,0.174,459733.66,9890428.224,-0.9913093,116.6380852
WB04-INV05,8,13,3,9890428.877,459742.668,-0.9913034,116.6381661,73.21,12.394,76.3,12.05,0.105,459749.106,9890428.224,-0.9913093,116.638224
WB04-INV05,9,6,2,9890422.277,459696.33,-0.9913631,116.6377497,68.99,11.985,263.4,-11.91,0.075,459702.768,9890421.524,-0.9913699,116.6378075
WB04-INV05,10,7,2,9890422.277,459711.776,-0.9913631,116.6378885,72.64,14.428,256.1,-14.02,0.283,459718.214,9890421.524,-0.9913699,116.6379463
WB04-INV05,11,21,5,9890422.277,459727.222,-0.9913631,116.6380273,75.7,8.189,73.9,7.87,0.175,459733.66,9890421.524,-0.9913699,116.6380852
WB04-INV05,12,22,5,9890422.277,459742.668,-0.9913631,116.6381661,73.56,11.488,68.2,10.69,0.083,459749.106,9890421.524,-0.99137,116.638224
WB04-INV05,13,8,2,9890414.677,459696.33,-0.9914319,116.6377497,69.03,11.084,268.3,-11.08,0.084,459702.768,9890414.624,-0.9914323,116.6378075
WB04-INV05,14,9,2,9890414.677,459711.776,-0.9914319,116.6378885,72.4,15.049,268.5,-15.04,0.17,459718.214,9890414.624,-0.9914324,116.6379463
WB04-INV05,15,19,5,9890414.677,459727.222,-0.9914319,116.6380273,75.74,6.585,80.4,6.49,0.193,459733.66,9890414.624,-0.9914324,116.6380852
WB04-INV05,16,20,5,9890414.677,459742.668,-0.9914319,116.6381661,73.89,10.304,81.7,10.2,0.083,459749.106,9890414.624,-0.9914324,116.638224
WB04-INV05,17,24,6,9890407.877,459696.33,-0.9914934,116.6377496,69.06,10.866,258.8,-10.66,0.113,459702.768,9890407.824,-0.9914939,116.6378075
WB04-INV05,18,25,6,9890407.877,459711.776,-0.9914934,116.6378885,72.38,15.273,270.8,-15.27,0.164,459718.214,9890407.824,-0.9914939,116.6379463
WB04-INV05,19,15,4,9890407.877,459727.222,-0.9914934,116.6380273,75.85,7.097,99.8,6.99,0.211,459733.66,9890407.824,-0.9914939,116.6380852
WB04-INV05,20,17,4,9890407.877,459742.668,-0.9914934,116.6381661,73.84,8.889,69.2,8.32,0.057,459749.106,9890407.824,-0.9914939,116.638224
WB04-INV05,21,26,6,9890401.477,459696.33,-0.9915513,116.6377496,68.83,10.415,260.6,-10.28,0.115,459702.768,9890401.324,-0.9915527,116.6378075
WB04-INV05,22,27,6,9890401.477,459711.776,-0.9915513,116.6378885,72.11,15.763,263.1,-15.65,0.165,459718.214,9890401.324,-0.9915527,116.6379463
WB04-INV05,23,16,4,9890401.477,459727.222,-0.9915513,116.6380273,75.82,6.542,80.6,6.45,0.16,459733.66,9890401.324,-0.9915527,116.6380852
WB04-INV05,24,18,4,9890401.477,459742.668,-0.9915513,116.6381661,74.14,8.08,74.8,7.8,0.08,459749.106,9890401.324,-0.9915527,116.638224
WB04-INV05,25,23,5,9890401.477,459758.114,-0.9915513,116.6383049,71.77,14.98,83.6,14.89,0.075,459764.552,9890401.324,-0.9915527,116.6383628
WB04-INV06,1,1,1,9890394.077,459696.33,-0.9916182,116.6377496,68.71,11.202,271.0,-11.2,0.111,459702.768,9890393.924,-0.9916196,116.6378075
WB04-INV06,2,2,1,9890394.077,459711.776,-0.9916182,116.6378885,72.28,14.011,274.2,-13.97,0.219,459718.214,9890393.924,-0.9916196,116.6379463
WB04-INV06,3,10,3,9890394.077,459727.222,-0.9916183,116.6380273,75.54,4.369,124.8,3.59,0.127,459733.66,9890393.924,-0.9916196,116.6380851
WB04-INV06,4,5,2,9890394.077,459742.668,-0.9916183,116.6381661,74.43,10.166,91.1,10.16,0.079,459749.106,9890393.924,-0.9916197,116.638224
WB04-INV06,5,6,2,9890394.077,459758.114,-0.9916183,116.6383049,71.54,12.195,93.0,12.18,0.069,459764.552,9890393.924,-0.9916197,116.6383628
WB04-INV06,6,4,1,9890387.077,459696.33,-0.9916816,116.6377496,68.69,12.044,271.9,-12.04,0.131,459702.768,9890386.924,-0.9916829,116.6378075
WB04-INV06,7,3,1,9890387.077,459711.776,-0.9916816,116.6378885,72.34,12.259,258.1,-12.0,0.249,459718.214,9890386.924,-0.991683,116.6379463
WB04-INV06,8,7,2,9890387.077,459727.222,-0.9916816,116.6380273,75.25,5.81,140.5,3.7,0.105,459733.66,9890386.924,-0.991683,116.6380851
WB04-INV06,9,8,2,9890387.077,459742.668,-0.9916816,116.6381661,74.17,13.617,124.5,11.29,0.108,459749.106,9890386.924,-0.991683,116.638224
WB04-INV06,10,11,3,9890387.077,459758.114,-0.9916816,116.6383049,71.24,11.547,109.9,10.87,0.068,459764.552,9890386.924,-0.991683,116.6383628
WB04-INV06,11,15,4,9890380.377,459696.33,-0.9917422,116.6377496,68.87,10.637,257.4,-10.39,0.165,459702.768,9890380.224,-0.9917436,116.6378075
WB04-INV06,12,16,4,9890380.377,459711.776,-0.9917422,116.6378884,72.09,13.1,229.4,-10.02,0.199,459718.214,9890380.224,-0.9917436,116.6379463
WB04-INV06,13,12,3,9890380.377,459727.222,-0.9917422,116.6380273,74.59,10.08,151.4,4.86,0.113,459733.66,9890380.224,-0.9917436,116.6380851
WB04-INV06,14,13,3,9890380.377,459742.668,-0.9917422,116.6381661,73.07,16.961,137.6,11.62,0.062,459749.106,9890380.224,-0.9917436,116.638224
WB04-INV06,15,17,4,9890373.377,459696.33,-0.9918055,116.6377496,68.39,10.908,250.1,-10.27,0.082,459702.768,9890373.224,-0.9918069,116.6378075
WB04-INV06,16,18,4,9890373.377,459711.776,-0.9918055,116.6378884,71.22,11.178,228.5,-8.42,0.084,459718.214,9890373.224,-0.9918069,116.6379463
WB04-INV06,17,24,6,9890373.377,459727.222,-0.9918055,116.6380273,73.29,16.906,153.3,7.78,0.163,459733.66,9890373.224,-0.9918069,116.6380851
WB04-INV06,18,25,6,9890373.377,459742.668,-0.9918055,116.6381661,71.36,19.379,145.5,11.27,0.071,459749.106,9890373.224,-0.9918069,116.638224
WB04-INV06,19,19,5,9890366.277,459711.776,-0.9918698,116.6378884,70.73,9.619,204.6,-4.04,0.201,459718.214,9890366.124,-0.9918711,116.6379463
WB04-INV06,20,20,5,9890366.277,459727.222,-0.9918698,116.6380273,71.38,17.545,149.3,9.17,0.118,459733.66,9890366.124,-0.9918712,116.6380851
WB04-INV06,21,26,6,9890366.277,459742.668,-0.9918698,116.6381661,68.87,18.846,153.1,8.78,0.104,459749.106,9890366.124,-0.9918712,116.6382239
WB04-INV06,22,21,5,9890359.477,459711.776,-0.9919313,116.6378884,69.98,15.688,171.3,2.43,0.122,459718.214,9890359.324,-0.9919327,116.6379463
WB04-INV06,23,22,5,9890359.477,459727.222,-0.9919313,116.6380273,69.33,17.002,162.9,5.14,0.125,459733.66,9890359.324,-0.9919327,116.6380851
WB04-INV06,24,27,6,9890351.777,459711.776,-0.9920009,116.6378884,67.79,18.931,167.5,4.25,0.08,459718.214,9890351.624,-0.9920023,116.6379463
WB04-INV07,1,1,1,9890598.485,459834.844,-0.9897691,116.6389948,77.57,9.835,65.9,8.99,0.075,459841.782,9890597.724,-0.989776,116.6390571
WB04-INV07,2,2,1,9890598.485,459850.29,-0.9897691,116.6391336,75.08,11.71,48.6,8.84,0.041,459857.228,9890597.724,-0.989776,116.639196
WB04-INV07,3,3,1,9890591.185,459835.344,-0.9898351,116.6389993,78.13,11.161,45.3,7.98,0.054,459841.782,9890590.424,-0.989842,116.6390571
WB04-INV07,4,4,1,9890591.185,459850.79,-0.9898351,116.6391381,75.91,10.765,67.4,9.96,0.082,459857.228,9890590.424,-0.989842,116.639196
WB04-INV07,5,5,2,9890591.185,459865.762,-0.9898351,116.6392727,73.29,14.195,62.8,12.68,0.048,459872.674,9890590.424,-0.989842,116.6393348
WB04-INV07,6,10,3,9890584.185,459834.844,-0.9898984,116.6389948,78.87,9.141,58.1,7.78,0.079,459841.782,9890583.424,-0.9899053,116.6390571
WB04-INV07,7,7,2,9890584.185,459850.29,-0.9898985,116.6391336,76.72,11.155,69.3,10.45,0.068,459857.228,9890583.424,-0.9899053,116.639196
WB04-INV07,8,6,2,9890584.185,459865.736,-0.9898985,116.6392724,73.89,12.721,64.3,11.5,0.053,459872.674,9890583.424,-0.9899054,116.6393348
WB04-INV07,9,14,3,9890576.585,459834.844,-0.9899672,116.6389948,78.99,6.687,95.0,6.66,0.107,459841.782,9890575.824,-0.9899741,116.6390571
WB04-INV07,10,8,2,9890576.585,459850.29,-0.9899672,116.6391336,77.15,10.352,61.0,9.08,0.053,459857.228,9890575.824,-0.9899741,116.6391959
WB04-INV07,11,25,6,9890576.585,459865.736,-0.9899672,116.6392724,74.57,12.02,56.8,10.1,0.042,459872.674,9890575.824,-0.9899741,116.6393348
WB04-INV07,12,11,3,9890569.885,459803.952,-0.9900278,116.6387171,73.56,13.141,245.3,-11.98,0.07,459810.89,9890569.124,-0.9900347,116.6387795
WB04-INV07,13,12,3,9890569.885,459819.398,-0.9900278,116.6388559,76.79,9.126,247.9,-8.47,0.114,459826.336,9890569.124,-0.9900347,116.6389183
WB04-INV07,14,13,3,9890569.885,459835.344,-0.9900278,116.6389992,78.8,4.873,67.6,4.51,0.1,459841.782,9890569.124,-0.9900347,116.6390571
WB04-INV07,15,18,4,9890569.885,459850.79,-0.9900278,116.6391381,77.4,8.664,66.3,7.94,0.082,459857.228,9890569.124,-0.9900347,116.6391959
WB04-INV07,16,20,5,9890569.885,459865.736,-0.9900278,116.6392724,75.31,11.222,68.4,10.45,0.054,459872.674,9890569.124,-0.9900347,116.6393348
WB04-INV07,17,21,5,9890569.885,459881.182,-0.9900279,116.6394112,72.38,14.95,69.8,14.07,0.071,459888.12,9890569.124,-0.9900347,116.6394736
WB04-INV07,18,15,4,9890563.385,459803.952,-0.9900866,116.6387171,73.09,12.234,269.3,-12.23,0.043,459810.89,9890562.624,-0.9900935,116.6387794
WB04-INV07,19,17,4,9890563.385,459819.398,-0.9900866,116.6388559,76.37,9.819,264.3,-9.77,0.089,459826.336,9890562.624,-0.9900935,116.6389183
WB04-INV07,20,26,6,9890563.385,459834.844,-0.9900866,116.6389947,78.74,3.819,107.7,3.64,0.082,459841.782,9890562.624,-0.9900935,116.6390571
WB04-INV07,21,19,5,9890563.385,459850.29,-0.9900866,116.6391336,77.61,7.137,79.9,7.03,0.055,459857.228,9890562.624,-0.9900935,116.6391959
WB04-INV07,22,22,5,9890563.385,459865.736,-0.9900866,116.6392724,75.65,10.953,74.7,10.57,0.074,459872.674,9890562.624,-0.9900935,116.6393348
WB04-INV07,23,27,6,9890563.385,459881.182,-0.9900867,116.6394112,72.76,13.485,72.3,12.87,0.114,459888.12,9890562.624,-0.9900936,116.6394736
WB04-INV07,24,16,4,9890556.985,459803.952,-0.9901445,116.6387171,73.01,12.528,267.7,-12.52,0.04,459810.89,9890556.224,-0.9901514,116.6387794
WB04-INV07,25,24,6,9890556.985,459819.398,-0.9901445,116.6388559,76.39,9.232,260.9,-9.12,0.08,459826.336,9890556.224,-0.9901514,116.6389183
WB04-INV08,1,10,3,9890556.985,459834.844,-0.9901445,116.6389947,78.55,4.366,130.4,3.33,0.049,459841.782,9890556.224,-0.9901514,116.6390571
WB04-INV08,2,2,1,9890556.985,459850.29,-0.9901445,116.6391336,77.6,6.337,100.8,6.23,0.055,459857.228,9890556.224,-0.9901514,116.6391959
WB04-INV08,3,6,2,9890556.985,459865.736,-0.9901445,116.6392724,75.88,9.878,87.3,9.87,0.038,459872.674,9890556.224,-0.9901514,116.6393348
WB04-INV08,4,7,2,9890556.985,459881.182,-0.9901446,116.6394112,73.13,13.481,86.2,13.45,0.114,459888.12,9890556.224,-0.9901515,116.6394736
WB04-INV08,5,3,1,9890550.685,459788.506,-0.9902015,116.6385783,69.44,13.248,267.4,-13.23,0.055,459795.444,9890549.924,-0.9902084,116.6386406
WB04-INV08,6,1,1,9890550.685,459803.952,-0.9902015,116.6387171,72.99,12.336,268.8,-12.33,0.037,459810.89,9890549.924,-0.9902084,116.6387794
WB04-INV08,7,11,3,9890550.685,459819.398,-0.9902015,116.6388559,76.45,8.115,258.3,-7.95,0.074,459826.336,9890549.924,-0.9902084,116.6389183
WB04-INV08,8,12,3,9890550.685,459834.844,-0.9902015,116.6389947,78.36,5.834,125.7,4.74,0.073,459841.782,9890549.924,-0.9902084,116.6390571
WB04-INV08,9,8,2,9890550.685,459850.29,-0.9902015,116.6391336,77.12,7.502,134.1,5.4,0.054,459857.228,9890549.924,-0.9902084,116.6391959
WB04-INV08,10,15,4,9890550.685,459865.736,-0.9902015,116.6392724,75.65,8.601,99.8,8.48,0.056,459872.674,9890549.924,-0.9902084,116.6393347
WB04-INV08,11,16,4,9890550.685,459881.182,-0.9902016,116.6394112,73.28,14.388,93.9,14.36,0.122,459888.12,9890549.924,-0.9902085,116.6394736
WB04-INV08,12,9,2,9890544.185,459788.506,-0.9902603,116.6385782,69.21,14.212,268.4,-14.21,0.064,459795.444,9890543.424,-0.9902672,116.6386406
WB04-INV08,13,4,1,9890544.185,459803.952,-0.9902603,116.6387171,73.03,11.764,264.9,-11.72,0.07,459810.89,9890543.424,-0.9902672,116.6387794
WB04-INV08,14,13,3,9890544.185,459819.398,-0.9902603,116.6388559,76.28,6.971,255.3,-6.74,0.111,459826.336,9890543.424,-0.9902672,116.6389183
WB04-INV08,15,14,3,9890544.185,459834.844,-0.9902603,116.6389947,77.96,5.347,121.4,4.57,0.115,459841.782,9890543.424,-0.9902672,116.6390571
WB04-INV08,16,18,4,9890544.185,459850.29,-0.9902603,116.6391336,76.53,10.065,147.7,5.42,0.105,459857.228,9890543.424,-0.9902672,116.6391959
WB04-INV08,17,17,4,9890544.185,459865.736,-0.9902604,116.6392724,75.09,8.119,128.9,6.34,0.099,459872.674,9890543.424,-0.9902672,116.6393347
WB04-INV08,18,19,5,9890544.185,459881.182,-0.9902604,116.6394112,73.12,15.144,104.0,14.71,0.079,459888.12,9890543.424,-0.9902673,116.6394736
WB04-INV08,19,25,6,9890537.685,459788.506,-0.9903191,116.6385782,69.19,14.293,272.6,-14.28,0.051,459795.444,9890536.924,-0.990326,116.6386406
WB04-INV08,20,24,6,9890537.685,459803.952,-0.9903191,116.6387171,73.09,10.887,265.1,-10.85,0.063,459810.89,9890536.924,-0.990326,116.6387794
WB04-INV08,21,27,6,9890537.685,459819.398,-0.9903191,116.6388559,76.0,7.81,235.6,-6.46,0.104,459826.336,9890536.924,-0.990326,116.6389183
WB04-INV08,22,28,6,9890537.685,459834.844,-0.9903191,116.6389947,77.54,7.392,139.4,4.83,0.086,459841.782,9890536.924,-0.990326,116.6390571
WB04-INV08,23,20,5,9890537.685,459850.29,-0.9903191,116.6391336,76.05,10.218,118.2,9.03,0.083,459857.228,9890536.924,-0.990326,116.6391959
WB04-INV08,24,21,5,9890537.685,459865.736,-0.9903192,116.6392724,73.92,11.381,159.5,4.03,0.089,459872.674,9890536.924,-0.990326,116.6393347
WB04-INV08,25,22,5,9890537.685,459881.182,-0.9903192,116.6394112,72.67,14.196,109.5,13.41,0.09,459888.12,9890536.924,-0.9903261,116.6394736
WB04-INV09,1,2,1,9890530.985,459788.506,-0.9903797,116.6385782,69.23,14.569,262.6,-14.45,0.055,459795.444,9890530.224,-0.9903866,116.6386406
WB04-INV09,2,4,1,9890530.985,459803.952,-0.9903797,116.6387171,73.01,9.684,258.3,-9.49,0.041,459810.89,9890530.224,-0.9903866,116.6387794
WB04-INV09,3,11,3,9890530.985,459819.398,-0.9903797,116.6388559,75.6,6.516,245.2,-5.92,0.181,459826.336,9890530.224,-0.9903866,116.6389182
WB04-INV09,4,12,3,9890530.985,459834.844,-0.9903797,116.6389947,76.93,8.609,139.2,5.65,0.072,459841.782,9890530.224,-0.9903866,116.6390571
WB04-INV09,5,10,3,9890530.985,459850.29,-0.9903798,116.6391335,75.54,10.323,119.8,8.98,0.043,459857.228,9890530.224,-0.9903866,116.6391959
WB04-INV09,6,6,2,9890530.985,459865.736,-0.9903798,116.6392724,73.02,9.733,146.5,5.41,0.091,459872.674,9890530.224,-0.9903867,116.6393347
WB04-INV09,7,7,2,9890530.985,459881.182,-0.9903798,116.6394112,71.61,12.745,123.1,10.73,0.109,459888.12,9890530.224,-0.9903867,116.6394736
WB04-INV09,8,1,1,9890524.085,459788.506,-0.9904421,116.6385782,69.28,13.537,277.8,-13.42,0.056,459795.444,9890523.324,-0.990449,116.6386406
WB04-INV09,9,3,1,9890524.085,459803.952,-0.9904421,116.6387171,72.87,10.103,276.6,-10.04,0.042,459810.89,9890523.324,-0.990449,116.6387794
WB04-INV09,10,13,3,9890524.085,459819.398,-0.9904422,116.6388559,75.53,4.056,268.8,-4.06,0.184,459826.336,9890523.324,-0.990449,116.6389182
WB04-INV09,11,14,3,9890524.085,459834.844,-0.9904422,116.6389947,76.51,9.1,121.6,7.77,0.088,459841.782,9890523.324,-0.9904491,116.6390571
WB04-INV09,12,8,2,9890524.085,459850.29,-0.9904422,116.6391335,74.56,9.239,129.5,7.15,0.093,459857.228,9890523.324,-0.9904491,116.6391959
WB04-INV09,13,9,2,9890524.085,459865.736,-0.9904422,116.6392724,72.36,10.355,132.9,7.62,0.071,459872.674,9890523.324,-0.9904491,116.6393347
WB04-INV09,14,18,4,9890517.385,459788.506,-0.9905027,116.6385782,69.32,13.155,274.0,-13.12,0.089,459795.444,9890516.624,-0.9905096,116.6386406
WB04-INV09,15,16,4,9890517.385,459803.952,-0.9905028,116.638717,72.88,10.361,259.3,-10.18,0.045,459810.89,9890516.624,-0.9905096,116.6387794
WB04-INV09,16,24,6,9890517.385,459819.398,-0.9905028,116.6388559,75.61,4.627,218.5,-2.88,0.139,459826.336,9890516.624,-0.9905097,116.6389182
WB04-INV09,17,19,5,9890517.385,459834.844,-0.9905028,116.6389947,76.26,9.931,113.1,9.15,0.071,459841.782,9890516.624,-0.9905097,116.6390571
WB04-INV09,18,25,6,9890517.385,459850.29,-0.9905028,116.6391335,73.79,7.809,122.2,6.62,0.076,459857.228,9890516.624,-0.9905097,116.6391959
WB04-INV09,19,15,4,9890517.385,459865.736,-0.9905028,116.6392724,71.81,12.764,128.5,10.05,0.105,459872.674,9890516.624,-0.9905097,116.6393347
WB04-INV09,20,17,4,9890510.785,459788.506,-0.9905624,116.6385782,69.45,12.182,272.9,-12.17,0.113,459795.444,9890510.024,-0.9905693,116.6386406
WB04-INV09,21,20,5,9890510.785,459803.952,-0.9905625,116.638717,72.65,9.455,273.8,-9.43,0.053,459810.89,9890510.024,-0.9905694,116.6387794
WB04-INV09,22,21,5,9890510.785,459819.398,-0.9905625,116.6388559,75.29,3.861,210.8,-1.98,0.14,459826.336,9890510.024,-0.9905694,116.6389182
WB04-INV09,23,22,5,9890510.785,459834.844,-0.9905625,116.6389947,75.58,10.364,115.6,9.37,0.121,459841.782,9890510.024,-0.9905694,116.6390571
WB04-INV09,24,27,6,9890510.785,459850.29,-0.9905625,116.6391335,73.09,11.662,136.7,8.06,0.063,459857.228,9890510.024,-0.9905694,116.6391959
WB04-INV09,25,26,6,9890510.785,459865.736,-0.9905625,116.6392724,70.88,13.306,127.9,10.57,0.058,459872.674,9890510.024,-0.9905694,116.6393347
WB04-INV10,1,2,1,9890503.585,459788.506,-0.9906276,116.6385782,69.69,13.886,283.5,-13.52,0.121,459795.444,9890502.824,-0.9906345,116.6386406
WB04-INV10,2,5,2,9890503.585,459803.952,-0.9906276,116.638717,73.3,9.121,304.0,-7.58,0.058,459810.89,9890502.824,-0.9906345,116.6387794
WB04-INV10,3,12,3,9890503.585,459819.398,-0.9906276,116.6388559,75.33,2.289,152.3,1.06,0.122,459826.336,9890502.824,-0.9906345,116.6389182
WB04-INV10,4,13,3,9890503.585,459834.844,-0.9906276,116.6389947,75.06,10.822,121.3,9.28,0.077,459841.782,9890502.824,-0.9906345,116.639057
WB04-INV10,5,3,1,9890503.585,459850.29,-0.9906276,116.6391335,72.5,11.467,121.2,9.84,0.045,459857.228,9890502.824,-0.9906345,116.6391959
WB04-INV10,6,1,1,9890496.585,459788.506,-0.9906909,116.6385782,70.12,13.676,277.4,-13.57,0.113,459795.444,9890495.824,-0.9906978,116.6386406
WB04-INV10,7,6,2,9890496.585,459803.952,-0.9906909,116.638717,73.63,6.455,257.1,-6.29,0.06,459810.89,9890495.824,-0.9906978,116.6387794
WB04-INV10,8,14,3,9890496.585,459819.398,-0.9906909,116.6388559,75.19,6.955,147.0,3.8,0.112,459826.336,9890495.824,-0.9906978,116.6389182
WB04-INV10,9,11,3,9890496.585,459834.844,-0.990691,116.6389947,74.2,11.031,133.6,8.04,0.063,459841.782,9890495.824,-0.9906979,116.639057
WB04-INV10,10,24,6,9890496.585,459850.29,-0.990691,116.6391335,71.88,12.68,118.4,11.2,0.035,459857.228,9890495.824,-0.9906979,116.6391959
WB04-INV10,11,4,1,9890489.685,459788.506,-0.9907533,116.6385782,70.16,13.256,263.9,-13.18,0.119,459795.444,9890488.924,-0.9907602,116.6386405
WB04-INV10,12,7,2,9890489.685,459803.952,-0.9907534,116.638717,73.54,4.869,268.8,-4.87,0.106,459810.89,9890488.924,-0.9907602,116.6387794
WB04-INV10,13,8,2,9890489.685,459819.398,-0.9907534,116.6388558,74.7,9.706,139.4,6.35,0.093,459826.336,9890488.924,-0.9907603,116.6389182
WB04-INV10,14,10,3,9890489.685,459834.844,-0.9907534,116.6389947,73.04,12.029,140.8,7.67,0.063,459841.782,9890488.924,-0.9907603,116.639057
WB04-INV10,15,19,5,9890489.685,459850.29,-0.9907534,116.6391335,70.94,13.85,132.1,10.37,0.054,459857.228,9890488.924,-0.9907603,116.6391959
WB04-INV10,16,15,4,9890482.785,459788.506,-0.9908158,116.6385782,69.92,14.162,270.4,-14.16,0.102,459795.444,9890482.024,-0.9908227,116.6386405
WB04-INV10,17,17,4,9890482.785,459803.952,-0.9908158,116.638717,73.66,3.365,218.5,-2.1,0.24,459810.89,9890482.024,-0.9908227,116.6387794
WB04-INV10,18,20,5,9890482.785,459819.398,-0.9908158,116.6388558,74.04,11.992,135.3,8.5,0.059,459826.336,9890482.024,-0.9908227,116.6389182
WB04-INV10,19,22,5,9890482.785,459834.844,-0.9908158,116.6389947,71.74,10.675,137.9,7.2,0.108,459841.782,9890482.024,-0.9908227,116.639057
WB04-INV10,20,21,5,9890482.785,459850.29,-0.9908158,116.6391335,69.69,10.641,126.5,8.59,0.101,459857.228,9890482.024,-0.9908227,116.6391959
WB04-INV10,21,16,4,9890476.085,459788.506,-0.9908764,116.6385782,69.66,14.489,263.7,-14.41,0.124,459795.444,9890475.324,-0.9908833,116.6386405
WB04-INV10,22,18,4,9890476.085,459803.952,-0.9908764,116.638717,73.51,4.861,168.8,0.95,0.238,459810.89,9890475.324,-0.9908833,116.6387794
WB04-INV10,23,25,6,9890476.085,459819.398,-0.9908764,116.6388558,73.13,9.402,126.6,7.57,0.038,459826.336,9890475.324,-0.9908833,116.6389182
WB04-INV10,24,26,6,9890476.085,459834.844,-0.9908764,116.6389947,71.11,12.028,135.4,8.51,0.06,459841.782,9890475.324,-0.9908833,116.639057
WB04-INV10,25,27,6,9890469.385,459834.844,-0.990937,116.6389947,70.22,11.575,133.1,8.51,0.074,459841.782,9890468.624,-0.9909439,116.639057
WB04-INV11,1,1,1,9890469.385,459788.506,-0.990937,116.6385782,69.61,13.097,257.8,-12.81,0.171,459795.444,9890468.624,-0.9909439,116.6386405
WB04-INV11,2,7,2,9890469.385,459803.952,-0.990937,116.638717,73.09,5.716,161.1,1.86,0.161,459810.89,9890468.624,-0.9909439,116.6387794
WB04-INV11,3,5,2,9890469.385,459819.398,-0.990937,116.6388558,72.56,10.959,128.4,8.63,0.062,459826.336,9890468.624,-0.9909439,116.6389182
WB04-INV11,4,2,1,9890462.785,459788.506,-0.9909967,116.6385782,69.24,13.163,247.7,-12.21,0.124,459795.444,9890462.024,-0.9910036,116.6386405
WB04-INV11,5,3,1,9890462.785,459803.952,-0.9909967,116.638717,72.54,5.303,151.5,2.54,0.169,459810.89,9890462.024,-0.9910036,116.6387793
WB04-INV11,6,4,1,9890462.785,459819.398,-0.9909967,116.6388558,71.83,9.854,120.4,8.52,0.04,459826.336,9890462.024,-0.9910036,116.6389182
WB04-INV11,7,6,2,9890462.785,459834.844,-0.9909968,116.6389947,69.49,9.18,121.2,7.87,0.059,459841.782,9890462.024,-0.9910036,116.639057
WB04-INV11,8,8,2,9890455.185,459788.506,-0.9910655,116.6385782,69.48,9.781,283.9,-9.5,0.09,459795.444,9890454.424,-0.9910724,116.6386405
WB04-INV11,9,10,3,9890455.185,459803.952,-0.9910655,116.638717,72.07,7.194,143.1,4.33,0.131,459810.89,9890454.424,-0.9910724,116.6387793
WB04-INV11,10,11,3,9890455.185,459819.398,-0.9910655,116.6388558,71.03,9.78,125.8,7.96,0.039,459826.336,9890454.424,-0.9910724,116.6389182
WB04-INV11,11,13,3,9890455.185,459834.844,-0.9910655,116.6389946,68.79,7.876,116.7,7.05,0.042,459841.782,9890454.424,-0.9910724,116.639057
WB04-INV11,12,21,5,9890448.385,459788.506,-0.991127,116.6385782,70.16,6.287,276.7,-6.24,0.125,459795.444,9890447.624,-0.9911339,116.6386405
WB04-INV11,13,22,5,9890448.385,459803.952,-0.991127,116.638717,71.83,7.279,129.2,5.65,0.075,459810.89,9890447.624,-0.9911339,116.6387793
WB04-INV11,14,12,3,9890448.385,459819.398,-0.991127,116.6388558,70.33,9.122,123.2,7.65,0.042,459826.336,9890447.624,-0.9911339,116.6389182
WB04-INV11,15,19,5,9890441.985,459788.506,-0.9911849,116.6385781,70.08,6.629,242.8,-5.9,0.148,459795.444,9890441.224,-0.9911918,116.6386405
WB04-INV11,16,24,6,9890441.985,459803.952,-0.9911849,116.638717,71.41,6.076,114.3,5.54,0.083,459810.89,9890441.224,-0.9911918,116.6387793
WB04-INV11,17,20,5,9890441.985,459819.398,-0.9911849,116.6388558,69.95,8.264,105.0,7.99,0.056,459826.336,9890441.224,-0.9911918,116.6389182
WB04-INV11,18,28,6,9890435.685,459788.506,-0.9912419,116.6385781,69.57,8.269,235.8,-6.85,0.147,459795.444,9890434.924,-0.9912488,116.6386405
WB04-INV11,19,17,4,9890435.685,459803.952,-0.9912419,116.638717,71.14,4.997,107.7,4.76,0.087,459810.89,9890434.924,-0.9912488,116.6387793
WB04-INV11,20,15,4,9890435.685,459819.398,-0.9912419,116.6388558,69.79,9.677,109.6,9.13,0.031,459826.336,9890434.924,-0.9912488,116.6389182
WB04-INV11,21,26,6,9890428.985,459788.506,-0.9913025,116.6385781,68.92,10.678,218.7,-6.72,0.124,459795.444,9890428.224,-0.9913094,116.6386405
WB04-INV11,22,25,6,9890428.985,459803.952,-0.9913025,116.638717,70.48,7.861,155.0,3.34,0.124,459810.89,9890428.224,-0.9913094,116.6387793
WB04-INV11,23,23,5,9890422.285,459788.506,-0.9913631,116.6385781,67.83,12.312,209.7,-6.17,0.09,459795.444,9890421.524,-0.99137,116.6386405
WB04-INV11,24,16,4,9890422.285,459803.952,-0.9913631,116.638717,69.22,11.459,170.1,2.0,0.129,459810.89,9890421.524,-0.99137,116.6387793
WB04-INV11,25,18,4,9890415.385,459789.598,-0.9914255,116.6385879,67.09,9.723,200.7,-3.47,0.106,459796.536,9890414.624,-0.9914324,116.6386503
WB04-INV12,1,1,1,9890600.774,459952.747,-0.9897485,116.6400545,68.53,7.872,300.3,-6.81,0.102,459959.685,9890600.013,-0.9897554,116.6401168
WB04-INV12,2,2,1,9890594.345,459952.747,-0.9898066,116.6400545,68.83,8.592,290.2,-8.07,0.098,459959.685,9890593.584,-0.9898135,116.6401168
WB04-INV12,3,3,1,9890587.916,459952.747,-0.9898648,116.6400545,68.92,8.503,270.9,-8.5,0.103,459959.685,9890587.155,-0.9898717,116.6401168
WB04-INV12,4,4,1,9890581.616,459952.733,-0.9899218,116.6400543,68.92,9.119,285.4,-8.8,0.05,459959.671,9890580.855,-0.9899287,116.6401167
WB04-INV12,5,5,2,9890575.616,459952.733,-0.9899761,116.6400543,69.27,6.455,278.3,-6.39,0.205,459959.671,9890574.855,-0.989983,116.6401167
WB04-INV12,6,6,2,9890569.616,459952.733,-0.9900304,116.6400543,69.98,6.707,334.4,-2.91,0.183,459959.671,9890568.855,-0.9900372,116.6401167
WB04-INV12,7,7,2,9890563.616,459937.287,-0.9900846,116.6399155,68.75,9.016,308.8,-7.05,0.043,459944.225,9890562.855,-0.9900915,116.6399779
WB04-INV12,8,8,2,9890563.616,459952.733,-0.9900846,116.6400543,70.62,11.057,329.5,-5.66,0.125,459959.671,9890562.855,-0.9900915,116.6401167
WB04-INV12,9,13,3,9890557.616,459937.287,-0.9901389,116.6399155,69.27,11.849,315.0,-8.44,0.057,459944.225,9890556.855,-0.9901458,116.6399778
WB04-INV12,10,10,3,9890557.616,459952.733,-0.9901389,116.6400543,71.54,12.077,326.7,-6.7,0.089,459959.671,9890556.855,-0.9901458,116.6401167
WB04-INV12,11,11,3,9890551.616,459937.287,-0.9901932,116.6399155,69.95,13.724,309.7,-10.64,0.063,459944.225,9890550.855,-0.9902001,116.6399778
WB04-INV12,12,12,3,9890551.616,459952.733,-0.9901932,116.6400543,72.73,12.05,329.4,-6.2,0.111,459959.671,9890550.855,-0.9902001,116.6401167
WB04-INV12,13,16,4,9890545.616,459921.841,-0.9902475,116.6397767,68.14,10.135,292.7,-9.36,0.088,459928.779,9890544.855,-0.9902543,116.639839
WB04-INV12,14,18,4,9890545.616,459937.287,-0.9902475,116.6399155,70.68,15.091,309.6,-11.74,0.041,459944.225,9890544.855,-0.9902544,116.6399778
WB04-INV12,15,15,4,9890545.616,459952.733,-0.9902475,116.6400543,73.73,11.139,327.6,-6.02,0.049,459959.671,9890544.855,-0.9902544,116.6401167
WB04-INV12,16,17,4,9890539.016,459921.841,-0.9903072,116.6397766,68.38,12.191,289.5,-11.51,0.11,459928.779,9890538.255,-0.9903141,116.639839
WB04-INV12,17,24,6,9890539.016,459937.287,-0.9903072,116.6399155,71.58,16.379,307.3,-13.16,0.197,459944.225,9890538.255,-0.9903141,116.6399778
WB04-INV12,18,25,6,9890539.016,459952.733,-0.9903072,116.6400543,74.86,10.162,319.4,-6.65,0.051,459959.671,9890538.255,-0.9903141,116.6401167
WB04-INV12,19,19,5,9890532.616,459921.841,-0.9903651,116.6397766,68.68,13.155,289.3,-12.44,0.07,459928.779,9890531.855,-0.990372,116.639839
WB04-INV12,20,26,6,9890532.616,459937.287,-0.9903651,116.6399155,72.25,12.968,284.1,-12.59,0.198,459944.225,9890531.855,-0.990372,116.6399778
WB04-INV12,21,27,6,9890532.616,459952.733,-0.9903651,116.6400543,75.62,7.419,303.2,-6.22,0.041,459959.671,9890531.855,-0.990372,116.6401166
WB04-INV12,22,20,5,9890526.616,459921.841,-0.9904194,116.6397766,69.02,13.097,280.9,-12.87,0.099,459928.779,9890525.855,-0.9904262,116.639839
WB04-INV12,23,22,5,9890526.616,459937.287,-0.9904194,116.6399155,72.81,11.001,265.8,-10.97,0.12,459944.225,9890525.855,-0.9904263,116.6399778
WB04-INV12,24,21,5,9890526.616,459952.733,-0.9904194,116.6400543,75.77,7.252,268.6,-7.25,0.083,459959.671,9890525.855,-0.9904263,116.6401166
WB04-INV13,1,4,1,9890520.616,459921.841,-0.9904736,116.6397766,69.38,12.145,279.0,-12.0,0.081,459928.779,9890519.855,-0.9904805,116.639839
WB04-INV13,2,2,1,9890520.616,459936.787,-0.9904736,116.639911,72.65,10.239,258.9,-10.05,0.075,459944.225,9890519.855,-0.9904805,116.6399778
WB04-INV13,3,6,2,9890520.616,459952.733,-0.9904737,116.6400543,75.54,9.042,276.2,-8.99,0.06,459959.671,9890519.855,-0.9904806,116.6401166
WB04-INV13,4,10,3,9890514.616,459906.395,-0.9905279,116.6396378,67.6,6.73,280.1,-6.63,0.145,459913.333,9890513.855,-0.9905348,116.6397001
WB04-INV13,5,1,1,9890514.616,459921.841,-0.9905279,116.6397766,69.53,11.418,273.4,-11.4,0.065,459928.779,9890513.855,-0.9905348,116.639839
WB04-INV13,6,3,1,9890514.616,459936.787,-0.9905279,116.639911,72.75,9.736,269.1,-9.73,0.045,459944.225,9890513.855,-0.9905348,116.6399778
WB04-INV13,7,7,2,9890514.616,459952.733,-0.9905279,116.6400543,75.52,9.43,268.5,-9.43,0.057,459959.671,9890513.855,-0.9905348,116.6401166
WB04-INV13,8,14,3,9890508.616,459906.395,-0.9905822,116.6396378,67.76,6.234,282.9,-6.08,0.129,459913.333,9890507.855,-0.9905891,116.6397001
WB04-INV13,9,13,3,9890508.616,459921.841,-0.9905822,116.6397766,69.6,10.656,273.3,-10.64,0.134,459928.779,9890507.855,-0.9905891,116.639839
WB04-INV13,10,12,3,9890508.616,459936.787,-0.9905822,116.6399109,72.56,9.892,268.8,-9.89,0.055,459944.225,9890507.855,-0.9905891,116.6399778
WB04-INV13,11,8,2,9890508.616,459952.733,-0.9905822,116.6400543,75.32,8.828,251.9,-8.4,0.078,459959.671,9890507.855,-0.9905891,116.6401166
WB04-INV13,12,26,6,9890502.516,459906.395,-0.9906374,116.6396378,67.86,8.942,297.2,-7.97,0.175,459913.333,9890501.755,-0.9906443,116.6397001
WB04-INV13,13,27,6,9890502.516,459921.841,-0.9906374,116.6397766,70.11,10.761,275.7,-10.71,0.158,459928.779,9890501.755,-0.9906443,116.639839
WB04-INV13,14,28,6,9890502.516,459936.787,-0.9906374,116.6399109,72.69,10.176,282.2,-9.95,0.047,459944.225,9890501.755,-0.9906443,116.6399778
WB04-INV13,15,9,2,9890502.516,459952.733,-0.9906374,116.6400543,75.41,6.952,278.2,-6.88,0.055,459959.671,9890501.755,-0.9906443,116.6401166
WB04-INV13,16,18,4,9890496.516,459906.395,-0.9906917,116.6396378,68.3,10.429,316.7,-7.19,0.122,459913.333,9890495.755,-0.9906985,116.6397001
WB04-INV13,17,24,6,9890496.516,459921.341,-0.9906917,116.6397721,70.04,10.877,289.7,-10.25,0.097,459928.779,9890495.755,-0.9906986,116.639839
WB04-INV13,18,25,6,9890496.516,459937.287,-0.9906917,116.6399154,72.86,10.549,277.0,-10.47,0.033,459944.225,9890495.755,-0.9906986,116.6399778
WB04-INV13,19,16,4,9890490.516,459906.395,-0.9907459,116.6396378,69.23,7.392,316.5,-5.1,0.079,459913.333,9890489.755,-0.9907528,116.6397001
WB04-INV13,20,15,4,9890490.516,459921.341,-0.990746,116.6397721,70.73,11.526,311.3,-8.71,0.139,459928.779,9890489.755,-0.9907528,116.639839
WB04-INV13,21,17,4,9890490.516,459937.287,-0.990746,116.6399154,73.01,10.421,275.9,-10.37,0.033,459944.225,9890489.755,-0.9907529,116.6399778
WB04-INV13,22,20,5,9890484.516,459890.949,-0.9908002,116.6394989,67.76,9.687,305.0,-7.96,0.036,459897.887,9890483.755,-0.9908071,116.6395613
WB04-INV13,23,19,5,9890484.516,459906.395,-0.9908002,116.6396378,69.76,9.059,313.0,-6.65,0.081,459913.333,9890483.755,-0.9908071,116.6397001
WB04-INV13,24,21,5,9890484.516,459921.341,-0.9908002,116.6397721,71.5,10.937,316.7,-7.55,0.073,459928.779,9890483.755,-0.9908071,116.6398389
WB04-INV13,25,22,5,9890484.516,459937.287,-0.9908003,116.6399154,73.71,10.82,306.1,-8.78,0.068,459944.225,9890483.755,-0.9908071,116.6399778
WB04-INV14,1,2,1,9890478.516,459890.949,-0.9908545,116.6394989,68.38,8.954,309.7,-6.91,0.081,459897.887,9890477.755,-0.9908614,116.6395613
WB04-INV14,2,3,1,9890478.516,459905.895,-0.9908545,116.6396333,70.17,10.483,313.6,-7.63,0.122,459913.333,9890477.755,-0.9908614,116.6397001
WB04-INV14,3,1,1,9890478.516,459921.841,-0.9908545,116.6397766,72.54,9.993,322.5,-6.12,0.055,459928.779,9890477.755,-0.9908614,116.6398389
WB04-INV14,4,12,3,9890472.516,459890.949,-0.9909088,116.6394989,69.08,9.11,311.2,-6.88,0.074,459897.887,9890471.755,-0.9909157,116.6395613
WB04-INV14,5,10,3,9890472.516,459905.895,-0.9909088,116.6396333,71.05,10.273,306.7,-8.27,0.166,459913.333,9890471.755,-0.9909157,116.6397001
WB04-INV14,6,4,1,9890472.516,459921.841,-0.9909088,116.6397766,73.47,9.538,317.5,-6.48,0.05,459928.779,9890471.755,-0.9909157,116.6398389
WB04-INV14,7,11,3,9890466.516,459890.949,-0.9909631,116.6394989,69.95,9.065,305.6,-7.39,0.08,459897.887,9890465.755,-0.9909699,116.6395613
WB04-INV14,8,13,3,9890466.516,459905.895,-0.9909631,116.6396333,71.61,11.314,307.0,-9.08,0.117,459913.333,9890465.755,-0.99097,116.6397001
WB04-INV14,9,5,2,9890460.516,459875.503,-0.9910173,116.6393601,67.71,12.316,310.7,-9.4,0.05,459882.441,9890459.755,-0.9910242,116.6394224
WB04-INV14,10,7,2,9890460.516,459890.449,-0.9910173,116.6394944,70.06,11.499,317.6,-7.81,0.052,459897.887,9890459.755,-0.9910242,116.6395613
WB04-INV14,11,6,2,9890460.516,459906.395,-0.9910174,116.6396377,72.35,11.437,308.8,-8.96,0.08,459913.333,9890459.755,-0.9910242,116.6397001
WB04-INV14,12,8,2,9890454.516,459875.503,-0.9910716,116.6393601,68.6,12.329,313.6,-8.99,0.043,459882.441,9890453.755,-0.9910785,116.6394224
WB04-INV14,13,26,6,9890454.516,459890.449,-0.9910716,116.6394944,70.99,12.422,321.6,-7.79,0.055,459897.887,9890453.755,-0.9910785,116.6395613
WB04-INV14,14,25,6,9890454.516,459906.395,-0.9910716,116.6396377,73.32,10.861,318.3,-7.27,0.058,459913.333,9890453.755,-0.9910785,116.6397001
WB04-INV14,15,21,5,9890469.698,459953.744,-0.9909343,116.6400633,76.06,2.982,172.3,0.4,0.182,459960.682,9890468.937,-0.9909412,116.6401257
WB04-INV14,16,22,5,9890463.198,459953.744,-0.9909931,116.6400633,76.25,11.264,146.6,6.26,0.112,459960.682,9890462.437,-0.991,116.6401257
WB04-INV14,17,23,5,9890456.698,459953.744,-0.9910519,116.6400633,75.19,11.807,152.0,5.6,0.05,459960.682,9890455.937,-0.9910588,116.6401257
WB04-INV14,18,19,5,9890450.098,459938.298,-0.9911116,116.6399245,75.31,12.567,152.7,5.84,0.069,459945.236,9890449.337,-0.9911185,116.6399868
WB04-INV14,19,20,5,9890450.098,459953.744,-0.9911117,116.6400633,73.89,15.896,155.5,6.74,0.055,459960.682,9890449.337,-0.9911185,116.6401257
WB04-INV14,20,15,4,9890442.998,459938.298,-0.9911759,116.6399245,74.15,14.447,148.7,7.62,0.069,459945.236,9890442.237,-0.9911828,116.6399868
WB04-INV14,21,16,4,9890442.998,459953.744,-0.9911759,116.6400633,72.26,16.255,150.6,8.15,0.068,459960.682,9890442.237,-0.9911828,116.6401256
WB04-INV14,22,24,6,9890435.498,459922.852,-0.9912437,116.6397856,75.02,11.048,129.2,8.6,0.112,459929.79,9890434.737,-0.9912506,116.639848
WB04-INV14,23,17,4,9890435.498,459938.298,-0.9912437,116.6399245,72.73,13.716,141.6,8.62,0.136,459945.236,9890434.737,-0.9912506,116.6399868
WB04-INV14,24,18,4,9890435.498,459953.744,-0.9912437,116.6400633,70.57,13.721,145.4,7.89,0.131,459960.682,9890434.737,-0.9912506,116.6401256
WB04-INV14,25,27,6,9890428.098,459922.852,-0.9913107,116.6397856,74.44,15.084,127.4,12.09,0.058,459929.79,9890427.337,-0.9913175,116.639848
WB04-INV14,26,28,6,9890428.098,459938.298,-0.9913107,116.6399245,71.25,12.04,139.2,7.93,0.089,459945.236,9890427.337,-0.9913176,116.6399868
WB04-INV15,1,1,1,9890448.516,459875.503,-0.9911259,116.6393601,69.47,13.689,309.8,-10.6,0.097,459882.441,9890447.755,-0.9911328,116.6394224
WB04-INV15,2,2,1,9890448.516,459890.449,-0.9911259,116.6394944,72.13,11.608,322.3,-7.16,0.036,459897.887,9890447.755,-0.9911328,116.6395613
WB04-INV15,3,3,1,9890442.516,459875.503,-0.9911802,116.6393601,70.5,12.08,304.7,-9.98,0.081,459882.441,9890441.755,-0.9911871,116.6394224
WB04-INV15,4,4,1,9890442.516,459890.449,-0.9911802,116.6394944,73.03,10.445,316.9,-7.18,0.054,459897.887,9890441.755,-0.9911871,116.6395613
WB04-INV15,5,5,2,9890436.516,459860.057,-0.9912344,116.6392212,68.29,13.607,305.1,-11.2,0.069,459866.995,9890435.755,-0.9912413,116.6392836
WB04-INV15,6,10,3,9890436.516,459875.003,-0.9912344,116.6393556,71.09,12.664,305.7,-10.34,0.052,459882.441,9890435.755,-0.9912413,116.6394224
WB04-INV15,7,11,3,9890436.516,459890.949,-0.9912345,116.6394989,73.85,5.596,300.5,-4.83,0.144,459897.887,9890435.755,-0.9912414,116.6395612
WB04-INV15,8,,,9890430.516,459860.057,-0.9912887,116.6392212,69.26,12.181,308.1,-9.64,0.096,459866.995,9890429.755,-0.9912956,116.6392836
WB04-INV15,9,12,3,9890430.516,459875.003,-0.9912887,116.6393556,71.8,12.609,307.6,-10.05,0.082,459882.441,9890429.755,-0.9912956,116.6394224
WB04-INV15,10,7,2,9890424.516,459860.057,-0.991343,116.6392212,70.13,12.111,305.2,-9.95,0.074,459866.995,9890423.755,-0.9913499,116.6392836
WB04-INV15,11,13,3,9890424.516,459875.003,-0.991343,116.6393556,72.85,9.088,307.4,-7.24,0.092,459882.441,9890423.755,-0.9913499,116.6394224
WB04-INV15,12,8,2,9890418.516,459860.057,-0.9913973,116.6392212,70.89,13.037,299.2,-11.43,0.071,459866.995,9890417.755,-0.9914042,116.6392836
WB04-INV15,13,28,6,9890412.516,459844.611,-0.9914516,116.6390824,67.6,15.995,293.7,-14.71,0.121,459851.549,9890411.755,-0.9914584,116.6391447
WB04-INV15,14,27,6,9890412.516,459860.057,-0.9914516,116.6392212,71.29,13.932,294.2,-12.75,0.055,459866.995,9890411.755,-0.9914585,116.6392836
WB04-INV15,15,24,6,9890406.516,459844.611,-0.9915058,116.6390824,68.14,14.246,289.1,-13.49,0.079,459851.549,9890405.755,-0.9915127,116.6391447
WB04-INV15,16,26,6,9890406.516,459860.057,-0.9915058,116.6392212,71.74,13.168,293.4,-12.12,0.084,459866.995,9890405.755,-0.9915127,116.6392836
WB04-INV15,17,15,4,9890400.516,459844.111,-0.9915601,116.6390779,68.75,12.83,292.4,-11.89,0.096,459851.549,9890399.755,-0.991567,116.6391447
WB04-INV15,18,25,6,9890400.516,459859.557,-0.9915601,116.6392167,72.09,11.636,276.0,-11.57,0.132,459866.995,9890399.755,-0.991567,116.6392836
WB04-INV15,19,16,4,9890394.516,459829.165,-0.9916144,116.6389435,67.22,11.443,316.1,-7.99,0.089,459836.103,9890393.755,-0.9916213,116.6390059
WB04-INV15,20,18,4,9890394.516,459844.111,-0.9916144,116.6390779,69.35,11.089,298.5,-9.77,0.086,459851.549,9890393.755,-0.9916213,116.6391447
WB04-INV15,21,17,4,9890387.816,459829.165,-0.991675,116.6389435,68.14,13.082,317.6,-8.91,0.035,459836.103,9890387.055,-0.9916819,116.6390059
WB04-INV15,22,19,5,9890387.816,459844.111,-0.991675,116.6390779,70.44,10.957,316.7,-7.56,0.061,459851.549,9890387.055,-0.9916819,116.6391447
WB04-INV15,23,20,5,9890381.816,459813.219,-0.9917293,116.6388002,66.84,9.432,305.1,-7.74,0.05,459820.657,9890381.055,-0.9917362,116.6388671
WB04-INV15,24,21,5,9890381.816,459828.665,-0.9917293,116.638939,68.92,12.802,314.4,-9.22,0.051,459836.103,9890381.055,-0.9917362,116.6390059
WB04-INV15,25,22,5,9890381.816,459844.111,-0.9917293,116.6390779,71.37,12.265,322.0,-7.62,0.071,459851.549,9890381.055,-0.9917362,116.6391447
WB04-INV16,1,1,1,9890374.916,459798.273,-0.9917917,116.6386659,66.34,4.541,305.2,-3.71,0.061,459805.211,9890374.155,-0.9917986,116.6387282
WB04-INV16,2,2,1,9890374.916,459813.719,-0.9917917,116.6388047,67.29,11.47,301.9,-9.77,0.059,459820.657,9890374.155,-0.9917986,116.638867
WB04-INV16,3,3,1,9890374.916,459829.165,-0.9917917,116.6389435,69.88,12.176,306.9,-9.79,0.039,459836.103,9890374.155,-0.9917986,116.6390059
WB04-INV16,4,10,3,9890368.916,459798.273,-0.991846,116.6386659,66.67,6.197,317.3,-4.21,0.107,459805.211,9890368.155,-0.9918528,116.6387282
WB04-INV16,5,4,1,9890368.916,459813.719,-0.991846,116.6388047,67.89,11.502,298.0,-10.19,0.037,459820.657,9890368.155,-0.9918529,116.638867
WB04-INV16,6,11,3,9890362.916,459782.827,-0.9919002,116.638527,66.67,4.723,332.0,-2.22,0.09,459789.765,9890362.155,-0.9919071,116.6385894
WB04-INV16,7,12,3,9890362.916,459798.273,-0.9919002,116.6386659,67.15,6.772,313.9,-4.89,0.098,459805.211,9890362.155,-0.9919071,116.6387282
WB04-INV16,8,13,3,9890362.916,459813.719,-0.9919003,116.6388047,68.58,9.068,282.2,-8.87,0.059,459820.657,9890362.155,-0.9919071,116.638867
WB04-INV16,9,5,2,9890356.916,459782.827,-0.9919545,116.638527,67.03,2.024,309.4,-1.56,0.066,459789.765,9890356.155,-0.9919614,116.6385894
WB04-INV16,10,15,4,9890356.916,459798.273,-0.9919545,116.6386659,67.43,4.577,256.3,-4.45,0.072,459805.211,9890356.155,-0.9919614,116.6387282
WB04-INV16,11,16,4,9890356.916,459813.719,-0.9919545,116.6388047,68.76,8.088,258.4,-7.92,0.038,459820.657,9890356.155,-0.9919614,116.638867
WB04-INV16,12,6,2,9890350.916,459782.827,-0.9920088,116.638527,67.15,0.717,277.7,-0.71,0.027,459789.765,9890350.155,-0.9920157,116.6385894
WB04-INV16,13,17,4,9890350.916,459798.273,-0.9920088,116.6386658,67.35,4.342,250.1,-4.08,0.081,459805.211,9890350.155,-0.9920157,116.6387282
WB04-INV16,14,18,4,9890350.916,459813.719,-0.9920088,116.6388047,68.56,8.18,257.2,-7.98,0.039,459820.657,9890350.155,-0.9920157,116.638867
WB04-INV16,15,7,2,9890344.416,459767.381,-0.9920676,116.6383882,66.66,1.239,309.3,-0.96,0.044,459774.319,9890343.655,-0.9920745,116.6384505
WB04-INV16,16,8,2,9890344.416,459782.827,-0.9920676,116.638527,66.98,1.543,192.0,-0.32,0.031,459789.765,9890343.655,-0.9920745,116.6385894
WB04-INV16,17,24,6,9890344.416,459798.273,-0.9920676,116.6386658,67.17,4.204,235.4,-3.46,0.059,459805.211,9890343.655,-0.9920745,116.6387282
WB04-INV16,18,25,6,9890338.416,459767.381,-0.9921219,116.6383882,66.93,0.739,34.8,0.42,0.043,459774.319,9890337.655,-0.9921288,116.6384505
WB04-INV16,19,26,6,9890338.416,459782.827,-0.9921219,116.638527,66.91,3.575,165.4,0.9,0.055,459789.765,9890337.655,-0.9921288,116.6385894
WB04-INV16,20,27,6,9890338.416,459798.273,-0.9921219,116.6386658,66.77,4.98,229.6,-3.8,0.031,459805.211,9890337.655,-0.9921288,116.6387282
WB04-INV16,21,19,5,9890332.216,459751.935,-0.9921779,116.6382493,66.62,1.289,230.4,-0.99,0.056,459758.873,9890331.455,-0.9921848,116.6383117
WB04-INV16,22,20,5,9890332.216,459767.381,-0.992178,116.6383882,66.83,1.887,168.3,0.38,0.035,459774.319,9890331.455,-0.9921848,116.6384505
WB04-INV16,23,21,5,9890332.216,459782.827,-0.992178,116.638527,66.69,1.281,161.9,0.4,0.053,459789.765,9890331.455,-0.9921849,116.6385894
WB04-INV16,24,22,5,9890332.216,459798.273,-0.992178,116.6386658,66.58,4.394,205.4,-1.89,0.063,459805.211,9890331.455,-0.9921849,116.6387282
WB04-INV17,1,6,2,9890420.898,459907.406,-0.9913758,116.6396468,74.76,9.067,140.4,5.81,0.155,459914.344,9890420.137,-0.9913827,116.6397091
WB04-INV17,2,7,2,9890420.898,459922.352,-0.9913758,116.6397811,73.31,16.478,131.6,12.47,0.081,459929.79,9890420.137,-0.9913827,116.639848
WB04-INV17,3,1,1,9890420.898,459938.298,-0.9913758,116.6399244,69.86,11.035,142.0,6.85,0.059,459945.236,9890420.137,-0.9913827,116.6399868
WB04-INV17,4,2,1,9890413.798,459907.406,-0.99144,116.6396468,74.17,12.62,138.7,8.41,0.075,459914.344,9890413.037,-0.9914469,116.6397091
WB04-INV17,5,3,1,9890413.798,459922.352,-0.99144,116.6397811,71.91,16.185,133.3,11.93,0.066,459929.79,9890413.037,-0.9914469,116.639848
WB04-INV17,6,10,3,9890406.698,459907.406,-0.9915043,116.6396468,73.12,13.053,133.3,9.58,0.083,459914.344,9890405.937,-0.9915111,116.6397091
WB04-INV17,7,4,1,9890406.698,459922.352,-0.9915043,116.6397811,70.51,12.562,128.0,9.96,0.087,459929.79,9890405.937,-0.9915112,116.639848
WB04-INV17,8,11,3,9890399.898,459891.96,-0.9915658,116.6395079,74.37,10.093,129.6,7.81,0.078,459898.898,9890399.137,-0.9915726,116.6395703
WB04-INV17,9,12,3,9890399.898,459906.906,-0.9915658,116.6396423,72.26,13.491,131.2,10.23,0.051,459914.344,9890399.137,-0.9915727,116.6397091
WB04-INV17,10,13,3,9890393.098,459891.96,-0.9916273,116.6395079,73.53,11.021,133.3,8.07,0.063,459898.898,9890392.337,-0.9916342,116.6395703
WB04-INV17,11,14,3,9890393.098,459906.906,-0.9916273,116.6396423,71.19,13.745,131.6,10.37,0.034,459914.344,9890392.337,-0.9916342,116.6397091
WB04-INV17,12,8,2,9890386.498,459891.46,-0.991687,116.6395034,72.76,12.646,130.4,9.7,0.073,459898.898,9890385.737,-0.9916939,116.6395703
WB04-INV17,13,9,2,9890379.698,459876.514,-0.9917485,116.6393691,74.51,10.637,118.8,9.35,0.05,459883.452,9890378.937,-0.9917554,116.6394314
WB04-INV17,14,5,2,9890379.698,459891.46,-0.9917485,116.6395034,72.02,13.826,124.3,11.49,0.044,459898.898,9890378.937,-0.9917554,116.6395703
WB04-INV17,15,25,6,9890373.198,459876.514,-0.9918073,116.6393691,73.71,11.182,129.2,8.71,0.03,459883.452,9890372.437,-0.9918142,116.6394314
WB04-INV17,16,26,6,9890373.198,459891.46,-0.9918073,116.6395034,71.37,13.528,124.2,11.25,0.037,459898.898,9890372.437,-0.9918142,116.6395703
WB04-INV17,17,27,6,9890366.998,459876.014,-0.9918634,116.6393646,73.09,11.063,125.8,9.01,0.051,459883.452,9890366.237,-0.9918703,116.6394314
WB04-INV17,18,28,6,9890360.498,459861.068,-0.9919222,116.6392302,73.96,9.222,136.2,6.41,0.076,459868.006,9890359.737,-0.9919291,116.6392926
WB04-INV17,19,24,6,9890360.498,459876.014,-0.9919222,116.6393646,72.31,10.39,122.6,8.78,0.066,459883.452,9890359.737,-0.9919291,116.6394314
WB04-INV17,20,20,5,9890353.898,459845.622,-0.9919819,116.6390914,72.71,5.282,212.9,-2.87,0.26,459852.56,9890353.137,-0.9919888,116.6391538
WB04-INV17,21,15,4,9890353.898,459861.068,-0.9919819,116.6392302,73.32,9.067,129.6,7.01,0.047,459868.006,9890353.137,-0.9919888,116.6392926
WB04-INV17,22,16,4,9890353.898,459876.014,-0.9919819,116.6393646,71.53,10.686,125.7,8.71,0.069,459883.452,9890353.137,-0.9919888,116.6394314
WB04-INV17,23,21,5,9890346.798,459845.622,-0.9920461,116.6390914,72.01,9.606,195.5,-2.59,0.118,459852.56,9890346.037,-0.992053,116.6391538
WB04-INV17,24,17,4,9890346.798,459861.068,-0.9920461,116.6392302,72.54,9.005,138.4,6.01,0.057,459868.006,9890346.037,-0.992053,116.6392926
WB04-INV17,25,18,4,9890346.798,459876.014,-0.9920461,116.6393646,70.89,11.268,126.4,9.11,0.045,459883.452,9890346.037,-0.992053,116.6394314
WB04-INV17,26,22,5,9890338.998,459845.622,-0.9921167,116.6390914,70.95,12.845,178.0,0.46,0.113,459852.56,9890338.237,-0.9921236,116.6391538
WB04-INV17,27,23,5,9890338.998,459860.568,-0.9921167,116.6392257,70.83,13.949,167.0,3.2,0.087,459868.006,9890338.237,-0.9921236,116.6392926
WB04-INV18,1,6,2,9890399.884,459954.056,-0.9915659,116.6400661,69.66,11.465,310.4,-8.78,0.101,459961.494,9890399.123,-0.9915728,116.6401329
WB04-INV18,2,7,2,9890393.786,459954.056,-0.9916211,116.6400661,70.68,9.397,312.9,-6.91,0.042,459961.624,9890393.123,-0.9916271,116.6401341
WB04-INV18,3,8,2,9890386.984,459938.74,-0.9916826,116.6399284,68.35,14.09,301.7,-12.05,0.081,459946.178,9890386.223,-0.9916895,116.6399952
WB04-INV18,4,9,2,9890386.984,459954.186,-0.9916827,116.6400672,71.6,11.392,319.2,-7.5,0.046,459961.624,9890386.223,-0.9916895,116.6401341
WB04-INV18,5,1,1,9890380.928,459938.74,-0.9917374,116.6399284,69.35,13.833,305.8,-11.29,0.065,459946.178,9890380.223,-0.9917438,116.6399952
WB04-INV18,6,2,1,9890380.928,459954.186,-0.9917374,116.6400672,72.4,11.482,313.8,-8.34,0.048,459961.624,9890380.223,-0.9917438,116.6401341
WB04-INV18,7,3,1,9890374.984,459938.74,-0.9917912,116.6399284,70.37,11.832,302.1,-10.06,0.043,459946.178,9890374.223,-0.9917981,116.6399952
WB04-INV18,8,4,1,9890374.984,459954.186,-0.9917912,116.6400672,73.13,10.24,308.2,-8.08,0.057,459961.624,9890374.223,-0.9917981,116.640134
WB04-INV18,9,10,3,9890368.904,459923.294,-0.9918462,116.6397895,67.9,14.812,299.7,-12.94,0.046,459930.732,9890368.223,-0.9918524,116.6398564
WB04-INV18,10,11,3,9890368.904,459938.74,-0.9918462,116.6399284,71.28,11.308,306.9,-9.09,0.052,459946.178,9890368.223,-0.9918524,116.6399952
WB04-INV18,11,12,3,9890368.904,459954.186,-0.9918462,116.6400672,73.87,8.582,308.6,-6.73,0.112,459961.624,9890368.223,-0.9918524,116.640134
WB04-INV18,12,13,3,9890362.984,459923.294,-0.9918998,116.6397895,68.62,14.913,302.7,-12.63,0.055,459930.732,9890362.223,-0.9919066,116.6398564
WB04-INV18,13,15,4,9890362.984,459938.74,-0.9918998,116.6399284,72.05,12.068,311.2,-9.14,0.066,459946.178,9890362.223,-0.9919067,116.6399952
WB04-INV18,14,16,4,9890362.984,459954.186,-0.9918998,116.6400672,74.61,3.849,312.3,-2.85,0.111,459961.624,9890362.223,-0.9919067,116.640134
WB04-INV18,15,17,4,9890356.776,459923.294,-0.9919559,116.6397895,69.72,12.15,298.6,-10.7,0.056,459930.732,9890356.223,-0.9919609,116.6398564
WB04-INV18,16,18,4,9890356.776,459938.74,-0.9919559,116.6399284,72.69,10.711,297.5,-9.52,0.046,459946.178,9890356.223,-0.9919609,116.6399952
WB04-INV18,17,20,5,9890356.776,459954.186,-0.9919559,116.6400672,75.23,0.207,308.7,-0.16,0.081,459961.624,9890356.223,-0.991961,116.640134
WB04-INV18,18,21,5,9890350.084,459923.294,-0.9920165,116.6397895,70.55,9.95,294.9,-9.04,0.052,459930.732,9890349.323,-0.9920234,116.6398564
WB04-INV18,19,22,5,9890350.084,459938.74,-0.9920165,116.6399283,73.15,9.005,283.6,-8.76,0.068,459946.178,9890349.323,-0.9920234,116.6399952
WB04-INV18,20,23,5,9890350.084,459954.186,-0.9920165,116.6400672,75.47,7.087,141.3,4.44,0.112,459961.624,9890349.323,-0.9920234,116.640134
WB04-INV18,21,25,6,9890343.284,459907.848,-0.992078,116.6396507,67.27,13.644,289.7,-12.87,0.078,459915.286,9890342.423,-0.9920858,116.6397175
WB04-INV18,22,26,6,9890343.284,459923.294,-0.992078,116.6397895,71.1,10.833,290.6,-10.16,0.084,459930.732,9890342.423,-0.9920858,116.6398564
WB04-INV18,23,27,6,9890343.284,459938.74,-0.992078,116.6399283,73.77,6.304,291.4,-5.87,0.105,459946.178,9890342.423,-0.9920858,116.6399952
WB04-INV18,24,28,6,9890343.284,459954.186,-0.992078,116.6400672,75.16,7.128,119.3,6.22,0.068,459961.624,9890342.423,-0.9920858,116.640134
WB04-INV19,1,10,3,9890337.084,459907.848,-0.9921341,116.6396507,67.88,13.34,282.3,-13.04,0.059,459915.286,9890336.323,-0.9921409,116.6397175
WB04-INV19,2,11,3,9890337.084,459923.294,-0.9921341,116.6397895,71.45,10.381,283.8,-10.09,0.089,459930.732,9890336.323,-0.992141,116.6398564
WB04-INV19,3,1,1,9890337.084,459938.74,-0.9921341,116.6399283,74.17,3.664,260.3,-3.61,0.121,459946.178,9890336.323,-0.992141,116.6399952
WB04-INV19,4,2,1,9890337.084,459954.186,-0.9921341,116.6400672,74.99,10.023,126.9,8.04,0.05,459961.624,9890336.323,-0.992141,116.640134
WB04-INV19,5,12,3,9890330.758,459907.848,-0.9921913,116.6396507,67.93,13.363,267.1,-13.35,0.069,459915.286,9890330.123,-0.992197,116.6397175
WB04-INV19,6,13,3,9890330.758,459923.294,-0.9921913,116.6397895,71.6,9.91,259.2,-9.74,0.076,459930.732,9890330.123,-0.9921971,116.6398563
WB04-INV19,7,3,1,9890330.758,459938.74,-0.9921913,116.6399283,74.2,4.41,187.9,-0.61,0.085,459946.178,9890330.123,-0.9921971,116.6399952
WB04-INV19,8,4,1,9890330.758,459954.186,-0.9921913,116.6400672,74.29,10.432,128.3,8.22,0.038,459961.624,9890330.123,-0.9921971,116.640134
WB04-INV19,9,6,2,9890324.284,459907.848,-0.9922499,116.6396507,68.01,12.636,264.2,-12.57,0.064,459915.286,9890323.523,-0.9922568,116.6397175
WB04-INV19,10,7,2,9890324.284,459923.294,-0.9922499,116.6397895,71.44,10.072,248.5,-9.38,0.036,459930.732,9890323.523,-0.9922568,116.6398563
WB04-INV19,11,25,6,9890324.284,459938.74,-0.9922499,116.6399283,73.97,6.745,163.0,1.98,0.082,459946.178,9890323.523,-0.9922568,116.6399952
WB04-INV19,12,26,6,9890324.284,459954.186,-0.9922499,116.6400671,73.54,10.673,135.1,7.58,0.264,459961.624,9890323.523,-0.9922568,116.640134
WB04-INV19,13,8,2,9890317.973,459908.348,-0.992307,116.6396552,68.25,12.103,259.8,-11.92,0.048,459915.286,9890317.223,-0.9923137,116.6397175
WB04-INV19,14,9,2,9890317.973,459923.294,-0.992307,116.6397895,71.22,8.754,250.1,-8.24,0.065,459930.732,9890317.223,-0.9923138,116.6398563
WB04-INV19,15,24,6,9890317.973,459938.74,-0.992307,116.6399283,73.44,7.657,159.4,2.71,0.053,459946.178,9890317.223,-0.9923138,116.6399952
WB04-INV19,16,27,6,9890317.973,459954.186,-0.992307,116.6400671,72.67,8.813,128.4,6.93,0.227,459961.624,9890317.223,-0.9923138,116.640134
WB04-INV19,17,20,5,9890310.873,459908.348,-0.9923712,116.6396551,67.88,12.811,245.0,-11.65,0.061,459915.286,9890310.123,-0.992378,116.6397175
WB04-INV19,18,21,5,9890310.873,459923.794,-0.9923712,116.639794,70.87,10.256,209.5,-5.09,0.074,459930.732,9890310.123,-0.992378,116.6398563
WB04-INV19,19,,,9890310.884,459938.74,-0.9923711,116.6399283,72.27,13.149,170.9,2.12,0.036,459946.178,9890310.123,-0.992378,116.6399952
WB04-INV19,20,17,4,9890310.884,459954.186,-0.9923711,116.6400671,71.64,12.55,146.4,7.02,0.048,459961.624,9890310.123,-0.992378,116.640134
WB04-INV19,21,22,5,9890302.984,459907.848,-0.9924426,116.6396506,66.93,12.619,224.6,-8.93,0.14,459915.286,9890302.223,-0.9924495,116.6397175
WB04-INV19,22,23,5,9890302.984,459923.294,-0.9924426,116.6397895,69.31,15.296,186.9,-1.88,0.075,459930.732,9890302.223,-0.9924495,116.6398563
WB04-INV19,23,,,9890302.946,459938.74,-0.9924429,116.6399283,69.98,11.302,180.6,-0.12,0.101,459946.178,9890302.223,-0.9924495,116.6399951
WB05-INV01,1,25,6,9890796.725,459435.591,-0.9879752,116.6354065,77.83,10.082,305.2,-8.27,0.071,459442.528,9890795.89,-0.9879827,116.6354689
WB05-INV01,2,26,6,9890796.725,459451.037,-0.9879752,116.6355454,79.97,8.041,16.6,2.31,0.199,459457.974,9890795.89,-0.9879827,116.6356077
WB05-INV01,3,27,6,9890789.725,459435.591,-0.9880385,116.6354065,78.28,9.746,291.4,-9.09,0.051,459442.528,9890788.89,-0.9880461,116.6354689
WB05-INV01,4,28,6,9890789.725,459451.037,-0.9880385,116.6355454,80.74,5.912,355.9,-0.42,0.148,459457.974,9890788.89,-0.9880461,116.6356077
WB05-INV01,5,20,5,9890789.725,459466.483,-0.9880385,116.6356842,80.7,11.014,14.4,2.77,0.056,459473.42,9890788.89,-0.9880461,116.6357465
WB05-INV01,6,21,5,9890789.725,459481.929,-0.9880385,116.635823,79.9,12.993,24.5,5.47,0.048,459488.866,9890788.89,-0.9880461,116.6358854
WB05-INV01,7,10,3,9890789.725,459497.375,-0.9880386,116.6359618,78.44,13.492,35.5,7.93,0.036,459504.312,9890788.89,-0.9880461,116.6360242
WB05-INV01,8,11,3,9890789.725,459512.821,-0.9880386,116.6361007,76.37,12.983,17.2,3.9,0.138,459519.758,9890788.89,-0.9880461,116.636163
WB05-INV01,9,12,3,9890789.725,459528.267,-0.9880386,116.6362395,75.17,15.009,8.1,2.16,0.056,459535.204,9890788.89,-0.9880462,116.6363018
WB05-INV01,10,15,4,9890782.925,459435.591,-0.9881,116.6354065,79.11,7.941,294.2,-7.25,0.111,459442.528,9890782.09,-0.9881076,116.6354689
WB05-INV01,11,16,4,9890782.925,459451.037,-0.9881,116.6355453,81.02,3.845,321.0,-2.42,0.115,459457.974,9890782.09,-0.9881076,116.6356077
WB05-INV01,12,22,5,9890782.925,459466.483,-0.9881,116.6356842,81.6,3.993,27.2,1.83,0.031,459473.42,9890782.09,-0.9881076,116.6357465
WB05-INV01,13,23,5,9890782.925,459481.929,-0.9881001,116.635823,81.04,7.852,30.5,4.0,0.098,459488.866,9890782.09,-0.9881076,116.6358854
WB05-INV01,14,13,3,9890782.925,459497.375,-0.9881001,116.6359618,79.8,14.276,31.8,7.64,0.049,459504.312,9890782.09,-0.9881076,116.6360242
WB05-INV01,15,14,3,9890782.925,459512.821,-0.9881001,116.6361007,77.73,15.854,5.3,1.5,0.139,459519.758,9890782.09,-0.9881077,116.636163
WB05-INV01,16,17,4,9890776.025,459435.591,-0.9881624,116.6354065,79.37,8.236,295.1,-7.47,0.083,459442.528,9890775.19,-0.98817,116.6354689
WB05-INV01,17,18,4,9890776.025,459451.037,-0.9881625,116.6355453,81.5,2.122,313.0,-1.55,0.119,459457.974,9890775.19,-0.98817,116.6356077
WB05-INV01,18,1,1,9890776.025,459466.483,-0.9881625,116.6356842,81.86,2.496,76.8,2.43,0.03,459473.42,9890775.19,-0.98817,116.6357465
WB05-INV01,19,2,1,9890776.025,459481.929,-0.9881625,116.635823,81.22,0.99,43.6,0.68,0.037,459488.866,9890775.19,-0.9881701,116.6358853
WB05-INV01,20,6,2,9890776.025,459497.375,-0.9881625,116.6359618,80.93,9.602,28.4,4.6,0.112,459504.312,9890775.19,-0.9881701,116.6360242
WB05-INV01,21,7,2,9890776.025,459512.821,-0.9881625,116.6361006,79.42,9.412,32.6,5.1,0.139,459519.758,9890775.19,-0.9881701,116.636163
WB05-INV01,22,3,1,9890768.725,459466.483,-0.9882285,116.6356842,81.85,2.349,84.9,2.34,0.045,459473.42,9890767.89,-0.9882361,116.6357465
WB05-INV01,23,4,1,9890768.725,459481.929,-0.9882285,116.635823,81.27,1.22,110.9,1.14,0.025,459488.866,9890767.89,-0.9882361,116.6358853
WB05-INV01,24,8,2,9890768.725,459497.375,-0.9882285,116.6359618,81.05,4.154,133.9,3.0,0.089,459504.312,9890767.89,-0.9882361,116.6360242
WB05-INV01,25,9,2,9890768.725,459512.821,-0.9882286,116.6361006,80.22,5.84,80.4,5.76,0.074,459519.758,9890767.89,-0.9882361,116.636163
WB05-INV02,1,25,6,9890768.725,459435.591,-0.9882285,116.6354065,80.04,5.971,289.3,-5.64,0.065,459442.528,9890767.89,-0.988236,116.6354689
WB05-INV02,2,26,6,9890768.725,459451.037,-0.9882285,116.6355453,81.68,2.033,203.5,-0.81,0.076,459457.974,9890767.89,-0.9882361,116.6356077
WB05-INV02,3,27,6,9890761.325,459435.591,-0.9882954,116.6354065,80.5,4.402,276.0,-4.38,0.056,459442.528,9890760.49,-0.988303,116.6354689
WB05-INV02,4,28,6,9890761.325,459451.037,-0.9882954,116.6355453,81.65,3.173,204.3,-1.31,0.033,459457.974,9890760.49,-0.988303,116.6356077
WB05-INV02,5,20,5,9890761.325,459466.483,-0.9882955,116.6356842,81.95,2.892,132.6,2.13,0.035,459473.42,9890760.49,-0.988303,116.6357465
WB05-INV02,6,21,5,9890761.325,459481.929,-0.9882955,116.635823,81.42,,,,0.676,459488.866,9890760.49,-0.988303,116.6358853
WB05-INV02,7,22,5,9890761.325,459497.375,-0.9882955,116.6359618,80.96,,,,0.846,459504.312,9890760.49,-0.9883031,116.6360242
WB05-INV02,8,23,5,9890761.325,459512.821,-0.9882955,116.6361006,80.3,4.957,79.4,4.87,0.037,459519.758,9890760.49,-0.9883031,116.636163
WB05-INV02,9,15,4,9890754.125,459435.591,-0.9883606,116.6354065,80.86,7.164,181.9,-0.24,0.103,459442.528,9890753.29,-0.9883681,116.6354688
WB05-INV02,10,16,4,9890754.125,459451.037,-0.9883606,116.6355453,80.75,12.563,185.4,-1.2,0.105,459457.974,9890753.29,-0.9883682,116.6356077
WB05-INV02,11,10,3,9890754.125,459466.483,-0.9883606,116.6356841,80.88,12.608,186.8,-1.52,0.101,459473.42,9890753.29,-0.9883682,116.6357465
WB05-INV02,12,11,3,9890754.125,459481.929,-0.9883606,116.635823,81.22,,,,0.636,459488.866,9890753.29,-0.9883682,116.6358853
WB05-INV02,13,12,3,9890754.125,459497.375,-0.9883606,116.6359618,81.02,,,,0.584,459504.312,9890753.29,-0.9883682,116.6360242
WB05-INV02,14,17,4,9890746.925,459435.591,-0.9884257,116.6354065,79.52,20.066,175.8,1.53,0.073,459442.528,9890746.09,-0.9884333,116.6354688
WB05-INV02,15,18,4,9890746.925,459451.037,-0.9884257,116.6355453,79.04,20.405,175.1,1.82,0.053,459457.974,9890746.09,-0.9884333,116.6356077
WB05-INV02,16,13,3,9890746.925,459466.483,-0.9884257,116.6356841,78.61,17.352,199.7,-6.01,0.112,459473.42,9890746.09,-0.9884333,116.6357465
WB05-INV02,17,14,3,9890746.925,459481.929,-0.9884258,116.635823,80.12,8.458,204.5,-3.53,0.11,459488.866,9890746.09,-0.9884333,116.6358853
WB05-INV02,18,1,1,9890746.925,459497.375,-0.9884258,116.6359618,80.85,1.486,89.6,1.49,0.035,459504.312,9890746.09,-0.9884333,116.6360241
WB05-INV02,19,6,2,9890739.325,459435.591,-0.9884945,116.6354065,76.49,21.498,177.0,1.18,0.065,459442.528,9890738.49,-0.988502,116.6354688
WB05-INV02,20,7,2,9890739.325,459451.037,-0.9884945,116.6355453,76.25,18.558,176.3,1.24,0.073,459457.974,9890738.49,-0.988502,116.6356077
WB05-INV02,21,8,2,9890739.325,459466.483,-0.9884945,116.6356841,75.99,16.861,209.4,-8.46,0.141,459473.42,9890738.49,-0.9885021,116.6357465
WB05-INV02,22,9,2,9890739.325,459481.929,-0.9884945,116.635823,78.39,12.021,219.8,-7.76,0.094,459488.866,9890738.49,-0.9885021,116.6358853
WB05-INV02,23,2,1,9890739.325,459497.375,-0.9884945,116.6359618,80.27,,,,0.787,459504.312,9890738.49,-0.9885021,116.6360241
WB05-INV02,24,3,1,9890731.425,459480.929,-0.988566,116.635814,76.42,14.672,235.9,-12.23,0.092,459487.866,9890730.59,-0.9885736,116.6358763
WB05-INV02,25,4,1,9890731.425,459496.375,-0.988566,116.6359528,79.57,,,,0.56,459503.312,9890730.59,-0.9885736,116.6360151
WB05-INV03,1,1,1,9890731.425,459434.591,-0.9885659,116.6353975,73.65,11.874,174.0,1.26,0.082,459441.528,9890730.59,-0.9885735,116.6354598
WB05-INV03,2,2,1,9890731.425,459450.037,-0.988566,116.6355363,73.38,16.622,187.1,-2.11,0.102,459456.974,9890730.59,-0.9885735,116.6355987
WB05-INV03,3,4,1,9890731.425,459465.483,-0.988566,116.6356751,73.9,14.673,219.9,-9.53,0.087,459472.42,9890730.59,-0.9885735,116.6357375
WB05-INV03,4,10,3,9890723.825,459434.591,-0.9886347,116.6353975,72.8,13.513,152.7,6.29,0.111,459441.528,9890722.99,-0.9886423,116.6354598
WB05-INV03,5,3,1,9890723.825,459450.037,-0.9886347,116.6355363,71.2,14.483,186.6,-1.7,0.085,459456.974,9890722.99,-0.9886423,116.6355987
WB05-INV03,6,5,2,9890723.825,459465.483,-0.9886347,116.6356751,71.84,16.37,223.4,-11.41,0.09,459472.42,9890722.99,-0.9886423,116.6357375
WB05-INV03,7,6,2,9890723.825,459480.929,-0.9886347,116.635814,75.17,16.599,248.6,-15.51,0.07,459487.866,9890722.99,-0.9886423,116.6358763
WB05-INV03,8,7,2,9890723.825,459496.375,-0.9886348,116.6359528,79.15,5.23,224.5,-3.67,0.252,459503.312,9890722.99,-0.9886423,116.6360151
WB05-INV03,9,8,2,9890716.525,459434.591,-0.9887007,116.6353975,71.29,15.401,156.5,6.27,0.069,459441.528,9890715.69,-0.9887083,116.6354598
WB05-INV03,10,16,4,9890716.525,459450.037,-0.9887008,116.6355363,69.67,12.468,194.1,-3.08,0.188,459456.974,9890715.69,-0.9887083,116.6355986
WB05-INV03,11,19,5,9890716.525,459465.483,-0.9887008,116.6356751,70.41,14.076,246.2,-12.92,0.099,459472.42,9890715.69,-0.9887083,116.6357375
WB05-INV03,12,25,6,9890716.525,459480.929,-0.9887008,116.6358139,74.09,17.336,259.1,-17.04,0.065,459487.866,9890715.69,-0.9887084,116.6358763
WB05-INV03,13,11,3,9890716.525,459496.375,-0.9887008,116.6359528,78.58,4.695,239.3,-4.04,0.221,459503.312,9890715.69,-0.9887084,116.6360151
WB05-INV03,14,12,3,9890709.525,459434.591,-0.9887641,116.6353975,69.61,7.864,126.7,6.32,0.057,459441.528,9890708.69,-0.9887716,116.6354598
WB05-INV03,15,15,4,9890709.525,459450.037,-0.9887641,116.6355363,68.0,7.177,215.4,-4.17,0.221,459456.974,9890708.69,-0.9887717,116.6355986
WB05-INV03,16,20,5,9890709.525,459465.483,-0.9887641,116.6356751,69.42,16.106,254.8,-15.57,0.066,459472.42,9890708.69,-0.9887717,116.6357375
WB05-INV03,17,24,6,9890709.525,459480.929,-0.9887641,116.6358139,73.82,17.071,259.7,-16.81,0.061,459487.866,9890708.69,-0.9887717,116.6358763
WB05-INV03,18,13,3,9890709.525,459496.375,-0.9887641,116.6359528,78.24,4.335,228.1,-3.23,0.277,459503.312,9890708.69,-0.9887717,116.6360151
WB05-INV03,19,23,5,9890702.625,459434.591,-0.9888265,116.6353975,69.32,7.626,117.9,6.75,0.087,459441.528,9890701.79,-0.9888341,116.6354598
WB05-INV03,20,17,4,9890702.625,459450.077,-0.9888265,116.6355366,67.62,3.638,248.1,-3.38,0.274,459457.015,9890701.79,-0.9888341,116.635599
WB05-INV03,21,21,5,9890702.625,459465.483,-0.9888265,116.6356751,69.01,16.018,270.7,-16.02,0.077,459472.42,9890701.79,-0.9888341,116.6357375
WB05-INV03,22,26,6,9890702.625,459480.929,-0.9888265,116.6358139,73.47,16.841,269.5,-16.84,0.072,459487.866,9890701.79,-0.9888341,116.6358763
WB05-INV03,23,14,3,9890702.625,459496.375,-0.9888266,116.6359528,78.05,3.545,218.7,-2.22,0.229,459503.312,9890701.79,-0.9888341,116.6360151
WB05-INV03,24,18,4,9890695.534,459451.135,-0.9888907,116.6355461,67.24,7.024,272.8,-7.02,0.284,459456.995,9890695.035,-0.9888952,116.6355988
WB05-INV03,25,22,5,9890696.014,459466.188,-0.9888863,116.6356814,69.55,14.718,278.2,-14.57,0.075,459472.42,9890694.99,-0.9888956,116.6357375
WB05-INV03,26,27,6,9890695.853,459484.303,-0.9888878,116.6358442,74.72,15.851,271.4,-15.85,0.098,459487.866,9890694.99,-0.9888956,116.6358763
WB05-INV03,27,28,6,9890695.534,459499.516,-0.9888907,116.635981,78.4,3.81,194.8,-0.97,0.202,459503.312,9890694.99,-0.9888956,116.6360151
WB05-INV04,1,1,1,9890688.197,459469.973,-0.9889571,116.6357155,70.89,14.47,274.4,-14.43,0.062,459472.42,9890687.39,-0.9889644,116.6357374
WB05-INV04,2,4,1,9890688.225,459481.227,-0.9889568,116.6358166,73.73,15.278,272.3,-15.27,0.124,459487.866,9890687.39,-0.9889644,116.6358763
WB05-INV04,3,5,2,9890688.225,459496.673,-0.9889568,116.6359554,77.82,4.536,157.9,1.71,0.131,459503.312,9890687.39,-0.9889644,116.6360151
WB05-INV04,4,11,3,9890688.225,459512.119,-0.9889569,116.6360943,77.48,18.078,132.7,13.49,0.063,459518.758,9890687.39,-0.9889644,116.6361539
WB05-INV04,5,6,2,9890688.225,459528.565,-0.9889569,116.6362421,73.75,18.361,166.2,4.53,0.144,459534.503,9890687.311,-0.9889652,116.6362954
WB05-INV04,6,3,1,9890680.746,459455.987,-0.9890245,116.6355897,67.99,11.46,320.8,-7.3,0.199,459457.276,9890679.941,-0.9890318,116.6356013
WB05-INV04,7,10,3,9890680.492,459470.594,-0.9890268,116.635721,71.27,14.927,283.0,-14.56,0.05,459472.722,9890679.941,-0.9890318,116.6357401
WB05-INV04,8,7,2,9890680.467,459486.083,-0.989027,116.6358602,75.6,13.972,278.8,-13.81,0.171,459488.168,9890679.941,-0.9890318,116.635879
WB05-INV04,9,8,2,9890680.971,459498.826,-0.9890225,116.6359748,77.55,5.463,137.4,3.7,0.126,459503.614,9890679.941,-0.9890318,116.6360178
WB05-INV04,10,12,3,9890680.929,459512.524,-0.9890229,116.6360979,76.13,17.745,121.2,15.31,0.051,459519.289,9890680.09,-0.9890305,116.6361587
WB05-INV04,11,13,3,9890681.002,459528.373,-0.9890222,116.6362403,72.01,13.176,152.1,6.25,0.122,459534.911,9890680.09,-0.9890305,116.6362991
WB05-INV04,12,2,1,9890673.625,459450.037,-0.9890889,116.6355363,68.77,7.937,318.4,-5.29,0.1,459456.974,9890672.79,-0.9890964,116.6355986
WB05-INV04,13,16,4,9890673.625,459465.483,-0.9890889,116.6356751,70.42,16.743,290.4,-15.75,0.066,459472.42,9890672.79,-0.9890965,116.6357374
WB05-INV04,14,18,4,9890673.625,459480.929,-0.9890889,116.6358139,74.75,12.236,298.2,-10.82,0.189,459487.866,9890672.79,-0.9890965,116.6358763
WB05-INV04,15,19,5,9890673.625,459497.375,-0.9890889,116.6359617,77.19,6.458,123.1,5.42,0.237,459503.312,9890672.79,-0.9890965,116.6360151
WB05-INV04,16,24,6,9890673.625,459512.821,-0.9890889,116.6361005,75.18,16.386,103.4,15.96,0.056,459519.758,9890672.79,-0.9890965,116.6361629
WB05-INV04,17,20,5,9890666.625,459434.591,-0.9891522,116.6353974,68.37,6.553,292.8,-6.04,0.214,459441.528,9890665.79,-0.9891598,116.6354598
WB05-INV04,18,25,6,9890666.625,459450.037,-0.9891522,116.6355362,69.74,9.812,326.8,-5.41,0.107,459456.974,9890665.79,-0.9891598,116.6355986
WB05-INV04,19,15,4,9890666.625,459465.483,-0.9891522,116.6356751,71.13,17.037,291.0,-15.96,0.08,459472.42,9890665.79,-0.9891598,116.6357374
WB05-INV04,20,17,4,9890666.625,459480.929,-0.9891522,116.6358139,75.53,7.182,292.1,-6.66,0.265,459487.866,9890665.79,-0.9891598,116.6358763
WB05-INV04,21,21,5,9890666.625,459496.375,-0.9891523,116.6359527,77.11,8.544,108.9,8.09,0.217,459503.312,9890665.79,-0.9891598,116.6360151
WB05-INV04,22,22,5,9890666.625,459512.821,-0.9891523,116.6361005,74.6,15.337,92.9,15.32,0.041,459519.758,9890665.79,-0.9891598,116.6361629
WB05-INV04,23,23,5,9890666.625,459528.267,-0.9891523,116.6362394,70.42,9.526,118.9,8.36,0.169,459535.245,9890665.79,-0.9891599,116.6363021
WB05-INV04,24,26,6,9890659.625,459434.591,-0.9892155,116.6353974,68.73,9.42,314.0,-6.81,0.184,459441.528,9890658.79,-0.9892231,116.6354598
WB05-INV04,25,27,6,9890659.625,459450.037,-0.9892155,116.6355362,70.39,10.446,321.6,-6.53,0.065,459456.974,9890658.79,-0.9892231,116.6355986
WB05-INV04,26,28,6,9890659.375,459467.6,-0.9892178,116.6356941,72.39,16.843,290.3,-15.85,0.087,459472.42,9890658.79,-0.9892231,116.6357374
WB05-INV05,1,1,1,9890659.625,459480.929,-0.9892156,116.6358139,76.38,3.71,318.6,-2.46,0.262,459487.866,9890658.79,-0.9892231,116.6358762
WB05-INV05,2,2,1,9890659.625,459496.415,-0.9892156,116.6359531,77.16,9.644,88.5,9.64,0.135,459503.312,9890658.79,-0.9892231,116.6360151
WB05-INV05,3,10,3,9890659.625,459512.821,-0.9892156,116.6361005,74.45,14.485,80.8,14.31,0.081,459519.758,9890658.79,-0.9892232,116.6361629
WB05-INV05,4,11,3,9890659.625,459528.267,-0.9892156,116.6362394,70.46,12.177,75.0,11.77,0.201,459535.245,9890658.79,-0.9892232,116.6363021
WB05-INV05,5,5,2,9890652.625,459434.591,-0.9892789,116.6353974,69.71,5.841,320.2,-3.75,0.184,459441.528,9890651.79,-0.9892864,116.6354598
WB05-INV05,6,6,2,9890652.625,459450.037,-0.9892789,116.6355362,71.03,9.769,303.3,-8.19,0.086,459456.974,9890651.79,-0.9892864,116.6355986
WB05-INV05,7,,,9890652.625,459465.483,-0.9892789,116.6356751,73.0,18.538,304.6,-15.43,0.098,459472.42,9890651.79,-0.9892864,116.6357374
WB05-INV05,8,3,1,9890652.625,459480.929,-0.9892789,116.6358139,77.11,2.38,22.4,0.91,0.221,459487.866,9890651.79,-0.9892865,116.6358762
WB05-INV05,9,8,2,9890652.625,459496.375,-0.9892789,116.6359527,77.27,9.945,92.8,9.93,0.107,459503.312,9890651.79,-0.9892865,116.6360151
WB05-INV05,10,16,4,9890652.625,459513.455,-0.9892789,116.6361062,74.26,11.236,83.9,11.17,0.067,459519.758,9890651.79,-0.9892865,116.6361629
WB05-INV05,11,12,3,9890652.625,459528.901,-0.9892789,116.636245,71.02,14.674,63.6,13.2,0.072,459535.245,9890651.79,-0.9892865,116.6363021
WB05-INV05,12,7,2,9890645.825,459434.568,-0.9893404,116.6353972,70.46,4.688,299.3,-4.09,0.098,459441.528,9890644.99,-0.9893479,116.6354597
WB05-INV05,13,4,1,9890645.825,459450.014,-0.9893404,116.635536,71.77,13.476,312.5,-10.02,0.069,459456.974,9890644.99,-0.989348,116.6355986
WB05-INV05,14,21,5,9890645.825,459465.46,-0.9893404,116.6356748,74.32,17.098,310.3,-13.2,0.173,459472.42,9890644.99,-0.989348,116.6357374
WB05-INV05,15,20,5,9890645.825,459480.929,-0.9893404,116.6358139,77.86,2.362,75.9,2.29,0.089,459487.866,9890644.99,-0.989348,116.6358762
WB05-INV05,16,15,4,9890645.825,459496.352,-0.9893404,116.6359525,77.09,9.76,103.7,9.49,0.075,459503.312,9890644.99,-0.989348,116.6360151
WB05-INV05,17,13,3,9890639.825,459434.568,-0.9893947,116.6353972,70.73,8.458,313.5,-6.16,0.141,459441.528,9890638.99,-0.9894022,116.6354597
WB05-INV05,18,18,4,9890639.825,459450.014,-0.9893947,116.635536,72.7,15.029,310.9,-11.47,0.15,459456.974,9890638.99,-0.9894022,116.6355986
WB05-INV05,19,22,5,9890639.825,459465.46,-0.9893947,116.6356748,75.82,9.08,300.7,-7.82,0.222,459472.42,9890638.99,-0.9894023,116.6357374
WB05-INV05,20,23,5,9890639.825,459480.906,-0.9893947,116.6358137,77.95,2.783,103.7,2.7,0.13,459487.866,9890638.99,-0.9894023,116.6358762
WB05-INV05,21,17,4,9890639.825,459496.352,-0.9893947,116.6359525,76.88,9.416,110.9,8.81,0.143,459503.312,9890638.99,-0.9894023,116.6360151
WB05-INV05,22,25,6,9890633.425,459434.568,-0.9894526,116.6353972,71.48,13.703,321.9,-8.56,0.179,459441.528,9890632.59,-0.9894601,116.6354597
WB05-INV05,23,24,6,9890633.425,459450.014,-0.9894526,116.635536,73.77,18.012,314.2,-13.12,0.07,459456.974,9890632.59,-0.9894601,116.6355986
WB05-INV05,24,28,6,9890633.425,459465.46,-0.9894526,116.6356748,77.21,3.531,321.5,-2.2,0.13,459472.42,9890632.59,-0.9894602,116.6357374
WB05-INV05,25,26,6,9890633.425,459481.35,-0.9894526,116.6358176,77.82,5.229,112.2,4.84,0.18,459487.866,9890632.59,-0.9894602,116.6358762
WB05-INV05,26,27,6,9890633.425,459496.352,-0.9894526,116.6359525,76.45,8.75,110.2,8.22,0.058,459503.312,9890632.59,-0.9894602,116.636015
WB05-INV06,1,1,1,9890626.725,459434.591,-0.9895132,116.6353974,72.36,16.812,320.1,-10.97,0.1,459441.528,9890625.89,-0.9895207,116.6354597
WB05-INV06,2,2,1,9890626.725,459450.037,-0.9895132,116.6355362,75.32,13.796,312.1,-10.33,0.144,459456.974,9890625.89,-0.9895208,116.6355986
WB05-INV06,3,4,1,9890626.725,459465.483,-0.9895132,116.635675,78.02,0.62,99.8,0.61,0.037,459472.42,9890625.89,-0.9895208,116.6357374
WB05-INV06,4,11,3,9890626.725,459480.929,-0.9895132,116.6358139,77.83,9.92,127.7,7.88,0.118,459487.866,9890625.89,-0.9895208,116.6358762
WB05-INV06,5,5,2,9890626.725,459496.375,-0.9895132,116.6359527,75.95,7.098,116.9,6.34,0.07,459503.312,9890625.89,-0.9895208,116.636015
WB05-INV06,6,3,1,9890620.325,459434.591,-0.9895711,116.6353974,73.85,17.081,325.2,-9.95,0.13,459441.528,9890619.49,-0.9895786,116.6354597
WB05-INV06,7,10,3,9890620.325,459450.037,-0.9895711,116.6355362,76.74,4.006,280.8,-3.94,0.17,459456.974,9890619.49,-0.9895787,116.6355986
WB05-INV06,8,6,2,9890620.325,459465.483,-0.9895711,116.635675,77.8,,,,0.592,459472.42,9890619.49,-0.9895787,116.6357374
WB05-INV06,9,7,2,9890620.325,459480.929,-0.9895711,116.6358139,77.33,8.827,125.2,7.23,0.095,459487.866,9890619.49,-0.9895787,116.6358762
WB05-INV06,10,12,3,9890620.325,459496.375,-0.9895711,116.6359527,75.35,7.18,134.3,5.15,0.114,459503.312,9890619.49,-0.9895787,116.636015
WB05-INV06,11,16,4,9890613.725,459434.591,-0.9896308,116.6353974,75.66,8.497,319.6,-5.53,0.124,459441.528,9890612.89,-0.9896383,116.6354597
WB05-INV06,12,24,6,9890613.725,459450.037,-0.9896308,116.6355362,77.26,3.543,277.8,-3.51,0.349,459456.974,9890612.89,-0.9896384,116.6355985
WB05-INV06,13,25,6,9890613.725,459465.483,-0.9896308,116.635675,79.65,,,,0.533,459472.42,9890612.89,-0.9896384,116.6357374
WB05-INV06,14,13,3,9890613.725,459480.929,-0.9896308,116.6358138,76.75,7.288,113.2,6.7,0.056,459487.866,9890612.89,-0.9896384,116.6358762
WB05-INV06,15,8,2,9890613.725,459496.375,-0.9896308,116.6359527,74.84,10.046,144.9,5.82,0.178,459503.312,9890612.89,-0.9896384,116.636015
WB05-INV06,16,22,5,9890607.025,459434.591,-0.9896914,116.6353974,76.68,1.223,209.7,-0.61,0.083,459441.528,9890606.19,-0.989699,116.6354597
WB05-INV06,17,21,5,9890607.025,459450.037,-0.9896914,116.6355362,76.93,2.296,194.2,-0.56,0.109,459456.974,9890606.19,-0.989699,116.6355985
WB05-INV06,18,19,5,9890607.025,459465.483,-0.9896914,116.635675,77.12,8.752,155.7,3.63,0.033,459472.42,9890606.19,-0.989699,116.6357374
WB05-INV06,19,15,4,9890607.025,459480.929,-0.9896914,116.6358138,76.13,10.907,141.9,6.78,0.078,459487.866,9890606.19,-0.989699,116.6358762
WB05-INV06,20,20,5,9890607.025,459496.375,-0.9896915,116.6359527,74.18,13.339,137.9,9.03,0.22,459503.312,9890606.19,-0.989699,116.636015
WB05-INV06,21,17,4,9890600.125,459434.591,-0.9897538,116.6353974,76.21,3.167,222.1,-2.12,0.096,459441.528,9890599.29,-0.9897614,116.6354597
WB05-INV06,22,18,4,9890600.125,459450.037,-0.9897538,116.6355362,76.88,9.228,162.8,2.75,0.073,459456.974,9890599.29,-0.9897614,116.6355985
WB05-INV06,23,23,5,9890600.125,459465.483,-0.9897539,116.635675,76.15,14.58,156.5,5.92,0.085,459472.42,9890599.29,-0.9897614,116.6357374
WB05-INV06,24,26,6,9890600.125,459480.929,-0.9897539,116.6358138,74.74,16.913,157.6,6.61,0.063,459487.866,9890599.29,-0.9897614,116.6358762
WB05-INV06,25,27,6,9890600.125,459496.375,-0.9897539,116.6359527,72.77,17.528,142.5,10.88,0.167,459503.312,9890599.29,-0.9897615,116.636015
WB05-INV07,1,7,2,9890592.525,459434.591,-0.9898226,116.6353973,76.14,11.509,166.4,2.74,0.078,459441.528,9890591.69,-0.9898301,116.6354597
WB05-INV07,2,6,2,9890592.525,459450.037,-0.9898226,116.6355362,75.57,17.088,160.9,5.74,0.092,459456.974,9890591.69,-0.9898302,116.6355985
WB05-INV07,3,2,1,9890592.525,459465.483,-0.9898226,116.635675,74.18,20.482,159.7,7.38,0.068,459472.42,9890591.69,-0.9898302,116.6357374
WB05-INV07,4,5,2,9890592.525,459480.929,-0.9898226,116.6358138,72.25,16.072,162.4,4.98,0.081,459487.866,9890591.69,-0.9898302,116.6358762
WB05-INV07,5,8,2,9890592.525,459496.375,-0.9898226,116.6359527,70.78,17.327,144.5,10.27,0.082,459503.312,9890591.69,-0.9898302,116.636015
WB05-INV07,6,9,2,9890584.925,459434.591,-0.9898913,116.6353973,74.68,18.163,165.3,4.76,0.092,459441.528,9890584.09,-0.9898989,116.6354597
WB05-INV07,7,1,1,9890584.925,459450.037,-0.9898914,116.6355362,73.53,18.947,160.1,6.66,0.067,459456.974,9890584.09,-0.9898989,116.6355985
WB05-INV07,8,3,1,9890584.925,459465.483,-0.9898914,116.635675,71.59,15.886,162.0,5.03,0.087,459472.42,9890584.09,-0.9898989,116.6357373
WB05-INV07,9,17,4,9890584.925,459480.929,-0.9898914,116.6358138,70.21,13.995,163.6,4.03,0.08,459487.866,9890584.09,-0.989899,116.6358762
WB05-INV07,10,16,4,9890584.925,459496.375,-0.9898914,116.6359526,69.02,16.67,142.0,10.45,0.063,459503.312,9890584.09,-0.989899,116.636015
WB05-INV07,11,18,4,9890584.925,459512.821,-0.9898914,116.6361005,66.18,7.211,145.6,4.09,0.16,459519.758,9890584.09,-0.989899,116.6361628
WB05-INV07,12,10,3,9890577.425,459434.591,-0.9899592,116.6353973,72.98,14.993,148.5,7.97,0.091,459441.528,9890576.59,-0.9899668,116.6354597
WB05-INV07,13,11,3,9890577.425,459450.037,-0.9899592,116.6355362,71.04,18.864,162.1,5.99,0.058,459456.974,9890576.59,-0.9899668,116.6355985
WB05-INV07,14,4,1,9890577.425,459465.483,-0.9899592,116.635675,69.33,16.759,166.3,4.08,0.061,459472.42,9890576.59,-0.9899668,116.6357373
WB05-INV07,15,15,4,9890577.425,459480.929,-0.9899592,116.6358138,68.22,16.646,166.9,3.88,0.071,459487.866,9890576.59,-0.9899668,116.6358762
WB05-INV07,16,19,5,9890577.425,459496.375,-0.9899593,116.6359526,66.99,11.989,147.3,6.54,0.144,459503.312,9890576.59,-0.9899668,116.636015
WB05-INV07,17,14,3,9890570.225,459434.591,-0.9900243,116.6353973,71.6,15.302,142.3,9.5,0.06,459441.528,9890569.39,-0.9900319,116.6354597
WB05-INV07,18,13,3,9890570.225,459450.037,-0.9900243,116.6355361,69.06,14.596,151.7,7.04,0.104,459456.974,9890569.39,-0.9900319,116.6355985
WB05-INV07,19,25,6,9890570.225,459465.483,-0.9900244,116.635675,67.27,14.847,166.4,3.57,0.111,459472.42,9890569.39,-0.9900319,116.6357373
WB05-INV07,20,21,5,9890570.225,459480.929,-0.9900244,116.6358138,66.14,15.34,168.9,3.02,0.081,459487.866,9890569.407,-0.9900318,116.6358762
WB05-INV07,21,24,6,9890562.908,459434.591,-0.9900905,116.6353973,70.03,16.769,146.5,9.44,0.076,459441.528,9890562.09,-0.9900979,116.6354597
WB05-INV07,22,22,5,9890562.908,459450.037,-0.9900905,116.6355361,67.69,13.612,143.7,8.16,0.069,459456.974,9890562.09,-0.990098,116.6355985
WB05-INV07,23,20,5,9890555.908,459434.591,-0.9901539,116.6353973,68.96,16.325,130.1,12.63,0.114,459441.528,9890555.09,-0.9901613,116.6354597
WB05-INV07,24,26,6,9890555.908,459450.037,-0.9901539,116.6355361,65.82,9.062,147.8,4.86,0.054,459456.974,9890555.09,-0.9901613,116.6355985
WB05-INV07,25,27,6,9890548.591,459434.591,-0.9902201,116.6353973,67.44,16.182,138.1,10.97,0.184,459441.528,9890547.772,-0.9902275,116.6354597
WB05-INV08,1,1,1,9890809.725,459512.821,-0.9878576,116.6361007,71.65,17.276,25.4,7.6,0.119,459519.758,9890808.89,-0.9878652,116.636163
WB05-INV08,2,2,1,9890809.725,459528.267,-0.9878576,116.6362395,69.54,15.033,3.5,0.94,0.191,459535.204,9890808.89,-0.9878652,116.6363019
WB05-INV08,3,5,2,9890809.725,459543.713,-0.9878577,116.6363783,69.87,17.901,281.3,-17.58,0.068,459550.65,9890808.89,-0.9878652,116.6364407
WB05-INV08,4,6,2,9890809.725,459559.159,-0.9878577,116.6365172,74.76,13.925,279.9,-13.73,0.055,459566.096,9890808.89,-0.9878652,116.6365795
WB05-INV08,5,3,1,9890803.225,459512.821,-0.9879164,116.6361007,73.18,15.92,20.6,5.73,0.065,459519.758,9890802.39,-0.987924,116.636163
WB05-INV08,6,4,1,9890803.225,459528.267,-0.9879165,116.6362395,71.52,15.78,9.7,2.73,0.161,459535.204,9890802.39,-0.987924,116.6363019
WB05-INV08,7,8,2,9890803.225,459543.713,-0.9879165,116.6363783,71.17,17.355,305.7,-14.24,0.129,459550.65,9890802.39,-0.987924,116.6364407
WB05-INV08,8,10,3,9890796.725,459466.483,-0.9879752,116.6356842,79.32,12.036,18.6,3.89,0.046,459473.42,9890795.89,-0.9879828,116.6357465
WB05-INV08,9,11,3,9890796.725,459481.929,-0.9879752,116.635823,78.32,11.511,19.7,3.93,0.057,459488.866,9890795.89,-0.9879828,116.6358854
WB05-INV08,10,12,3,9890796.725,459497.375,-0.9879752,116.6359618,77.23,14.48,38.1,9.05,0.048,459504.312,9890795.89,-0.9879828,116.6360242
WB05-INV08,11,13,3,9890796.725,459512.821,-0.9879752,116.6361007,74.84,13.798,23.1,5.5,0.071,459519.758,9890795.89,-0.9879828,116.636163
WB05-INV08,12,14,3,9890796.725,459528.267,-0.9879753,116.6362395,73.24,16.559,8.4,2.49,0.112,459535.204,9890795.89,-0.9879828,116.6363018
WB05-INV08,13,9,2,9890796.725,459543.713,-0.9879753,116.6363783,72.74,16.77,321.8,-10.56,0.098,459550.65,9890795.89,-0.9879828,116.6364407
WB05-INV08,14,20,5,9890782.925,459574.605,-0.9881002,116.636656,79.16,15.191,193.1,-3.52,0.054,459581.542,9890782.09,-0.9881077,116.6367183
WB05-INV08,15,21,5,9890782.925,459590.051,-0.9881002,116.6367948,80.06,12.397,188.9,-1.95,0.104,459596.988,9890782.09,-0.9881077,116.6368571
WB05-INV08,16,22,5,9890782.925,459605.497,-0.9881002,116.6369336,80.2,11.115,137.2,7.6,0.094,459612.434,9890782.09,-0.9881077,116.636996
WB05-INV08,17,25,6,9890782.925,459620.943,-0.9881002,116.6370724,78.1,12.356,132.7,9.15,0.082,459627.88,9890782.09,-0.9881078,116.6371348
WB05-INV08,18,26,6,9890782.925,459636.389,-0.9881002,116.6372113,75.49,12.837,142.6,7.88,0.077,459643.326,9890782.09,-0.9881078,116.6372736
WB05-INV08,19,17,4,9890782.925,459651.835,-0.9881002,116.6373501,73.22,7.644,145.9,4.3,0.083,459658.772,9890782.09,-0.9881078,116.6374125
WB05-INV08,20,16,4,9890782.925,459667.281,-0.9881002,116.6374889,71.71,17.606,120.3,15.32,0.126,459674.218,9890782.09,-0.9881078,116.6375513
WB05-INV08,21,23,5,9890776.025,459605.497,-0.9881626,116.6369336,78.72,10.57,148.4,5.58,0.085,459612.434,9890775.19,-0.9881702,116.636996
WB05-INV08,22,27,6,9890776.025,459620.943,-0.9881626,116.6370724,77.19,12.373,127.9,9.82,0.078,459627.88,9890775.19,-0.9881702,116.6371348
WB05-INV08,23,28,6,9890776.025,459636.389,-0.9881626,116.6372113,74.5,11.796,137.1,8.09,0.137,459643.326,9890775.19,-0.9881702,116.6372736
WB05-INV08,24,15,4,9890776.025,459651.835,-0.9881627,116.6373501,72.26,6.988,156.8,2.76,0.096,459658.772,9890775.19,-0.9881702,116.6374124
WB05-INV08,25,18,4,9890776.025,459667.281,-0.9881627,116.6374889,71.14,16.706,100.7,16.43,0.137,459674.218,9890775.19,-0.9881702,116.6375513
WB05-INV09,1,15,4,9890776.025,459559.159,-0.9881626,116.6365171,76.91,13.084,179.0,0.23,0.13,459566.096,9890775.19,-0.9881701,116.6365795
WB05-INV09,2,1,1,9890776.025,459574.605,-0.9881626,116.636656,77.14,19.595,187.6,-2.7,0.066,459581.542,9890775.19,-0.9881701,116.6367183
WB05-INV09,3,2,1,9890776.025,459590.051,-0.9881626,116.6367948,78.1,14.679,193.2,-3.42,0.097,459596.988,9890775.19,-0.9881702,116.6368571
WB05-INV09,4,5,2,9890768.725,459559.159,-0.9882286,116.6365171,75.66,14.299,164.0,4.02,0.125,459566.096,9890767.89,-0.9882362,116.6365795
WB05-INV09,5,3,1,9890768.725,459574.605,-0.9882286,116.6366559,74.76,16.149,194.3,-4.09,0.184,459581.542,9890767.89,-0.9882362,116.6367183
WB05-INV09,6,4,1,9890768.725,459590.051,-0.9882286,116.6367948,76.13,13.785,201.6,-5.16,0.075,459596.988,9890767.89,-0.9882362,116.6368571
WB05-INV09,7,10,3,9890768.725,459605.497,-0.9882287,116.6369336,77.44,8.735,152.8,4.02,0.124,459612.434,9890767.89,-0.9882362,116.636996
WB05-INV09,8,11,3,9890768.725,459620.943,-0.9882287,116.6370724,76.28,12.263,130.7,9.36,0.127,459627.88,9890767.89,-0.9882362,116.6371348
WB05-INV09,9,12,3,9890768.725,459636.389,-0.9882287,116.6372113,73.45,12.778,128.8,10.02,0.135,459643.326,9890767.89,-0.9882362,116.6372736
WB05-INV09,10,13,3,9890768.725,459651.835,-0.9882287,116.6373501,71.02,8.811,180.6,-0.09,0.076,459658.772,9890767.89,-0.9882363,116.6374124
WB05-INV09,11,16,4,9890768.725,459667.281,-0.9882287,116.6374889,70.69,15.818,92.1,15.81,0.121,459674.218,9890767.89,-0.9882363,116.6375513
WB05-INV09,12,17,4,9890761.325,459543.713,-0.9882955,116.6363783,77.44,11.715,112.9,10.81,0.142,459550.65,9890760.49,-0.9883031,116.6364406
WB05-INV09,13,18,4,9890761.325,459559.159,-0.9882956,116.6365171,74.67,15.739,143.4,9.54,0.215,459566.096,9890760.49,-0.9883031,116.6365795
WB05-INV09,14,6,2,9890761.325,459574.605,-0.9882956,116.6366559,72.63,18.168,201.5,-6.86,0.22,459581.542,9890760.49,-0.9883031,116.6367183
WB05-INV09,15,7,2,9890761.325,459590.051,-0.9882956,116.6367948,74.3,13.484,211.3,-7.1,0.064,459596.988,9890760.49,-0.9883032,116.6368571
WB05-INV09,16,8,2,9890761.325,459605.497,-0.9882956,116.6369336,76.11,13.049,166.7,3.05,0.115,459612.434,9890760.49,-0.9883032,116.6369959
WB05-INV09,17,25,6,9890754.125,459543.713,-0.9883607,116.6363783,77.41,13.449,98.6,13.3,0.1,459550.65,9890753.29,-0.9883682,116.6364406
WB05-INV09,18,26,6,9890754.125,459559.159,-0.9883607,116.6365171,73.8,14.448,113.7,13.27,0.09,459566.096,9890753.29,-0.9883683,116.6365795
WB05-INV09,19,9,2,9890754.125,459574.605,-0.9883607,116.6366559,70.38,15.6,208.1,-7.49,0.212,459581.542,9890753.29,-0.9883683,116.6367183
WB05-INV09,20,27,6,9890746.925,459543.713,-0.9884258,116.6363783,77.27,13.617,88.3,13.61,0.111,459550.65,9890746.09,-0.9884334,116.6364406
WB05-INV09,21,28,6,9890746.925,459559.159,-0.9884258,116.6365171,73.6,14.368,89.2,14.37,0.119,459566.096,9890746.09,-0.9884334,116.6365795
WB05-INV09,22,20,5,9890739.325,459543.713,-0.9884946,116.6363783,77.27,12.691,86.1,12.66,0.098,459550.65,9890738.49,-0.9885021,116.6364406
WB05-INV09,23,21,5,9890739.325,459559.159,-0.9884946,116.6365171,73.69,15.869,80.8,15.67,0.048,459566.096,9890738.49,-0.9885022,116.6365794
WB05-INV09,24,22,5,9890731.425,459543.713,-0.988566,116.6363783,77.4,11.707,81.3,11.58,0.044,459550.65,9890730.59,-0.9885736,116.6364406
WB05-INV09,25,23,5,9890731.425,459559.159,-0.9885661,116.6365171,74.1,16.272,66.4,14.97,0.093,459566.096,9890730.59,-0.9885736,116.6365794
WB05-INV10,1,1,1,9890731.425,459512.821,-0.988566,116.6361006,81.69,4.767,126.9,3.82,0.255,459519.758,9890730.59,-0.9885736,116.636163
WB05-INV10,2,2,1,9890731.425,459528.267,-0.988566,116.6362394,79.12,6.107,85.2,6.09,0.036,459535.204,9890730.59,-0.9885736,116.6363018
WB05-INV10,3,3,1,9890723.825,459512.821,-0.9886348,116.6361006,79.69,1.611,134.4,1.15,0.058,459519.758,9890722.99,-0.9886423,116.6361629
WB05-INV10,4,4,1,9890723.825,459528.267,-0.9886348,116.6362394,79.17,5.344,58.0,4.54,0.056,459535.204,9890722.99,-0.9886424,116.6363018
WB05-INV10,5,5,2,9890723.825,459543.713,-0.9886348,116.6363782,77.75,11.786,81.8,11.67,0.043,459550.65,9890722.99,-0.9886424,116.6364406
WB05-INV10,6,6,2,9890723.825,459559.159,-0.9886348,116.6365171,74.58,14.192,75.9,13.78,0.107,459566.096,9890722.99,-0.9886424,116.6365794
WB05-INV10,7,7,2,9890716.525,459512.821,-0.9887008,116.6361006,79.33,1.875,187.0,-0.23,0.085,459519.758,9890715.69,-0.9887084,116.6361629
WB05-INV10,8,8,2,9890716.525,459528.267,-0.9887008,116.6362394,79.22,4.845,116.7,4.33,0.036,459535.204,9890715.69,-0.9887084,116.6363018
WB05-INV10,9,10,3,9890716.525,459543.713,-0.9887008,116.6363782,77.93,11.488,90.5,11.49,0.079,459550.65,9890715.69,-0.9887084,116.6364406
WB05-INV10,10,11,3,9890716.525,459559.159,-0.9887009,116.6365171,74.9,12.497,80.0,12.31,0.094,459566.096,9890715.69,-0.9887084,116.6365794
WB05-INV10,11,19,5,9890716.525,459574.605,-0.9887009,116.6366559,71.43,14.354,71.4,13.63,0.052,459581.542,9890715.69,-0.9887084,116.6367183
WB05-INV10,12,12,3,9890709.525,459512.821,-0.9887641,116.6361006,79.05,2.892,172.4,0.38,0.082,459519.758,9890708.69,-0.9887717,116.6361629
WB05-INV10,13,13,3,9890709.525,459528.267,-0.9887642,116.6362394,78.9,8.205,140.5,5.24,0.044,459535.204,9890708.69,-0.9887717,116.6363018
WB05-INV10,14,21,5,9890709.525,459543.713,-0.9887642,116.6363782,77.42,8.239,109.1,7.79,0.057,459550.65,9890708.69,-0.9887717,116.6364406
WB05-INV10,15,20,5,9890709.525,459559.159,-0.9887642,116.6365171,75.18,12.54,78.3,12.29,0.088,459566.096,9890708.69,-0.9887718,116.6365794
WB05-INV10,16,25,6,9890709.525,459574.605,-0.9887642,116.6366559,71.73,12.92,70.3,12.19,0.057,459581.542,9890708.69,-0.9887718,116.6367182
WB05-INV10,17,18,4,9890702.625,459512.821,-0.9888266,116.6361006,78.83,8.126,145.7,4.6,0.175,459519.758,9890701.79,-0.9888341,116.6361629
WB05-INV10,18,24,6,9890702.625,459528.267,-0.9888266,116.6362394,77.89,11.416,159.1,4.12,0.065,459535.204,9890701.79,-0.9888342,116.6363018
WB05-INV10,19,23,5,9890702.625,459543.713,-0.9888266,116.6363782,76.73,6.098,125.1,5.0,0.055,459550.65,9890701.79,-0.9888342,116.6364406
WB05-INV10,20,17,4,9890702.625,459559.159,-0.9888266,116.6365171,75.32,10.962,87.2,10.95,0.075,459566.096,9890701.79,-0.9888342,116.6365794
WB05-INV10,21,16,4,9890702.625,459574.605,-0.9888266,116.6366559,72.26,12.712,70.1,11.98,0.086,459581.542,9890701.79,-0.9888342,116.6367182
WB05-INV10,22,15,4,9890695.825,459512.821,-0.9888881,116.6361006,78.56,15.839,143.0,9.69,0.102,459519.758,9890694.99,-0.9888957,116.6361629
WB05-INV10,23,22,5,9890695.825,459528.267,-0.9888881,116.6362394,76.1,17.533,171.9,2.55,0.109,459535.204,9890694.99,-0.9888957,116.6363017
WB05-INV10,24,26,6,9890695.825,459543.713,-0.9888881,116.6363782,75.49,11.24,174.3,1.13,0.098,459550.65,9890694.99,-0.9888957,116.6364406
WB05-INV10,25,27,6,9890695.825,459559.159,-0.9888881,116.636517,74.87,7.896,101.8,7.73,0.088,459566.096,9890694.99,-0.9888957,116.6365794
WB05-INV10,26,28,6,9890695.825,459574.605,-0.9888882,116.6366559,72.63,11.815,78.6,11.59,0.06,459581.542,9890694.99,-0.9888957,116.6367182
WB05-INV11,1,15,4,9890688.225,459547.949,-0.9889569,116.6364163,73.4,16.602,192.5,-3.69,0.079,459549.975,9890687.311,-0.9889652,116.6364345
WB05-INV11,2,16,4,9890688.225,459563.395,-0.9889569,116.6365551,73.77,6.722,164.6,1.79,0.147,459565.421,9890687.311,-0.9889652,116.6365733
WB05-INV11,3,24,6,9890688.225,459578.841,-0.9889569,116.6366939,72.02,10.547,82.2,10.45,0.067,459580.867,9890687.311,-0.9889652,116.6367122
WB05-INV11,4,25,6,9890688.225,459594.287,-0.9889569,116.6368328,69.61,8.638,39.6,5.53,0.041,459596.313,9890687.311,-0.9889652,116.636851
WB05-INV11,5,26,6,9890688.225,459609.733,-0.9889569,116.6369716,67.81,9.671,40.8,6.35,0.06,459611.759,9890687.311,-0.9889652,116.6369898
WB05-INV11,6,18,4,9890680.925,459547.949,-0.9890229,116.6364163,71.1,15.106,204.6,-6.41,0.069,459550.438,9890680.09,-0.9890305,116.6364387
WB05-INV11,7,17,4,9890680.925,459563.395,-0.9890229,116.6365551,72.59,9.028,201.4,-3.32,0.127,459565.884,9890680.09,-0.9890305,116.6365775
WB05-INV11,8,27,6,9890680.925,459578.841,-0.989023,116.6366939,72.1,8.028,86.1,8.01,0.055,459581.33,9890680.09,-0.9890305,116.6367163
WB05-INV11,9,28,6,9890680.925,459594.287,-0.989023,116.6368328,70.37,6.456,78.0,6.32,0.101,459596.776,9890680.09,-0.9890305,116.6368551
WB05-INV11,10,20,5,9890680.925,459609.733,-0.989023,116.6369716,68.31,8.304,105.8,7.99,0.052,459612.222,9890680.09,-0.9890306,116.636994
WB05-INV11,11,10,3,9890673.625,459528.307,-0.989089,116.6362397,70.87,8.069,130.7,6.13,0.165,459535.245,9890672.79,-0.9890965,116.6363021
WB05-INV11,12,11,3,9890673.625,459543.793,-0.989089,116.6363789,69.38,13.066,208.8,-6.38,0.176,459550.731,9890672.79,-0.9890965,116.6364413
WB05-INV11,13,12,3,9890673.625,459559.159,-0.989089,116.636517,70.95,9.689,211.6,-5.11,0.055,459566.096,9890672.79,-0.9890966,116.6365794
WB05-INV11,14,21,5,9890673.625,459574.605,-0.989089,116.6366559,72.08,3.944,97.4,3.91,0.101,459581.542,9890672.79,-0.9890966,116.6367182
WB05-INV11,15,22,5,9890673.625,459590.551,-0.989089,116.6367992,70.98,7.678,86.6,7.66,0.053,459596.988,9890672.79,-0.9890966,116.636857
WB05-INV11,16,23,5,9890673.625,459605.497,-0.989089,116.6369335,68.84,9.577,102.3,9.36,0.074,459612.434,9890672.79,-0.9890966,116.6369959
WB05-INV11,17,13,3,9890666.625,459543.793,-0.9891523,116.6363789,68.28,9.922,207.2,-4.57,0.239,459550.731,9890665.79,-0.9891599,116.6364413
WB05-INV11,18,14,3,9890666.625,459559.159,-0.9891523,116.636517,69.8,12.329,208.5,-5.95,0.074,459566.096,9890665.79,-0.9891599,116.6365794
WB05-INV11,19,6,2,9890666.625,459574.605,-0.9891523,116.6366558,71.27,5.544,178.7,0.13,0.175,459581.542,9890665.79,-0.9891599,116.6367182
WB05-INV11,20,1,1,9890666.625,459590.051,-0.9891523,116.6367947,70.91,7.421,113.3,6.82,0.046,459596.988,9890665.79,-0.9891599,116.636857
WB05-INV11,21,2,1,9890666.625,459605.497,-0.9891524,116.6369335,68.85,12.155,109.3,11.49,0.072,459612.434,9890665.79,-0.9891599,116.6369959
WB05-INV11,22,7,2,9890659.625,459574.605,-0.9892157,116.6366558,70.09,11.83,185.5,-1.15,0.132,459581.542,9890658.79,-0.9892232,116.6367182
WB05-INV11,23,3,1,9890659.625,459590.051,-0.9892157,116.6367947,70.16,11.715,143.7,7.0,0.06,459596.988,9890658.79,-0.9892232,116.636857
WB05-INV11,24,4,1,9890659.625,459605.497,-0.9892157,116.6369335,68.13,11.178,124.0,9.3,0.15,459612.434,9890658.79,-0.9892233,116.6369958
WB05-INV11,25,8,2,9890652.625,459574.605,-0.989279,116.6366558,68.43,12.315,192.1,-2.62,0.107,459581.542,9890651.79,-0.9892866,116.6367182
WB05-INV11,26,9,2,9890652.625,459590.051,-0.989279,116.6367947,68.97,12.239,143.0,7.44,0.063,459596.988,9890651.79,-0.9892866,116.636857
WB05-INV11,27,5,2,9890645.721,459583.766,-0.9893415,116.6367382,67.55,9.729,171.6,1.43,0.139,459590.704,9890644.885,-0.989349,116.6368005
WB05-INV12,1,25,6,9890761.325,459620.943,-0.9882956,116.6370724,75.14,11.735,127.6,9.35,0.063,459627.88,9890760.49,-0.9883032,116.6371348
WB05-INV12,2,27,6,9890761.325,459636.389,-0.9882956,116.6372112,72.46,12.977,125.1,10.68,0.125,459643.326,9890760.49,-0.9883032,116.6372736
WB05-INV12,3,20,5,9890761.325,459651.835,-0.9882956,116.6373501,69.83,10.757,175.6,0.84,0.066,459658.772,9890760.49,-0.9883032,116.6374124
WB05-INV12,4,21,5,9890761.325,459667.281,-0.9882957,116.6374889,69.58,13.798,122.9,11.65,0.117,459674.218,9890760.49,-0.9883032,116.6375513
WB05-INV12,5,15,4,9890754.125,459590.051,-0.9883607,116.6367948,72.51,16.815,206.8,-7.76,0.123,459596.988,9890753.29,-0.9883683,116.6368571
WB05-INV12,6,16,4,9890754.125,459605.497,-0.9883607,116.6369336,74.2,9.095,183.0,-0.48,0.091,459612.434,9890753.29,-0.9883683,116.6369959
WB05-INV12,7,26,6,9890754.125,459620.943,-0.9883608,116.6370724,74.13,10.339,126.2,8.37,0.128,459627.88,9890753.29,-0.9883683,116.6371348
WB05-INV12,8,28,6,9890754.125,459636.389,-0.9883608,116.6372112,71.78,13.915,121.0,11.99,0.167,459643.326,9890753.29,-0.9883683,116.6372736
WB05-INV12,9,22,5,9890754.125,459651.835,-0.9883608,116.6373501,68.99,9.332,169.1,1.78,0.092,459658.772,9890753.29,-0.9883684,116.6374124
WB05-INV12,10,17,4,9890746.925,459590.051,-0.9884259,116.6367948,70.38,16.954,210.4,-8.77,0.113,459596.988,9890746.09,-0.9884334,116.6368571
WB05-INV12,11,18,4,9890746.925,459605.497,-0.9884259,116.6369336,72.57,11.426,190.4,-2.09,0.11,459612.434,9890746.09,-0.9884334,116.6369959
WB05-INV12,12,10,3,9890746.925,459620.943,-0.9884259,116.6370724,73.06,12.135,144.5,7.12,0.148,459627.88,9890746.09,-0.9884335,116.6371348
WB05-INV12,13,6,2,9890746.925,459636.389,-0.9884259,116.6372112,70.81,13.721,113.3,12.64,0.069,459643.326,9890746.09,-0.9884335,116.6372736
WB05-INV12,14,23,5,9890746.925,459651.835,-0.9884259,116.6373501,67.49,9.339,169.5,1.72,0.089,459658.772,9890746.09,-0.9884335,116.6374124
WB05-INV12,15,11,3,9890739.325,459605.497,-0.9884946,116.6369336,71.09,13.051,192.2,-2.8,0.058,459612.434,9890738.49,-0.9885022,116.6369959
WB05-INV12,16,12,3,9890739.325,459620.943,-0.9884947,116.6370724,71.69,8.897,149.7,4.52,0.1,459627.88,9890738.49,-0.9885022,116.6371348
WB05-INV12,17,7,2,9890739.325,459636.389,-0.9884947,116.6372112,70.01,11.483,90.1,11.48,0.102,459643.326,9890738.49,-0.9885022,116.6372736
WB05-INV12,18,13,3,9890731.425,459605.497,-0.9885661,116.6369336,69.38,12.309,202.5,-4.77,0.103,459612.434,9890730.59,-0.9885737,116.6369959
WB05-INV12,19,14,3,9890731.425,459620.943,-0.9885661,116.6370724,70.52,6.764,155.5,2.82,0.074,459627.88,9890730.59,-0.9885737,116.6371347
WB05-INV12,20,8,2,9890731.425,459636.389,-0.9885661,116.6372112,69.52,10.064,115.3,9.12,0.069,459643.326,9890730.59,-0.9885737,116.6372736
WB05-INV12,21,1,1,9890723.825,459620.943,-0.9886349,116.6370724,69.33,7.562,165.2,1.94,0.103,459627.88,9890722.99,-0.9886424,116.6371347
WB05-INV12,22,9,2,9890723.825,459636.389,-0.9886349,116.6372112,68.64,8.974,116.1,8.07,0.103,459643.326,9890722.99,-0.9886425,116.6372736
WB05-INV12,23,2,1,9890716.511,459618.235,-0.9887011,116.637048,68.33,9.507,174.3,0.95,0.047,459625.173,9890715.676,-0.9887086,116.6371104
WB05-INV12,24,3,1,9890716.511,459636.389,-0.9887011,116.6372112,67.87,8.555,130.1,6.56,0.139,459643.326,9890715.69,-0.9887085,116.6372736
WB05-INV12,25,4,1,9890709.511,459626.51,-0.9887644,116.6371224,67.04,10.294,168.8,2.02,0.038,459633.448,9890708.69,-0.9887718,116.6371848
WB05-INV13,1,10,3,9890645.825,459512.821,-0.9893404,116.6361005,74.49,9.458,79.3,9.3,0.067,459519.758,9890644.99,-0.989348,116.6361629
WB05-INV13,2,6,2,9890645.825,459528.267,-0.9893405,116.6362393,71.81,13.045,62.5,11.61,0.102,459535.204,9890644.99,-0.989348,116.6363017
WB05-INV13,3,7,2,9890639.825,459512.821,-0.9893947,116.6361005,74.39,7.529,89.1,7.53,0.113,459519.758,9890638.99,-0.9894023,116.6361629
WB05-INV13,4,8,2,9890639.825,459528.267,-0.9893947,116.6362393,72.3,10.35,80.7,10.22,0.066,459535.204,9890638.99,-0.9894023,116.6363017
WB05-INV13,5,9,2,9890633.425,459512.821,-0.9894526,116.6361005,74.25,6.413,90.7,6.41,0.05,459519.758,9890632.59,-0.9894602,116.6361629
WB05-INV13,6,1,1,9890633.425,459528.267,-0.9894526,116.6362393,72.49,9.742,69.9,9.16,0.063,459535.204,9890632.59,-0.9894602,116.6363017
WB05-INV13,7,2,1,9890633.425,459543.713,-0.9894527,116.6363782,69.89,11.609,49.5,8.88,0.049,459550.65,9890632.59,-0.9894602,116.6364405
WB05-INV13,8,5,2,9890626.725,459512.821,-0.9895132,116.6361005,74.14,4.811,98.4,4.76,0.066,459519.758,9890625.89,-0.9895208,116.6361629
WB05-INV13,9,3,1,9890626.725,459528.267,-0.9895133,116.6362393,72.62,7.938,72.1,7.56,0.039,459535.204,9890625.89,-0.9895208,116.6363017
WB05-INV13,10,4,1,9890626.725,459543.713,-0.9895133,116.6363782,70.6,8.873,73.6,8.52,0.053,459550.65,9890625.89,-0.9895208,116.6364405
WB05-INV13,11,11,3,9890620.325,459512.821,-0.9895712,116.6361005,73.7,5.928,144.5,3.45,0.03,459519.758,9890619.49,-0.9895787,116.6361628
WB05-INV13,12,12,3,9890620.325,459528.267,-0.9895712,116.6362393,72.67,7.43,113.7,6.81,0.05,459535.204,9890619.49,-0.9895787,116.6363017
WB05-INV13,13,20,5,9890620.325,459543.713,-0.9895712,116.6363781,70.72,9.923,110.6,9.3,0.033,459550.65,9890619.49,-0.9895787,116.6364405
WB05-INV13,14,21,5,9890620.325,459559.159,-0.9895712,116.636517,68.17,7.755,62.1,6.86,0.343,459566.096,9890619.49,-0.9895788,116.6365793
WB05-INV13,15,13,3,9890613.725,459512.821,-0.9896309,116.6361005,73.16,9.318,152.6,4.32,0.065,459519.758,9890612.89,-0.9896384,116.6361628
WB05-INV13,16,14,3,9890613.725,459528.267,-0.9896309,116.6362393,71.88,13.764,147.2,7.56,0.089,459535.204,9890612.89,-0.9896384,116.6363017
WB05-INV13,17,22,5,9890613.725,459543.713,-0.9896309,116.6363781,70.0,12.376,135.8,8.7,0.047,459550.65,9890612.89,-0.9896385,116.6364405
WB05-INV13,18,23,5,9890613.725,459559.159,-0.9896309,116.636517,67.64,8.454,128.0,6.68,0.053,459566.096,9890612.89,-0.9896385,116.6365793
WB05-INV13,19,24,6,9890607.025,459512.821,-0.9896915,116.6361005,72.0,14.66,160.1,5.09,0.083,459519.758,9890606.19,-0.989699,116.6361628
WB05-INV13,20,25,6,9890607.025,459528.267,-0.9896915,116.6362393,70.68,14.098,146.4,7.91,0.069,459535.204,9890606.19,-0.9896991,116.6363017
WB05-INV13,21,26,6,9890607.025,459543.713,-0.9896915,116.6363781,68.62,11.183,139.9,7.26,0.054,459550.65,9890606.19,-0.9896991,116.6364405
WB05-INV13,22,27,6,9890607.025,459559.159,-0.9896915,116.636517,66.68,8.277,147.7,4.44,0.072,459566.096,9890606.19,-0.9896991,116.6365793
WB05-INV13,23,15,4,9890600.125,459512.821,-0.9897539,116.6361005,70.08,17.865,163.4,5.26,0.113,459519.758,9890599.29,-0.9897615,116.6361628
WB05-INV13,24,16,4,9890600.125,459528.267,-0.9897539,116.6362393,68.84,15.994,159.5,5.73,0.056,459535.204,9890599.29,-0.9897615,116.6363017
WB05-INV13,25,28,6,9890600.125,459543.713,-0.9897539,116.6363781,67.32,12.36,155.5,5.19,0.049,459550.65,9890599.29,-0.9897615,116.6364405
WB05-INV13,26,17,4,9890592.525,459512.821,-0.9898227,116.6361005,68.01,16.705,158.0,6.41,0.114,459519.758,9890591.69,-0.9898302,116.6361628
WB05-INV13,27,18,4,9890592.525,459528.267,-0.9898227,116.6362393,66.38,13.992,169.1,2.7,0.063,459535.204,9890591.69,-0.9898302,116.6363016
WB05-INV14,1,1,1,9890659.531,459732.929,-0.9892167,116.6380788,74.91,14.196,279.0,-14.03,0.052,459739.867,9890658.695,-0.9892242,116.6381412
WB05-INV14,2,2,1,9890659.531,459748.375,-0.9892167,116.6382177,78.69,10.127,301.7,-8.64,0.081,459755.313,9890658.695,-0.9892243,116.63828
WB05-INV14,3,5,2,9890659.531,459763.821,-0.9892167,116.6383565,81.09,9.448,314.8,-6.73,0.059,459770.759,9890658.695,-0.9892243,116.6384189
WB05-INV14,4,10,3,9890653.531,459686.591,-0.9892709,116.6376624,67.85,13.29,343.1,-3.93,0.103,459693.529,9890652.695,-0.9892785,116.6377247
WB05-INV14,5,6,2,9890653.531,459702.037,-0.9892709,116.6378012,68.99,13.05,327.3,-7.14,0.107,459708.975,9890652.695,-0.9892785,116.6378635
WB05-INV14,6,7,2,9890653.531,459717.483,-0.9892709,116.63794,71.18,14.892,272.2,-14.88,0.07,459724.421,9890652.695,-0.9892785,116.6380024
WB05-INV14,7,8,2,9890653.531,459732.929,-0.989271,116.6380788,75.29,13.998,276.3,-13.92,0.073,459739.867,9890652.695,-0.9892785,116.6381412
WB05-INV14,8,3,1,9890653.531,459748.375,-0.989271,116.6382177,78.96,10.749,282.7,-10.49,0.072,459755.313,9890652.695,-0.9892785,116.63828
WB05-INV14,9,4,1,9890653.531,459763.821,-0.989271,116.6383565,81.7,9.706,301.9,-8.26,0.329,459770.759,9890652.695,-0.9892786,116.6384188
WB05-INV14,10,11,3,9890647.531,459671.145,-0.9893252,116.6375235,67.57,13.767,334.1,-6.11,0.079,459678.083,9890646.695,-0.9893327,116.6375859
WB05-INV14,11,12,3,9890647.531,459686.591,-0.9893252,116.6376623,68.96,15.217,344.8,-4.08,0.078,459693.529,9890646.695,-0.9893328,116.6377247
WB05-INV14,12,13,3,9890647.531,459702.037,-0.9893252,116.6378012,70.66,14.095,341.7,-4.51,0.049,459708.975,9890646.695,-0.9893328,116.6378635
WB05-INV14,13,16,4,9890647.531,459717.483,-0.9893252,116.63794,71.76,11.571,290.5,-10.86,0.207,459724.421,9890646.695,-0.9893328,116.6380024
WB05-INV14,14,24,6,9890647.531,459732.929,-0.9893252,116.6380788,75.16,14.844,266.1,-14.81,0.054,459739.867,9890646.695,-0.9893328,116.6381412
WB05-INV14,15,18,4,9890647.531,459748.375,-0.9893253,116.6382177,79.17,10.734,274.1,-10.71,0.058,459755.313,9890646.695,-0.9893328,116.63828
WB05-INV14,16,19,5,9890647.531,459763.821,-0.9893253,116.6383565,81.96,6.068,266.6,-6.06,0.126,459770.759,9890646.695,-0.9893328,116.6384188
WB05-INV14,17,20,5,9890641.431,459655.699,-0.9893804,116.6373847,66.37,14.843,319.3,-9.8,0.041,459662.637,9890640.595,-0.9893879,116.637447
WB05-INV14,18,25,6,9890641.431,459671.145,-0.9893804,116.6375235,68.93,13.539,327.9,-7.29,0.052,459678.083,9890640.595,-0.9893879,116.6375859
WB05-INV14,19,15,4,9890641.431,459686.591,-0.9893804,116.6376623,70.74,17.199,344.0,-4.88,0.076,459693.529,9890640.595,-0.9893879,116.6377247
WB05-INV14,20,17,4,9890641.431,459702.037,-0.9893804,116.6378012,72.08,16.764,343.6,-4.86,0.057,459708.975,9890640.595,-0.989388,116.6378635
WB05-INV14,21,21,5,9890641.431,459717.483,-0.9893804,116.63794,73.36,14.796,341.5,-4.79,0.129,459724.421,9890640.595,-0.989388,116.6380024
WB05-INV14,22,22,5,9890641.431,459732.929,-0.9893804,116.6380788,75.02,14.737,275.8,-14.66,0.083,459739.867,9890640.595,-0.989388,116.6381412
WB05-INV14,23,23,5,9890641.431,459748.375,-0.9893804,116.6382177,79.13,9.916,256.6,-9.65,0.079,459755.313,9890640.595,-0.989388,116.63828
WB05-INV14,24,26,6,9890635.031,459655.699,-0.9894383,116.6373847,67.58,14.237,317.0,-9.82,0.064,459662.637,9890634.195,-0.9894458,116.637447
WB05-INV14,25,27,6,9890635.031,459671.145,-0.9894383,116.6375235,70.03,14.431,322.1,-8.98,0.072,459678.083,9890634.195,-0.9894458,116.6375859
WB05-INV15,1,2,1,9890635.031,459686.591,-0.9894383,116.6376623,72.4,16.383,340.2,-5.69,0.06,459693.529,9890634.195,-0.9894458,116.6377247
WB05-INV15,2,10,3,9890635.031,459702.037,-0.9894383,116.6378012,73.9,14.519,342.8,-4.38,0.062,459708.975,9890634.195,-0.9894459,116.6378635
WB05-INV15,3,6,2,9890635.031,459717.483,-0.9894383,116.63794,75.05,15.835,340.6,-5.38,0.101,459724.421,9890634.195,-0.9894459,116.6380023
WB05-INV15,4,11,3,9890635.031,459732.929,-0.9894383,116.6380788,76.51,15.069,320.8,-9.66,0.124,459739.867,9890634.195,-0.9894459,116.6381412
WB05-INV15,5,5,2,9890635.031,459748.375,-0.9894383,116.6382176,79.35,7.298,286.0,-7.02,0.12,459755.313,9890634.195,-0.9894459,116.63828
WB05-INV15,6,1,1,9890628.931,459655.699,-0.9894934,116.6373847,68.75,12.232,317.2,-8.38,0.083,459662.637,9890628.095,-0.989501,116.637447
WB05-INV15,7,4,1,9890628.931,459671.145,-0.9894935,116.6375235,70.97,13.226,305.3,-10.86,0.061,459678.083,9890628.095,-0.989501,116.6375859
WB05-INV15,8,3,1,9890628.931,459686.591,-0.9894935,116.6376623,73.74,13.631,333.9,-6.09,0.102,459693.529,9890628.095,-0.989501,116.6377247
WB05-INV15,9,7,2,9890628.931,459702.037,-0.9894935,116.6378012,75.4,14.006,340.1,-4.85,0.043,459708.975,9890628.095,-0.9895011,116.6378635
WB05-INV15,10,8,2,9890628.931,459717.483,-0.9894935,116.63794,76.63,15.233,337.4,-5.97,0.084,459724.421,9890628.095,-0.9895011,116.6380023
WB05-INV15,11,9,2,9890628.931,459732.429,-0.9894935,116.6380743,78.05,14.623,331.9,-7.01,0.077,459739.867,9890628.095,-0.9895011,116.6381412
WB05-INV15,12,13,3,9890622.931,459640.253,-0.9895477,116.6372458,67.18,10.512,301.2,-9.02,0.088,459647.191,9890622.095,-0.9895553,116.6373082
WB05-INV15,13,12,3,9890622.931,459655.699,-0.9895477,116.6373847,69.6,8.521,302.2,-7.23,0.09,459662.637,9890622.095,-0.9895553,116.637447
WB05-INV15,14,25,6,9890622.931,459671.145,-0.9895477,116.6375235,71.62,12.265,292.2,-11.38,0.074,459678.083,9890622.095,-0.9895553,116.6375859
WB05-INV15,15,19,5,9890622.931,459686.591,-0.9895478,116.6376623,74.69,8.731,299.8,-7.59,0.059,459693.529,9890622.095,-0.9895553,116.6377247
WB05-INV15,16,16,4,9890622.931,459702.037,-0.9895478,116.6378012,76.72,8.106,318.4,-5.4,0.054,459708.975,9890622.095,-0.9895553,116.6378635
WB05-INV15,17,20,5,9890622.931,459717.483,-0.9895478,116.63794,78.12,8.687,325.4,-4.96,0.052,459724.421,9890622.095,-0.9895553,116.6380023
WB05-INV15,18,18,4,9890622.931,459732.929,-0.9895478,116.6380788,79.57,,,,0.556,459739.867,9890622.095,-0.9895554,116.6381412
WB05-INV15,19,17,4,9890616.931,459640.253,-0.989602,116.6372458,67.56,9.7,290.0,-9.13,0.086,459647.191,9890616.095,-0.9896096,116.6373082
WB05-INV15,20,15,4,9890616.931,459655.699,-0.989602,116.6373847,70.11,7.25,278.4,-7.17,0.048,459662.637,9890616.095,-0.9896096,116.637447
WB05-INV15,21,21,5,9890616.931,459671.145,-0.989602,116.6375235,72.13,13.147,292.4,-12.19,0.08,459678.083,9890616.095,-0.9896096,116.6375858
WB05-INV15,22,22,5,9890616.931,459686.591,-0.989602,116.6376623,75.41,12.643,316.7,-8.75,0.079,459693.529,9890616.095,-0.9896096,116.6377247
WB05-INV15,23,26,6,9890616.931,459702.037,-0.9896021,116.6378011,77.81,11.595,325.7,-6.6,0.077,459708.975,9890616.095,-0.9896096,116.6378635
WB05-INV15,24,24,6,9890616.931,459718.665,-0.9896021,116.6379506,79.33,8.631,343.1,-2.53,0.12,459724.421,9890616.095,-0.9896096,116.6380023
WB05-INV16,1,1,1,9890610.831,459640.253,-0.9896572,116.6372458,67.71,9.555,256.9,-9.31,0.071,459647.191,9890609.995,-0.9896647,116.6373082
WB05-INV16,2,4,1,9890610.831,459655.699,-0.9896572,116.6373847,70.13,7.211,263.4,-7.16,0.056,459662.637,9890609.995,-0.9896648,116.637447
WB05-INV16,3,10,3,9890610.831,459671.145,-0.9896572,116.6375235,72.23,15.128,278.9,-14.95,0.078,459678.083,9890609.995,-0.9896648,116.6375858
WB05-INV16,4,24,6,9890610.831,459686.591,-0.9896572,116.6376623,76.29,10.453,300.6,-9.02,0.072,459693.529,9890609.995,-0.9896648,116.6377247
WB05-INV16,5,5,2,9890610.831,459702.037,-0.9896572,116.6378011,78.65,6.727,311.4,-5.06,0.056,459708.975,9890609.995,-0.9896648,116.6378635
WB05-INV16,6,6,2,9890610.831,459717.483,-0.9896573,116.63794,80.14,,,,1.275,459724.421,9890609.995,-0.9896648,116.6380023
WB05-INV16,7,3,1,9890604.531,459640.253,-0.9897142,116.6372458,67.16,13.712,226.2,-9.99,0.052,459647.191,9890603.695,-0.9897217,116.6373082
WB05-INV16,8,2,1,9890604.531,459655.699,-0.9897142,116.6373847,69.91,9.468,235.4,-7.82,0.07,459662.637,9890603.695,-0.9897218,116.637447
WB05-INV16,9,11,3,9890604.531,459671.145,-0.9897142,116.6375235,72.09,16.62,246.7,-15.33,0.125,459678.083,9890603.695,-0.9897218,116.6375858
WB05-INV16,10,16,4,9890604.531,459686.591,-0.9897142,116.6376623,76.29,10.888,253.1,-10.43,0.103,459693.529,9890603.695,-0.9897218,116.6377247
WB05-INV16,11,8,2,9890604.531,459702.037,-0.9897142,116.6378011,78.99,,,,0.591,459708.975,9890603.695,-0.9897218,116.6378635
WB05-INV16,12,7,2,9890604.531,459717.483,-0.9897143,116.63794,82.9,,,,0.62,459724.421,9890603.695,-0.9897218,116.6380023
WB05-INV16,13,12,3,9890597.131,459655.699,-0.9897811,116.6373846,68.4,14.912,220.0,-9.71,0.029,459662.637,9890596.295,-0.9897887,116.637447
WB05-INV16,14,13,3,9890597.131,459671.145,-0.9897812,116.6375235,71.11,16.515,251.3,-15.69,0.079,459678.083,9890596.295,-0.9897887,116.6375858
WB05-INV16,15,17,4,9890597.131,459686.591,-0.9897812,116.6376623,75.37,14.354,235.7,-11.94,0.092,459693.529,9890596.295,-0.9897887,116.6377247
WB05-INV16,16,18,4,9890597.131,459702.037,-0.9897812,116.6378011,78.62,6.372,233.9,-5.16,0.119,459708.975,9890596.295,-0.9897887,116.6378635
WB05-INV16,17,20,5,9890588.431,459671.145,-0.9898599,116.6375235,69.51,,,,0.834,459678.083,9890587.595,-0.9898674,116.6375858
WB05-INV16,18,26,6,9890588.431,459686.591,-0.9898599,116.6376623,74.06,17.698,223.6,-12.41,0.079,459693.529,9890587.595,-0.9898674,116.6377246
WB05-INV16,19,19,5,9890588.431,459702.037,-0.9898599,116.6378011,77.31,10.767,234.0,-8.75,0.092,459708.975,9890587.595,-0.9898675,116.6378635
WB05-INV16,20,22,5,9890582.431,459686.591,-0.9899142,116.6376623,72.15,19.427,234.1,-15.94,0.086,459693.529,9890581.595,-0.9899217,116.6377246
WB05-INV16,21,23,5,9890582.431,459702.037,-0.9899142,116.6378011,76.33,12.708,241.3,-11.19,0.103,459708.975,9890581.595,-0.9899217,116.6378635
WB05-INV16,22,21,5,9890576.031,459686.591,-0.9899721,116.6376623,70.58,20.454,246.4,-18.87,0.091,459693.529,9890575.195,-0.9899796,116.6377246
WB05-INV16,23,15,4,9890576.031,459702.037,-0.9899721,116.6378011,75.57,12.321,246.8,-11.35,0.089,459708.975,9890575.195,-0.9899796,116.6378635
WB05-INV16,24,27,6,9890569.331,459686.591,-0.9900327,116.6376623,69.76,19.323,275.7,-19.23,0.101,459693.529,9890568.495,-0.9900402,116.6377246
WB05-INV16,25,25,6,9890569.331,459702.037,-0.9900327,116.6378011,75.14,11.682,255.1,-11.3,0.078,459708.975,9890568.495,-0.9900403,116.6378635
WB05-INV17,1,1,1,9890538.031,459500.239,-0.9903157,116.6359873,65.13,5.447,340.9,-1.79,0.054,459507.177,9890537.195,-0.9903232,116.6360497
WB05-INV17,2,4,1,9890538.031,459516.685,-0.9903157,116.6361351,65.66,5.501,353.6,-0.62,0.075,459523.623,9890537.195,-0.9903232,116.6361975
WB05-INV17,3,5,2,9890531.931,459484.793,-0.9903708,116.6358485,64.77,7.478,329.7,-3.79,0.073,459491.731,9890531.095,-0.9903784,116.6359108
WB05-INV17,4,2,1,9890531.931,459500.239,-0.9903709,116.6359873,65.81,7.074,346.8,-1.62,0.03,459507.177,9890531.095,-0.9903784,116.6360497
WB05-INV17,5,3,1,9890531.931,459516.685,-0.9903709,116.6361351,66.17,6.638,351.5,-0.99,0.066,459523.623,9890531.095,-0.9903784,116.6361975
WB05-INV17,6,6,2,9890525.931,459469.347,-0.9904251,116.6357097,64.61,12.98,339.3,-4.66,0.067,459476.285,9890525.095,-0.9904327,116.635772
WB05-INV17,7,7,2,9890525.931,459484.793,-0.9904251,116.6358485,65.78,7.506,343.9,-2.09,0.05,459491.731,9890525.095,-0.9904327,116.6359108
WB05-INV17,8,10,3,9890525.931,459500.239,-0.9904251,116.6359873,66.47,7.683,346.4,-1.82,0.037,459507.177,9890525.095,-0.9904327,116.6360497
WB05-INV17,9,11,3,9890525.931,459515.685,-0.9904252,116.6361261,66.99,8.544,354.5,-0.82,0.033,,,,
WB05-INV17,10,15,4,9890519.931,459453.901,-0.9904794,116.6355708,64.28,7.379,320.4,-4.72,0.092,459460.839,9890519.095,-0.9904869,116.6356332
WB05-INV17,11,18,4,9890519.931,459469.347,-0.9904794,116.6357097,65.32,6.754,315.6,-4.74,0.056,459476.285,9890519.095,-0.990487,116.635772
WB05-INV17,12,8,2,9890519.931,459484.793,-0.9904794,116.6358485,66.54,7.388,339.9,-2.55,0.033,459491.731,9890519.095,-0.990487,116.6359108
WB05-INV17,13,12,3,9890519.931,459500.239,-0.9904794,116.6359873,67.22,7.531,343.7,-2.12,0.04,459507.177,9890519.095,-0.990487,116.6360497
WB05-INV17,14,13,3,9890519.931,459515.685,-0.9904794,116.6361261,67.73,8.658,351.4,-1.3,0.045,,,,
WB05-INV17,15,19,5,9890513.931,459453.901,-0.9905337,116.6355708,64.43,5.339,287.6,-5.09,0.066,459460.839,9890513.095,-0.9905412,116.6356332
WB05-INV17,16,16,4,9890513.931,459469.347,-0.9905337,116.6357097,65.73,11.179,331.3,-5.42,0.091,459476.285,9890513.095,-0.9905412,116.635772
WB05-INV17,17,17,4,9890513.931,459484.793,-0.9905337,116.6358485,67.04,7.692,341.4,-2.47,0.087,459491.731,9890513.095,-0.9905413,116.6359108
WB05-INV17,18,24,6,9890513.931,459500.239,-0.9905337,116.6359873,67.84,7.205,336.2,-2.92,0.028,459507.177,9890513.095,-0.9905413,116.6360497
WB05-INV17,19,26,6,9890513.931,459515.685,-0.9905337,116.6361261,68.61,8.354,347.8,-1.78,0.026,,,,
WB05-INV17,20,20,5,9890507.931,459453.901,-0.9905879,116.6355708,64.67,11.191,303.7,-9.35,0.123,459460.839,9890507.095,-0.9905955,116.6356332
WB05-INV17,21,25,6,9890507.931,459469.347,-0.990588,116.6357096,66.76,9.686,323.4,-5.81,0.087,459476.285,9890507.095,-0.9905955,116.635772
WB05-INV17,22,21,5,9890507.931,459484.793,-0.990588,116.6358485,68.24,9.735,356.8,-0.55,0.065,459491.731,9890507.095,-0.9905955,116.6359108
WB05-INV17,23,22,5,9890507.931,459500.239,-0.990588,116.6359873,68.54,7.624,343.4,-2.19,0.038,459507.177,9890507.095,-0.9905956,116.6360497
WB05-INV17,24,27,6,9890507.931,459515.685,-0.990588,116.6361261,69.23,4.555,333.2,-2.06,0.026,,,,
WB05-INV18,1,3,1,9890531.931,459532.131,-0.9903709,116.636274,66.26,9.456,359.7,-0.05,0.073,459539.069,9890531.095,-0.9903785,116.6363363
WB05-INV18,2,2,1,9890531.931,459547.577,-0.9903709,116.6364128,66.18,14.109,338.3,-5.31,0.072,459554.515,9890531.095,-0.9903785,116.6364751
WB05-INV18,3,1,1,9890531.931,459563.023,-0.9903709,116.6365516,67.52,12.047,358.3,-0.36,0.049,459569.961,9890531.095,-0.9903785,116.636614
WB05-INV18,4,4,1,9890525.931,459532.131,-0.9904252,116.636274,67.12,8.516,357.1,-0.43,0.068,459539.069,9890525.095,-0.9904327,116.6363363
WB05-INV18,5,6,2,9890525.931,459547.577,-0.9904252,116.6364128,67.38,12.233,333.9,-5.45,0.053,459554.515,9890525.095,-0.9904328,116.6364751
WB05-INV18,6,7,2,9890525.931,459563.023,-0.9904252,116.6365516,68.63,11.321,357.4,-0.52,0.074,459569.961,9890525.095,-0.9904328,116.636614
WB05-INV18,7,5,2,9890519.931,459532.131,-0.9904795,116.636274,68.02,10.77,352.2,-1.48,0.112,459539.069,9890519.095,-0.990487,116.6363363
WB05-INV18,8,8,2,9890519.931,459547.577,-0.9904795,116.6364128,68.49,12.261,336.9,-4.87,0.059,459554.515,9890519.095,-0.990487,116.6364751
WB05-INV18,9,9,2,9890519.931,459563.023,-0.9904795,116.6365516,69.64,9.487,351.3,-1.45,0.057,459569.961,9890519.095,-0.990487,116.636614
WB05-INV18,10,10,3,9890513.931,459532.131,-0.9905337,116.6362739,69.07,11.844,344.3,-3.25,0.13,459539.069,9890513.095,-0.9905413,116.6363363
WB05-INV18,11,11,3,9890513.931,459547.577,-0.9905337,116.6364128,69.9,9.743,344.0,-2.71,0.061,459554.515,9890513.095,-0.9905413,116.6364751
WB05-INV18,12,12,3,9890513.931,459563.023,-0.9905338,116.6365516,70.61,10.129,346.1,-2.46,0.042,459569.961,9890513.095,-0.9905413,116.636614
WB05-INV18,13,13,3,9890507.931,459532.131,-0.990588,116.6362739,69.82,5.138,314.7,-3.66,0.069,459539.069,9890507.095,-0.9905956,116.6363363
WB05-INV18,14,16,4,9890507.931,459547.577,-0.990588,116.6364128,70.89,5.124,330.1,-2.56,0.047,459554.515,9890507.095,-0.9905956,116.6364751
WB05-INV18,15,15,4,9890507.931,459563.023,-0.990588,116.6365516,71.61,7.338,343.0,-2.16,0.043,459569.961,9890507.095,-0.9905956,116.6366139
WB05-INV18,16,19,5,9890501.931,459516.685,-0.9906423,116.6361351,70.37,7.565,351.9,-1.07,0.084,459523.623,9890501.095,-0.9906499,116.6361975
WB05-INV18,17,14,3,9890501.931,459532.131,-0.9906423,116.6362739,70.56,3.286,320.6,-2.09,0.048,459539.069,9890501.095,-0.9906499,116.6363363
WB05-INV18,18,18,4,9890501.931,459547.577,-0.9906423,116.6364128,71.16,3.057,252.0,-2.91,0.055,459554.515,9890501.095,-0.9906499,116.6364751
WB05-INV18,19,17,4,9890501.931,459563.023,-0.9906423,116.6365516,71.97,3.599,268.9,-3.6,0.048,459569.961,9890501.095,-0.9906499,116.6366139
WB05-INV18,20,20,5,9890495.556,459516.685,-0.9907,116.6361351,71.05,3.992,162.3,1.22,0.094,459523.623,9890494.72,-0.9907075,116.6361975
WB05-INV18,21,21,5,9890495.556,459532.131,-0.9907,116.6362739,70.65,10.641,171.3,1.63,0.085,459539.069,9890494.72,-0.9907075,116.6363363
WB05-INV18,22,24,6,9890495.556,459547.577,-0.9907,116.6364128,70.16,13.769,193.2,-3.2,0.065,459554.515,9890494.72,-0.9907076,116.6364751
WB05-INV18,23,25,6,9890495.556,459563.023,-0.9907,116.6365516,70.95,15.141,208.8,-7.43,0.127,459569.961,9890494.72,-0.9907076,116.6366139
WB05-INV18,24,22,5,9890488.431,459516.685,-0.9907644,116.6361351,70.36,12.974,164.4,3.55,0.084,459523.623,9890487.595,-0.990772,116.6361974
WB05-INV18,25,26,6,9890488.431,459532.131,-0.9907644,116.6362739,69.3,15.106,169.4,2.84,0.073,459539.069,9890487.595,-0.990772,116.6363363
WB05-INV18,26,27,6,9890488.431,459547.577,-0.9907645,116.6364127,68.59,14.433,181.1,-0.28,0.097,459554.515,9890487.595,-0.990772,116.6364751
WB05-INV19,1,1,1,9890501.931,459453.901,-0.9906422,116.6355708,64.76,12.777,298.7,-11.25,0.063,459460.839,9890501.095,-0.9906498,116.6356332
WB05-INV19,2,2,1,9890501.931,459469.347,-0.9906422,116.6357096,67.6,11.524,319.9,-7.48,0.067,459476.285,9890501.095,-0.9906498,116.635772
WB05-INV19,3,5,2,9890501.931,459484.793,-0.9906423,116.6358485,69.46,11.484,3.1,0.63,0.075,459491.731,9890501.095,-0.9906498,116.6359108
WB05-INV19,4,4,1,9890501.931,459500.239,-0.9906423,116.6359873,69.53,13.101,351.6,-1.95,0.052,459507.177,9890501.095,-0.9906498,116.6360496
WB05-INV19,5,3,1,9890495.556,459454.901,-0.9906999,116.6355798,65.88,13.524,312.5,-10.06,0.08,459461.839,9890494.72,-0.9907075,116.6356421
WB05-INV19,6,,,9890495.556,459470.347,-0.9906999,116.6357186,68.53,9.68,309.1,-7.54,0.065,459477.285,9890494.72,-0.9907075,116.635781
WB05-INV19,7,7,2,9890495.556,459485.793,-0.9906999,116.6358574,70.52,4.319,347.2,-0.96,0.069,459492.731,9890494.72,-0.9907075,116.6359198
WB05-INV19,8,8,2,9890495.556,459501.239,-0.9906999,116.6359963,70.94,2.861,4.1,0.2,0.067,459508.177,9890494.72,-0.9907075,116.6360586
WB05-INV19,9,15,4,9890488.431,459439.455,-0.9907643,116.635441,64.54,12.986,324.8,-7.57,0.057,459446.393,9890487.595,-0.9907719,116.6355033
WB05-INV19,10,10,3,9890488.431,459454.901,-0.9907644,116.6355798,66.97,9.791,292.2,-9.08,0.084,459461.839,9890487.595,-0.9907719,116.6356421
WB05-INV19,11,12,3,9890488.431,459470.347,-0.9907644,116.6357186,69.45,4.624,278.4,-4.57,0.098,459477.285,9890487.595,-0.9907719,116.635781
WB05-INV19,12,25,6,9890488.431,459485.793,-0.9907644,116.6358574,70.61,7.136,178.8,0.15,0.066,459492.731,9890487.595,-0.990772,116.6359198
WB05-INV19,13,24,6,9890488.431,459501.239,-0.9907644,116.6359963,70.79,9.719,173.8,1.06,0.051,459508.177,9890487.595,-0.990772,116.6360586
WB05-INV19,14,,,9890481.031,459439.455,-0.9908313,116.635441,65.88,6.301,292.2,-5.84,0.052,459446.393,9890480.195,-0.9908389,116.6355033
WB05-INV19,15,9,2,9890481.031,459454.901,-0.9908313,116.6355798,67.38,9.261,218.4,-5.78,0.079,459461.839,9890480.195,-0.9908389,116.6356421
WB05-INV19,16,13,3,9890481.031,459470.347,-0.9908313,116.6357186,69.0,11.153,191.3,-2.21,0.118,459477.285,9890480.195,-0.9908389,116.635781
WB05-INV19,17,19,5,9890481.031,459485.793,-0.9908313,116.6358574,69.62,12.39,172.6,1.62,0.104,459492.731,9890480.195,-0.9908389,116.6359198
WB05-INV19,18,26,6,9890481.031,459501.239,-0.9908314,116.6359963,69.37,11.06,174.0,1.17,0.107,459508.177,9890480.195,-0.9908389,116.6360586
WB05-INV19,19,20,5,9890481.031,459516.685,-0.9908314,116.6361351,68.81,14.116,158.2,5.34,0.058,459523.623,9890480.195,-0.9908389,116.6361974
WB05-INV19,20,21,5,9890481.031,459532.131,-0.9908314,116.6362739,67.24,15.348,173.0,1.92,0.118,459538.999,9890480.551,-0.9908357,116.6363356
WB05-INV19,21,18,4,9890474.231,459439.455,-0.9908928,116.6354409,65.74,9.494,218.6,-5.96,0.051,459446.393,9890473.395,-0.9909004,116.6355033
WB05-INV19,22,17,4,9890467.7,459431.64,-0.9909519,116.6353707,64.86,5.875,191.4,-1.17,0.183,459438.022,9890467.448,-0.9909542,116.6354281
WB05-INV19,23,22,5,9890474.231,459470.347,-0.9908928,116.6357186,67.85,12.2,188.0,-1.72,0.072,459477.285,9890473.395,-0.9909004,116.635781
WB05-INV19,24,27,6,9890474.231,459485.793,-0.9908929,116.6358574,68.09,10.26,176.4,0.65,0.07,459492.731,9890473.395,-0.9909004,116.6359198
WB05-INV19,25,14,3,9890474.231,459501.239,-0.9908929,116.6359963,68.12,11.638,173.7,1.29,0.078,459508.177,9890473.395,-0.9909004,116.6360586
WB05-INV19,26,28,6,9890474.206,459516.561,-0.9908931,116.636134,67.53,10.522,151.3,5.1,0.082,459523.498,9890473.371,-0.9909007,116.6361963
WB06-INV01,1,28,6,9890888.731,459825.605,-0.9871432,116.638912,68.33,4.685,339.1,-1.67,0.104,459832.543,9890887.895,-0.9871507,116.6389744
WB06-INV01,2,27,6,9890888.731,459841.051,-0.9871432,116.6390509,68.84,5.976,22.9,2.33,0.12,459847.989,9890887.895,-0.9871508,116.6391132
WB06-INV01,3,18,4,9890882.731,459794.713,-0.9871974,116.6386344,68.26,7.881,337.2,-3.07,0.057,459801.651,9890881.895,-0.987205,116.6386967
WB06-INV01,4,17,4,9890882.731,459810.159,-0.9871974,116.6387732,68.96,7.503,14.5,1.89,0.065,459817.097,9890881.895,-0.987205,116.6388355
WB06-INV01,5,26,6,9890882.731,459825.605,-0.9871975,116.638912,68.52,4.627,327.8,-2.47,0.119,459832.543,9890881.895,-0.987205,116.6389744
WB06-INV01,6,25,6,9890882.731,459841.051,-0.9871975,116.6390508,69.25,6.543,20.4,2.29,0.16,459847.989,9890881.895,-0.987205,116.6391132
WB06-INV01,7,6,2,9890875.731,459779.267,-0.9872607,116.6384955,68.47,8.467,338.1,-3.18,0.046,459786.205,9890874.895,-0.9872683,116.6385579
WB06-INV01,8,16,4,9890875.731,459794.713,-0.9872608,116.6386344,69.17,8.028,340.1,-2.75,0.056,459801.651,9890874.895,-0.9872683,116.6386967
WB06-INV01,9,15,4,9890875.731,459810.159,-0.9872608,116.6387732,69.93,6.863,18.6,2.2,0.069,459817.097,9890874.895,-0.9872683,116.6388355
WB06-INV01,10,20,5,9890875.731,459825.605,-0.9872608,116.638912,69.24,5.292,334.1,-2.32,0.217,459832.543,9890874.895,-0.9872683,116.6389744
WB06-INV01,11,21,5,9890875.731,459841.051,-0.9872608,116.6390508,69.88,6.661,9.2,1.07,0.172,459847.989,9890874.895,-0.9872684,116.6391132
WB06-INV01,12,7,2,9890869.731,459779.267,-0.987315,116.6384955,69.15,8.286,329.7,-4.2,0.042,459786.205,9890868.895,-0.9873226,116.6385579
WB06-INV01,13,1,1,9890869.731,459794.713,-0.987315,116.6386344,70.12,8.644,346.4,-2.05,0.08,459801.651,9890868.895,-0.9873226,116.6386967
WB06-INV01,14,2,1,9890869.731,459810.594,-0.987315,116.6387771,70.63,7.46,20.5,2.63,0.089,459817.097,9890868.895,-0.9873226,116.6388355
WB06-INV01,15,22,5,9890869.731,459825.605,-0.9873151,116.638912,69.93,14.042,344.5,-3.82,0.283,459832.543,9890868.895,-0.9873226,116.6389744
WB06-INV01,16,10,3,9890869.731,459841.051,-0.9873151,116.6390508,71.01,12.975,12.7,2.9,0.125,459847.989,9890868.895,-0.9873226,116.6391132
WB06-INV01,17,11,3,9890869.731,459856.497,-0.9873151,116.6391897,70.24,8.677,44.3,6.08,0.075,459863.435,9890868.895,-0.9873227,116.639252
WB06-INV01,18,8,2,9890863.731,459763.821,-0.9873693,116.6383567,68.02,7.916,306.8,-6.35,0.047,459770.759,9890862.895,-0.9873769,116.638419
WB06-INV01,19,9,2,9890863.731,459779.267,-0.9873693,116.6384955,69.81,8.889,322.5,-5.44,0.061,459786.205,9890862.895,-0.9873769,116.6385579
WB06-INV01,20,3,1,9890863.731,459794.713,-0.9873693,116.6386344,71.17,8.466,353.9,-0.91,0.065,459801.651,9890862.895,-0.9873769,116.6386967
WB06-INV01,21,4,1,9890863.731,459810.594,-0.9873693,116.6387771,71.38,14.889,356.2,-1.01,0.239,459817.097,9890862.895,-0.9873769,116.6388355
WB06-INV01,22,23,5,9890863.731,459825.605,-0.9873693,116.638912,71.2,27.661,349.2,-5.61,0.218,459832.543,9890862.895,-0.9873769,116.6389744
WB06-INV01,23,12,3,9890863.731,459841.051,-0.9873694,116.6390508,73.06,15.939,24.9,6.86,0.103,459847.989,9890862.895,-0.9873769,116.6391132
WB06-INV01,24,13,3,9890863.731,459856.497,-0.9873694,116.6391897,71.24,11.628,40.7,7.64,0.062,459863.435,9890862.895,-0.9873769,116.639252
WB06-INV01,25,14,3,9890863.731,459871.943,-0.9873694,116.6393285,69.33,5.038,36.4,2.99,0.095,459878.881,9890862.895,-0.987377,116.6393908
WB06-INV02,1,10,3,9890857.731,459763.821,-0.9874236,116.6383567,68.43,7.977,295.9,-7.18,0.045,459770.759,9890856.895,-0.9874311,116.638419
WB06-INV02,2,18,4,9890857.731,459779.267,-0.9874236,116.6384955,70.36,8.184,312.6,-6.04,0.04,459786.205,9890856.895,-0.9874311,116.6385579
WB06-INV02,3,17,4,9890857.731,459794.713,-0.9874236,116.6386343,71.87,7.493,351.3,-1.14,0.041,459801.651,9890856.895,-0.9874312,116.6386967
WB06-INV02,4,28,6,9890857.731,459810.159,-0.9874236,116.6387732,72.19,16.753,331.1,-8.28,0.174,459817.097,9890856.895,-0.9874312,116.6388355
WB06-INV02,5,27,6,9890857.731,459825.605,-0.9874236,116.638912,74.05,19.625,350.5,-3.37,0.1,459832.543,9890856.895,-0.9874312,116.6389744
WB06-INV02,6,20,5,9890857.731,459841.051,-0.9874236,116.6390508,74.83,13.919,44.4,9.84,0.097,459847.989,9890856.895,-0.9874312,116.6391132
WB06-INV02,7,11,3,9890851.731,459763.821,-0.9874779,116.6383567,69.02,8.498,306.6,-6.84,0.044,459770.759,9890850.895,-0.9874854,116.638419
WB06-INV02,8,2,1,9890851.731,459779.267,-0.9874779,116.6384955,70.75,7.522,299.1,-6.58,0.048,459786.205,9890850.895,-0.9874854,116.6385579
WB06-INV02,9,16,4,9890851.731,459794.713,-0.9874779,116.6386343,72.58,10.11,337.0,-3.99,0.157,459801.651,9890850.895,-0.9874854,116.6386967
WB06-INV02,10,26,6,9890851.731,459810.159,-0.9874779,116.6387732,73.62,19.554,331.0,-9.77,0.093,459817.097,9890850.895,-0.9874855,116.6388355
WB06-INV02,11,25,6,9890851.731,459825.605,-0.9874779,116.638912,76.2,10.869,1.9,0.36,0.191,459832.543,9890850.895,-0.9874855,116.6389743
WB06-INV02,12,21,5,9890851.731,459841.051,-0.9874779,116.6390508,75.94,11.989,73.4,11.5,0.062,459847.989,9890850.895,-0.9874855,116.6391132
WB06-INV02,13,12,3,9890845.631,459748.375,-0.987533,116.6382179,67.26,8.56,266.2,-8.54,0.169,459755.313,9890844.795,-0.9875406,116.6382802
WB06-INV02,14,13,3,9890845.631,459763.821,-0.987533,116.6383567,69.44,8.282,304.7,-6.82,0.092,459770.759,9890844.795,-0.9875406,116.638419
WB06-INV02,15,1,1,9890845.631,459779.267,-0.9875331,116.6384955,71.14,7.508,298.0,-6.64,0.057,459786.205,9890844.795,-0.9875406,116.6385579
WB06-INV02,16,4,1,9890845.631,459794.713,-0.9875331,116.6386343,72.9,10.246,302.7,-8.65,0.114,459801.651,9890844.795,-0.9875406,116.6386967
WB06-INV02,17,6,2,9890845.631,459810.159,-0.9875331,116.6387732,75.22,4.911,279.4,-4.85,0.105,459817.097,9890844.795,-0.9875407,116.6388355
WB06-INV02,18,7,2,9890845.631,459825.605,-0.9875331,116.638912,76.8,6.552,168.6,1.3,0.193,459832.543,9890844.795,-0.9875407,116.6389743
WB06-INV02,19,22,5,9890845.631,459841.051,-0.9875331,116.6390508,76.14,10.205,81.6,10.1,0.077,459847.989,9890844.795,-0.9875407,116.6391132
WB06-INV02,20,3,1,9890839.531,459794.713,-0.9875883,116.6386343,73.25,7.922,284.9,-7.66,0.086,459801.651,9890838.695,-0.9875958,116.6386967
WB06-INV02,21,8,2,9890839.531,459810.159,-0.9875883,116.6387732,75.46,4.144,216.1,-2.44,0.077,459817.097,9890838.695,-0.9875958,116.6388355
WB06-INV02,22,9,2,9890839.531,459825.605,-0.9875883,116.638912,76.06,1.643,36.7,0.98,0.273,459832.543,9890838.695,-0.9875959,116.6389743
WB06-INV02,23,23,5,9890839.531,459841.051,-0.9875883,116.6390508,75.85,9.714,52.2,7.7,0.185,459847.989,9890838.695,-0.9875959,116.6391132
WB06-INV03,1,18,4,9890839.531,459748.375,-0.9875882,116.6382178,67.22,9.63,281.5,-9.44,0.183,459755.313,9890838.695,-0.9875958,116.6382802
WB06-INV03,2,17,4,9890839.531,459763.821,-0.9875882,116.6383567,69.65,9.511,302.8,-8.02,0.119,459770.759,9890838.695,-0.9875958,116.638419
WB06-INV03,3,28,6,9890839.531,459779.267,-0.9875882,116.6384955,71.69,8.768,311.3,-6.61,0.073,459786.205,9890838.695,-0.9875958,116.6385579
WB06-INV03,4,16,4,9890833.331,459748.375,-0.9876443,116.6382178,67.25,12.806,292.1,-11.89,0.18,459755.313,9890832.495,-0.9876519,116.6382802
WB06-INV03,5,15,4,9890833.331,459763.821,-0.9876443,116.6383567,70.28,11.601,308.3,-9.15,0.092,459770.759,9890832.495,-0.9876519,116.638419
WB06-INV03,6,27,6,9890833.331,459779.267,-0.9876443,116.6384955,72.56,10.796,322.3,-6.65,0.099,459786.205,9890832.495,-0.9876519,116.6385578
WB06-INV03,7,26,6,9890833.331,459794.713,-0.9876443,116.6386343,74.31,7.992,334.3,-3.48,0.081,459801.651,9890832.495,-0.9876519,116.6386967
WB06-INV03,8,25,6,9890833.331,459810.159,-0.9876444,116.6387731,75.25,12.919,321.6,-8.11,0.107,459817.097,9890832.495,-0.9876519,116.6388355
WB06-INV03,9,20,5,9890833.331,459825.605,-0.9876444,116.638912,76.89,15.529,358.3,-0.47,0.091,459832.543,9890832.495,-0.9876519,116.6389743
WB06-INV03,10,21,5,9890833.331,459841.051,-0.9876444,116.6390508,77.0,15.551,25.8,6.91,0.062,459847.989,9890832.495,-0.987652,116.6391132
WB06-INV03,11,10,3,9890827.331,459748.375,-0.9876986,116.6382178,67.31,13.632,286.7,-13.08,0.079,459755.313,9890826.495,-0.9877062,116.6382802
WB06-INV03,12,11,3,9890827.331,459763.821,-0.9876986,116.6383567,70.7,11.164,291.9,-10.38,0.083,459770.759,9890826.495,-0.9877062,116.638419
WB06-INV03,13,1,1,9890827.331,459779.267,-0.9876986,116.6384955,73.41,8.801,321.6,-5.49,0.113,459786.205,9890826.495,-0.9877062,116.6385578
WB06-INV03,14,2,1,9890827.331,459794.713,-0.9876986,116.6386343,74.92,7.41,326.7,-4.08,0.058,459801.651,9890826.495,-0.9877062,116.6386967
WB06-INV03,15,6,2,9890827.331,459810.159,-0.9876986,116.6387731,76.1,18.497,320.0,-12.14,0.2,459817.097,9890826.495,-0.9877062,116.6388355
WB06-INV03,16,7,2,9890827.331,459825.605,-0.9876987,116.638912,78.75,15.533,1.0,0.28,0.148,459832.543,9890826.495,-0.9877062,116.6389743
WB06-INV03,17,22,5,9890827.331,459841.051,-0.9876987,116.6390508,78.76,13.466,41.4,9.0,0.066,459847.989,9890826.495,-0.9877062,116.6391131
WB06-INV03,18,12,3,9890821.331,459748.375,-0.9877529,116.6382178,67.54,13.436,281.0,-13.2,0.054,459755.313,9890820.495,-0.9877604,116.6382802
WB06-INV03,19,13,3,9890821.331,459763.821,-0.9877529,116.6383567,71.2,11.601,283.6,-11.28,0.081,459770.759,9890820.495,-0.9877604,116.638419
WB06-INV03,20,3,1,9890821.331,459779.267,-0.9877529,116.6384955,73.93,6.246,312.9,-4.58,0.047,459786.205,9890820.495,-0.9877605,116.6385578
WB06-INV03,21,4,1,9890821.331,459794.713,-0.9877529,116.6386343,75.34,8.592,318.2,-5.75,0.121,459801.651,9890820.495,-0.9877605,116.6386967
WB06-INV03,22,8,2,9890821.331,459810.159,-0.9877529,116.6387731,77.23,17.163,313.1,-12.71,0.228,459817.097,9890820.495,-0.9877605,116.6388355
WB06-INV03,23,9,2,9890821.331,459825.605,-0.9877529,116.638912,80.17,11.807,1.6,0.33,0.192,459832.543,9890820.495,-0.9877605,116.6389743
WB06-INV03,24,23,5,9890821.331,459841.051,-0.987753,116.6390508,79.9,14.133,46.7,10.38,0.051,459847.989,9890820.495,-0.9877605,116.6391131
WB06-INV04,1,18,4,9890815.231,459748.375,-0.9878081,116.6382178,67.9,12.104,281.2,-11.88,0.074,459755.313,9890814.395,-0.9878156,116.6382802
WB06-INV04,2,17,4,9890815.231,459763.821,-0.9878081,116.6383566,71.28,11.232,272.7,-11.22,0.087,459770.759,9890814.395,-0.9878156,116.638419
WB06-INV04,3,28,6,9890815.231,459779.267,-0.9878081,116.6384955,74.2,7.374,299.8,-6.41,0.126,459786.205,9890814.395,-0.9878157,116.6385578
WB06-INV04,4,27,6,9890815.231,459794.713,-0.9878081,116.6386343,75.85,8.933,314.5,-6.4,0.141,459801.651,9890814.395,-0.9878157,116.6386967
WB06-INV04,5,20,5,9890815.231,459810.159,-0.9878081,116.6387731,77.88,13.5,263.4,-13.41,0.097,459817.097,9890814.395,-0.9878157,116.6388355
WB06-INV04,6,1,1,9890815.231,459825.605,-0.9878081,116.638912,81.41,4.219,7.4,0.54,0.125,459832.543,9890814.395,-0.9878157,116.6389743
WB06-INV04,7,6,2,9890815.231,459841.051,-0.9878081,116.6390508,80.91,13.517,51.2,10.61,0.053,459847.989,9890814.395,-0.9878157,116.6391131
WB06-INV04,8,16,4,9890808.931,459748.375,-0.9878651,116.6382178,68.35,10.47,280.6,-10.3,0.081,459755.313,9890808.095,-0.9878726,116.6382802
WB06-INV04,9,15,4,9890808.931,459763.821,-0.9878651,116.6383566,71.32,11.339,275.5,-11.29,0.084,459770.759,9890808.095,-0.9878726,116.638419
WB06-INV04,10,26,6,9890808.931,459779.267,-0.9878651,116.6384955,74.33,11.759,298.7,-10.35,0.109,459786.205,9890808.095,-0.9878726,116.6385578
WB06-INV04,11,25,6,9890808.931,459794.713,-0.9878651,116.6386343,76.98,7.82,338.9,-2.83,0.108,459801.651,9890808.095,-0.9878727,116.6386967
WB06-INV04,12,21,5,9890808.931,459810.159,-0.9878651,116.6387731,78.17,11.84,279.6,-11.68,0.058,459817.097,9890808.095,-0.9878727,116.6388355
WB06-INV04,13,2,1,9890808.931,459825.605,-0.9878651,116.638912,81.37,3.445,308.0,-2.72,0.133,459832.543,9890808.095,-0.9878727,116.6389743
WB06-INV04,14,7,2,9890808.931,459841.051,-0.9878651,116.6390508,81.69,12.875,49.2,9.82,0.076,459847.989,9890808.095,-0.9878727,116.6391131
WB06-INV04,15,10,3,9890802.631,459748.375,-0.987922,116.6382178,68.31,11.648,262.4,-11.55,0.075,459755.313,9890801.795,-0.9879296,116.6382802
WB06-INV04,16,11,3,9890802.631,459763.821,-0.9879221,116.6383566,71.39,11.679,272.5,-11.67,0.131,459770.759,9890801.795,-0.9879296,116.638419
WB06-INV04,17,12,3,9890802.631,459779.267,-0.9879221,116.6384955,74.51,11.62,271.8,-11.61,0.138,459786.205,9890801.795,-0.9879296,116.6385578
WB06-INV04,18,13,3,9890802.631,459794.713,-0.9879221,116.6386343,77.63,4.554,311.1,-3.43,0.072,459801.651,9890801.795,-0.9879297,116.6386966
WB06-INV04,19,22,5,9890802.631,459810.159,-0.9879221,116.6387731,78.53,10.73,252.7,-10.26,0.159,459817.097,9890801.795,-0.9879297,116.6388355
WB06-INV04,20,3,1,9890802.631,459825.605,-0.9879221,116.6389119,81.31,5.0,284.6,-4.84,0.15,459832.543,9890801.795,-0.9879297,116.6389743
WB06-INV04,21,8,2,9890802.631,459841.051,-0.9879221,116.6390508,82.4,11.724,47.3,8.67,0.135,459847.989,9890801.795,-0.9879297,116.6391131
WB06-INV04,22,23,5,9890796.231,459810.159,-0.98798,116.6387731,78.6,7.497,240.3,-6.52,0.18,459817.097,9890795.395,-0.9879876,116.6388355
WB06-INV04,23,4,1,9890796.231,459825.605,-0.98798,116.6389119,80.55,11.423,258.2,-11.19,0.251,459832.543,9890795.395,-0.9879876,116.6389743
WB06-INV04,24,9,2,9890796.231,459841.051,-0.98798,116.6390508,82.88,13.298,26.3,5.98,0.22,459847.989,9890795.395,-0.9879876,116.6391131
WB06-INV05,1,28,6,9890796.231,459748.375,-0.98798,116.6382178,68.38,11.073,282.4,-10.82,0.05,459755.313,9890795.395,-0.9879875,116.6382802
WB06-INV05,2,27,6,9890796.231,459763.821,-0.98798,116.6383566,71.46,11.022,265.4,-10.99,0.113,459770.759,9890795.395,-0.9879875,116.638419
WB06-INV05,3,20,5,9890796.231,459779.267,-0.98798,116.6384955,74.35,12.411,252.1,-11.83,0.112,459786.205,9890795.395,-0.9879875,116.6385578
WB06-INV05,4,21,5,9890796.231,459794.713,-0.98798,116.6386343,77.43,6.183,239.7,-5.34,0.09,459801.651,9890795.395,-0.9879876,116.6386966
WB06-INV05,5,26,6,9890789.931,459748.375,-0.9880369,116.6382178,68.52,11.276,257.2,-11.0,0.063,459755.313,9890789.095,-0.9880445,116.6382802
WB06-INV05,6,1,1,9890789.931,459763.821,-0.988037,116.6383566,71.37,10.029,242.4,-8.91,0.085,459770.759,9890789.095,-0.9880445,116.638419
WB06-INV05,7,22,5,9890789.931,459779.267,-0.988037,116.6384955,73.74,14.406,223.6,-10.05,0.124,459786.205,9890789.095,-0.9880445,116.6385578
WB06-INV05,8,23,5,9890789.931,459794.713,-0.988037,116.6386343,76.56,11.282,211.6,-5.97,0.074,459801.651,9890789.095,-0.9880446,116.6386966
WB06-INV05,9,10,3,9890789.931,459810.159,-0.988037,116.6387731,78.16,6.967,238.7,-5.96,0.053,459817.097,9890789.095,-0.9880446,116.6388355
WB06-INV05,10,6,2,9890789.931,459825.605,-0.988037,116.6389119,79.63,17.193,264.4,-17.12,0.136,459832.543,9890789.095,-0.9880446,116.6389743
WB06-INV05,11,18,4,9890789.931,459841.051,-0.988037,116.6390508,83.82,11.605,18.5,3.73,0.199,459847.989,9890789.095,-0.9880446,116.6391131
WB06-INV05,12,25,6,9890782.931,459748.375,-0.9881003,116.6382178,67.89,14.524,226.5,-10.64,0.079,459755.313,9890782.095,-0.9881078,116.6382801
WB06-INV05,13,2,1,9890782.931,459763.821,-0.9881003,116.6383566,70.71,14.353,212.5,-7.83,0.109,459770.759,9890782.095,-0.9881079,116.638419
WB06-INV05,14,3,1,9890782.931,459779.267,-0.9881003,116.6384954,72.72,16.767,206.8,-7.74,0.147,459786.205,9890782.095,-0.9881079,116.6385578
WB06-INV05,15,11,3,9890782.931,459794.713,-0.9881003,116.6386343,74.99,15.646,216.1,-9.37,0.105,459801.651,9890782.095,-0.9881079,116.6386966
WB06-INV05,16,12,3,9890782.931,459810.159,-0.9881003,116.6387731,77.34,8.719,225.4,-6.23,0.095,459817.097,9890782.095,-0.9881079,116.6388355
WB06-INV05,17,7,2,9890782.931,459825.605,-0.9881004,116.6389119,79.15,19.095,247.4,-17.72,0.113,459832.543,9890782.095,-0.9881079,116.6389743
WB06-INV05,18,17,4,9890782.931,459841.051,-0.9881004,116.6390508,84.12,6.629,334.2,-2.9,0.32,459847.989,9890782.095,-0.9881079,116.6391131
WB06-INV05,19,4,1,9890775.531,459779.267,-0.9881673,116.6384954,70.56,17.611,208.5,-8.61,0.094,459786.205,9890774.695,-0.9881748,116.6385578
WB06-INV05,20,13,3,9890775.531,459794.713,-0.9881673,116.6386343,73.0,16.978,224.0,-11.97,0.079,459801.651,9890774.695,-0.9881748,116.6386966
WB06-INV05,21,14,3,9890775.531,459810.159,-0.9881673,116.6387731,76.18,12.229,220.9,-8.08,0.129,459817.097,9890774.695,-0.9881749,116.6388354
WB06-INV05,22,8,2,9890775.531,459825.605,-0.9881673,116.6389119,78.17,18.923,250.4,-17.9,0.151,459832.543,9890774.695,-0.9881749,116.6389743
WB06-INV05,23,16,4,9890775.531,459841.051,-0.9881673,116.6390507,83.23,11.795,268.5,-11.79,0.449,459847.989,9890774.695,-0.9881749,116.6391131
WB06-INV05,24,9,2,9890768.331,459825.605,-0.9882324,116.6389119,77.72,17.977,255.4,-17.43,0.19,459832.543,9890767.495,-0.98824,116.6389743
WB06-INV05,25,15,4,9890768.331,459841.051,-0.9882325,116.6390507,82.44,17.876,265.2,-17.82,0.361,459847.989,9890767.495,-0.98824,116.6391131
WB06-INV06,1,10,3,9890767.931,459723.484,-0.988236,116.6379941,66.5,2.774,289.3,-2.62,0.084,459730.422,9890767.095,-0.9882435,116.6380564
WB06-INV06,2,11,3,9890761.331,459732.929,-0.9882957,116.6380789,67.45,9.088,345.3,-2.32,0.095,459739.867,9890760.495,-0.9883032,116.6381413
WB06-INV06,3,1,1,9890754.731,459717.483,-0.9883554,116.6379401,66.34,8.36,299.1,-7.32,0.056,459724.421,9890753.895,-0.9883629,116.6380025
WB06-INV06,4,12,3,9890754.731,459732.929,-0.9883554,116.6380789,68.19,8.811,332.2,-4.13,0.16,459739.867,9890753.895,-0.988363,116.6381413
WB06-INV06,5,2,1,9890754.731,459748.375,-0.9883554,116.6382178,68.98,13.202,2.7,0.63,0.077,459755.313,9890753.895,-0.988363,116.6382801
WB06-INV06,6,3,1,9890747.931,459717.483,-0.9884169,116.6379401,66.67,10.232,302.2,-8.68,0.033,459724.421,9890747.095,-0.9884245,116.6380025
WB06-INV06,7,13,3,9890747.931,459732.929,-0.9884169,116.6380789,69.02,6.33,310.3,-4.84,0.036,459739.867,9890747.095,-0.9884245,116.6381413
WB06-INV06,8,4,1,9890747.931,459748.375,-0.9884169,116.6382178,70.27,10.442,355.1,-0.9,0.081,459755.313,9890747.095,-0.9884245,116.6382801
WB06-INV06,9,6,2,9890747.931,459763.821,-0.9884169,116.6383566,70.48,13.601,3.6,0.87,0.15,459770.759,9890747.095,-0.9884245,116.6384189
WB06-INV06,10,7,2,9890768.331,459794.713,-0.9882324,116.6386343,71.59,13.448,228.9,-10.21,0.084,459801.651,9890767.495,-0.98824,116.6386966
WB06-INV06,11,18,4,9890768.331,459810.159,-0.9882324,116.6387731,74.54,14.798,236.9,-12.48,0.132,459817.097,9890767.495,-0.98824,116.6388354
WB06-INV06,12,17,4,9890761.331,459794.713,-0.9882957,116.6386343,70.76,13.495,213.0,-7.45,0.076,459801.651,9890760.495,-0.9883033,116.6386966
WB06-INV06,13,16,4,9890761.303,459810.934,-0.988296,116.63878,73.4,16.247,249.6,-15.28,0.251,459817.097,9890760.495,-0.9883033,116.6388354
WB06-INV06,14,15,4,9890761.303,459826.38,-0.988296,116.6389189,77.05,18.279,260.1,-18.02,0.184,459832.543,9890760.495,-0.9883033,116.6389743
WB06-INV06,15,28,6,9890761.303,459841.826,-0.988296,116.6390577,82.3,20.907,263.7,-20.79,0.204,459847.989,9890760.495,-0.9883034,116.6391131
WB06-INV06,16,27,6,9890754.731,459794.713,-0.9883555,116.6386342,69.99,9.122,241.8,-8.05,0.141,459801.651,9890753.895,-0.988363,116.6386966
WB06-INV06,17,8,2,9890754.703,459810.934,-0.9883557,116.63878,72.28,17.336,254.5,-16.74,0.106,459817.097,9890753.895,-0.988363,116.6388354
WB06-INV06,18,20,5,9890754.703,459826.38,-0.9883557,116.6389189,76.65,17.975,272.9,-17.95,0.272,459832.543,9890753.895,-0.988363,116.6389743
WB06-INV06,19,21,5,9890754.703,459841.826,-0.9883557,116.6390577,81.9,21.356,262.1,-21.17,0.073,459847.989,9890753.895,-0.9883631,116.6391131
WB06-INV06,20,26,6,9890747.931,459794.713,-0.988417,116.6386342,69.86,5.691,270.0,-5.69,0.059,459801.651,9890747.095,-0.9884245,116.6386966
WB06-INV06,21,9,2,9890747.903,459810.934,-0.9884172,116.63878,71.87,15.951,254.3,-15.38,0.065,459817.097,9890747.095,-0.9884246,116.6388354
WB06-INV06,22,22,5,9890747.903,459826.38,-0.9884172,116.6389189,76.06,21.186,266.6,-21.15,0.098,459832.543,9890747.095,-0.9884246,116.6389742
WB06-INV06,23,23,5,9890747.903,459841.826,-0.9884173,116.6390577,81.91,19.52,267.6,-19.5,0.066,459847.989,9890747.095,-0.9884246,116.6391131
WB06-INV07,1,18,4,9890741.331,459702.037,-0.9884766,116.6378013,66.03,5.343,302.9,-4.49,0.059,459708.975,9890740.495,-0.9884842,116.6378636
WB06-INV07,2,17,4,9890741.331,459717.483,-0.9884766,116.6379401,67.27,9.651,300.7,-8.32,0.055,459724.421,9890740.495,-0.9884842,116.6380024
WB06-INV07,3,28,6,9890741.331,459732.929,-0.9884766,116.6380789,69.53,9.751,325.7,-5.53,0.076,459739.867,9890740.495,-0.9884842,116.6381413
WB06-INV07,4,27,6,9890741.331,459748.375,-0.9884766,116.6382177,70.94,9.585,341.0,-3.15,0.089,459755.313,9890740.495,-0.9884842,116.6382801
WB06-INV07,5,1,1,9890741.331,459763.821,-0.9884767,116.6383566,71.87,11.197,0.6,0.12,0.113,459770.759,9890740.495,-0.9884842,116.6384189
WB06-INV07,6,10,3,9890741.331,459779.267,-0.9884767,116.6384954,71.61,11.385,23.2,4.54,0.155,459786.205,9890740.495,-0.9884842,116.6385578
WB06-INV07,7,11,3,9890741.331,459794.713,-0.9884767,116.6386342,70.68,7.166,332.9,-3.28,0.139,459801.651,9890740.495,-0.9884842,116.6386966
WB06-INV07,8,20,5,9890741.331,459810.159,-0.9884767,116.6387731,71.6,12.894,261.8,-12.77,0.122,459817.097,9890740.495,-0.9884843,116.6388354
WB06-INV07,9,21,5,9890741.331,459825.605,-0.9884767,116.6389119,75.27,23.098,268.8,-23.09,0.07,459832.543,9890740.495,-0.9884843,116.6389742
WB06-INV07,10,16,4,9890735.031,459702.037,-0.9885336,116.6378013,66.22,6.782,297.9,-6.0,0.054,459708.975,9890734.195,-0.9885412,116.6378636
WB06-INV07,11,15,4,9890735.031,459717.483,-0.9885336,116.6379401,67.86,9.319,298.9,-8.18,0.035,459724.421,9890734.195,-0.9885412,116.6380024
WB06-INV07,12,26,6,9890735.031,459732.929,-0.9885336,116.6380789,70.1,9.068,309.5,-7.02,0.046,459739.867,9890734.195,-0.9885412,116.6381413
WB06-INV07,13,25,6,9890735.031,459748.375,-0.9885336,116.6382177,71.92,10.536,341.2,-3.43,0.168,459755.313,9890734.195,-0.9885412,116.6382801
WB06-INV07,14,2,1,9890735.031,459763.821,-0.9885336,116.6383566,72.57,9.005,342.6,-2.71,0.118,459770.759,9890734.195,-0.9885412,116.6384189
WB06-INV07,15,12,3,9890735.031,459779.267,-0.9885337,116.6384954,72.99,13.291,22.6,5.19,0.103,459786.205,9890734.195,-0.9885412,116.6385578
WB06-INV07,16,13,3,9890735.031,459794.713,-0.9885337,116.6386342,71.74,12.486,346.9,-2.87,0.115,459801.651,9890734.195,-0.9885412,116.6386966
WB06-INV07,17,22,5,9890735.031,459810.159,-0.9885337,116.6387731,72.49,13.728,314.0,-9.97,0.194,459817.097,9890734.195,-0.9885413,116.6388354
WB06-INV07,18,23,5,9890735.031,459825.605,-0.9885337,116.6389119,75.24,22.752,275.1,-22.67,0.058,459832.543,9890734.195,-0.9885413,116.6389742
WB06-INV07,19,6,2,9890728.231,459702.037,-0.9885951,116.6378013,66.4,7.872,297.7,-6.98,0.048,459708.975,9890727.395,-0.9886027,116.6378636
WB06-INV07,20,7,2,9890728.231,459717.483,-0.9885951,116.6379401,68.42,10.399,301.1,-8.93,0.038,459724.421,9890727.395,-0.9886027,116.6380024
WB06-INV07,21,8,2,9890728.231,459732.929,-0.9885951,116.6380789,70.71,10.04,310.1,-7.71,0.056,459739.867,9890727.395,-0.9886027,116.6381413
WB06-INV07,22,9,2,9890728.231,459748.375,-0.9885952,116.6382177,72.71,8.729,319.7,-5.67,0.085,459755.313,9890727.395,-0.9886027,116.6382801
WB06-INV07,23,3,1,9890728.231,459763.821,-0.9885952,116.6383566,74.06,10.118,354.0,-1.07,0.099,459770.759,9890727.395,-0.9886027,116.6384189
WB06-INV07,24,4,1,9890728.231,459779.267,-0.9885952,116.6384954,74.36,11.981,27.9,5.67,0.089,459786.205,9890727.395,-0.9886028,116.6385577
WB06-INV07,25,14,3,9890728.231,459794.713,-0.9885952,116.6386342,72.94,11.7,336.4,-4.74,0.118,459801.651,9890727.395,-0.9886028,116.6386966
WB06-INV08,1,18,4,9890722.131,459702.037,-0.9886503,116.6378012,66.98,8.055,307.5,-6.41,0.101,459708.975,9890721.295,-0.9886579,116.6378636
WB06-INV08,2,17,4,9890722.131,459717.483,-0.9886503,116.6379401,68.81,11.826,303.9,-9.86,0.041,459724.421,9890721.295,-0.9886579,116.6380024
WB06-INV08,3,28,6,9890722.131,459732.929,-0.9886503,116.6380789,71.49,10.331,315.5,-7.28,0.042,459739.867,9890721.295,-0.9886579,116.6381413
WB06-INV08,4,27,6,9890722.131,459748.375,-0.9886503,116.6382177,73.4,9.863,319.0,-6.51,0.085,459755.313,9890721.295,-0.9886579,116.6382801
WB06-INV08,5,20,5,9890722.131,459763.821,-0.9886504,116.6383566,75.01,8.477,356.7,-0.49,0.076,459770.759,9890721.295,-0.9886579,116.6384189
WB06-INV08,6,21,5,9890722.131,459779.267,-0.9886504,116.6384954,75.0,10.901,21.7,4.07,0.142,459786.205,9890721.295,-0.9886579,116.6385577
WB06-INV08,7,10,3,9890722.131,459794.713,-0.9886504,116.6386342,74.11,12.627,336.1,-5.19,0.109,459801.651,9890721.295,-0.988658,116.6386966
WB06-INV08,8,11,3,9890722.131,459810.159,-0.9886504,116.638773,75.44,15.817,327.4,-8.68,0.094,459817.097,9890721.295,-0.988658,116.6388354
WB06-INV08,9,12,3,9890722.131,459825.605,-0.9886504,116.6389119,77.91,18.166,299.1,-16.0,0.14,459832.543,9890721.295,-0.988658,116.6389742
WB06-INV08,10,16,4,9890716.131,459702.037,-0.9887046,116.6378012,67.36,8.204,298.5,-7.22,0.085,459708.975,9890715.295,-0.9887121,116.6378636
WB06-INV08,11,15,4,9890716.131,459717.483,-0.9887046,116.6379401,69.44,12.146,298.3,-10.73,0.033,459724.421,9890715.295,-0.9887122,116.6380024
WB06-INV08,12,26,6,9890716.131,459732.929,-0.9887046,116.6380789,72.32,10.027,313.1,-7.36,0.028,459739.867,9890715.295,-0.9887122,116.6381413
WB06-INV08,13,25,6,9890716.131,459748.375,-0.9887046,116.6382177,74.23,9.503,320.1,-6.13,0.1,459755.313,9890715.295,-0.9887122,116.6382801
WB06-INV08,14,22,5,9890716.131,459763.821,-0.9887046,116.6383566,75.62,6.857,341.8,-2.15,0.031,459770.759,9890715.295,-0.9887122,116.6384189
WB06-INV08,15,23,5,9890716.131,459779.267,-0.9887047,116.6384954,76.22,10.42,13.2,2.4,0.093,459786.205,9890715.295,-0.9887122,116.6385577
WB06-INV08,16,13,3,9890716.131,459794.713,-0.9887047,116.6386342,75.43,13.537,340.9,-4.5,0.091,459801.651,9890715.295,-0.9887122,116.6386966
WB06-INV08,17,14,3,9890716.131,459810.159,-0.9887047,116.638773,76.58,14.793,320.5,-9.54,0.052,459817.097,9890715.295,-0.9887123,116.6388354
WB06-INV08,18,6,2,9890710.131,459702.037,-0.9887589,116.6378012,67.45,9.505,282.8,-9.27,0.072,459708.975,9890709.295,-0.9887664,116.6378636
WB06-INV08,19,7,2,9890710.131,459717.483,-0.9887589,116.6379401,69.98,12.043,293.3,-11.09,0.04,459724.421,9890709.295,-0.9887664,116.6380024
WB06-INV08,20,8,2,9890710.131,459732.929,-0.9887589,116.6380789,72.97,9.019,304.9,-7.42,0.04,459739.867,9890709.295,-0.9887665,116.6381412
WB06-INV08,21,9,2,9890710.131,459748.375,-0.9887589,116.6382177,74.93,8.242,318.3,-5.5,0.108,459755.313,9890709.295,-0.9887665,116.6382801
WB06-INV08,22,1,1,9890710.131,459763.821,-0.9887589,116.6383565,76.33,6.221,340.8,-2.05,0.038,459770.759,9890709.295,-0.9887665,116.6384189
WB06-INV08,23,2,1,9890710.131,459779.267,-0.9887589,116.6384954,76.96,9.023,9.6,1.52,0.083,459786.205,9890709.295,-0.9887665,116.6385577
WB06-INV08,24,3,1,9890710.131,459794.713,-0.988759,116.6386342,76.82,11.961,342.2,-3.71,0.096,459801.651,9890709.295,-0.9887665,116.6386966
WB06-INV08,25,4,1,9890710.131,459810.159,-0.988759,116.638773,78.01,10.51,318.6,-6.99,0.054,459817.097,9890709.295,-0.9887665,116.6388354
WB06-INV09,1,18,4,9890704.131,459686.591,-0.9888131,116.6376624,66.29,5.556,288.1,-5.28,0.059,459693.529,9890703.295,-0.9888207,116.6377248
WB06-INV09,2,17,4,9890704.131,459702.037,-0.9888131,116.6378012,67.64,13.27,308.1,-10.51,0.066,459708.975,9890703.295,-0.9888207,116.6378636
WB06-INV09,3,28,6,9890704.131,459717.483,-0.9888132,116.6379401,70.28,12.959,292.2,-12.03,0.058,459724.421,9890703.295,-0.9888207,116.6380024
WB06-INV09,4,27,6,9890704.131,459732.929,-0.9888132,116.6380789,73.55,8.298,305.2,-6.8,0.043,459739.867,9890703.295,-0.9888207,116.6381412
WB06-INV09,5,20,5,9890704.131,459748.375,-0.9888132,116.6382177,75.57,8.032,312.7,-5.92,0.166,459755.313,9890703.295,-0.9888208,116.6382801
WB06-INV09,6,21,5,9890704.131,459763.821,-0.9888132,116.6383565,76.88,7.787,340.2,-2.65,0.056,459770.759,9890703.295,-0.9888208,116.6384189
WB06-INV09,7,6,2,9890704.131,459779.267,-0.9888132,116.6384954,77.67,8.642,358.5,-0.23,0.07,459786.205,9890703.295,-0.9888208,116.6385577
WB06-INV09,8,7,2,9890704.131,459794.713,-0.9888132,116.6386342,77.77,9.121,332.8,-4.2,0.078,459801.651,9890703.295,-0.9888208,116.6386965
WB06-INV09,9,16,4,9890698.131,459686.591,-0.9888674,116.6376624,66.38,8.135,284.7,-7.87,0.084,459693.529,9890697.295,-0.988875,116.6377248
WB06-INV09,10,15,4,9890698.131,459702.037,-0.9888674,116.6378012,68.56,11.2,300.5,-9.68,0.049,459708.975,9890697.295,-0.988875,116.6378636
WB06-INV09,11,26,6,9890698.131,459717.483,-0.9888674,116.6379401,71.17,11.989,303.0,-10.1,0.046,459724.421,9890697.295,-0.988875,116.6380024
WB06-INV09,12,25,6,9890698.131,459732.929,-0.9888675,116.6380789,73.94,7.936,300.9,-6.82,0.057,459739.867,9890697.295,-0.988875,116.6381412
WB06-INV09,13,22,5,9890698.131,459748.375,-0.9888675,116.6382177,75.94,8.66,310.1,-6.65,0.128,459755.313,9890697.295,-0.988875,116.6382801
WB06-INV09,14,23,5,9890698.131,459763.821,-0.9888675,116.6383565,77.54,8.889,338.4,-3.3,0.052,459770.759,9890697.295,-0.9888751,116.6384189
WB06-INV09,15,8,2,9890698.131,459779.267,-0.9888675,116.6384954,78.55,8.815,349.4,-1.63,0.053,459786.205,9890697.295,-0.9888751,116.6385577
WB06-INV09,16,9,2,9890698.131,459794.713,-0.9888675,116.6386342,79.03,10.07,352.3,-1.36,0.092,459801.651,9890697.295,-0.9888751,116.6386965
WB06-INV09,17,1,1,9890692.131,459686.591,-0.9889217,116.6376624,66.36,8.453,261.4,-8.36,0.105,459693.529,9890691.295,-0.9889293,116.6377247
WB06-INV09,18,2,1,9890692.131,459702.037,-0.9889217,116.6378012,68.87,10.914,264.0,-10.86,0.044,459708.975,9890691.295,-0.9889293,116.6378636
WB06-INV09,19,10,3,9890692.131,459717.483,-0.9889217,116.63794,71.84,10.443,284.8,-10.1,0.052,459724.421,9890691.295,-0.9889293,116.6380024
WB06-INV09,20,11,3,9890692.131,459732.929,-0.9889217,116.6380789,74.46,9.135,305.6,-7.45,0.036,459739.867,9890691.295,-0.9889293,116.6381412
WB06-INV09,21,12,3,9890692.131,459748.375,-0.9889218,116.6382177,76.65,8.923,308.4,-7.01,0.092,459755.313,9890691.295,-0.9889293,116.6382801
WB06-INV09,22,13,3,9890692.131,459763.821,-0.9889218,116.6383565,78.41,8.166,331.0,-3.98,0.048,459770.759,9890691.295,-0.9889293,116.6384189
WB06-INV09,23,14,3,9890692.131,459779.267,-0.9889218,116.6384954,79.41,7.619,343.3,-2.2,0.037,459786.205,9890691.295,-0.9889294,116.6385577
WB06-INV09,24,3,1,9890685.931,459686.591,-0.9889778,116.6376624,66.4,7.499,276.1,-7.46,0.076,459693.529,9890685.095,-0.9889854,116.6377247
WB06-INV09,25,4,1,9890685.931,459702.037,-0.9889778,116.6378012,68.65,11.363,267.3,-11.35,0.042,459708.975,9890685.095,-0.9889854,116.6378636
WB06-INV10,1,20,5,9890685.931,459717.483,-0.9889778,116.63794,71.75,11.264,264.7,-11.22,0.04,459724.421,9890685.095,-0.9889854,116.6380024
WB06-INV10,2,6,2,9890685.931,459732.929,-0.9889778,116.6380789,74.78,8.948,282.0,-8.76,0.07,459739.867,9890685.095,-0.9889854,116.6381412
WB06-INV10,3,7,2,9890685.931,459748.375,-0.9889778,116.6382177,77.09,7.717,290.7,-7.22,0.055,459755.313,9890685.095,-0.9889854,116.63828
WB06-INV10,4,1,1,9890685.931,459763.821,-0.9889779,116.6383565,78.96,5.578,316.5,-3.85,0.042,459770.759,9890685.095,-0.9889854,116.6384189
WB06-INV10,5,2,1,9890685.931,459779.267,-0.9889779,116.6384953,79.95,5.487,324.3,-3.21,0.04,459786.205,9890685.095,-0.9889854,116.6385577
WB06-INV10,6,21,5,9890679.431,459686.591,-0.9890366,116.6376624,66.5,7.544,260.1,-7.43,0.047,459693.529,9890678.595,-0.9890442,116.6377247
WB06-INV10,7,22,5,9890679.431,459702.037,-0.9890366,116.6378012,68.52,11.953,253.8,-11.49,0.046,459708.975,9890678.595,-0.9890442,116.6378636
WB06-INV10,8,23,5,9890679.431,459717.483,-0.9890366,116.63794,71.57,11.426,264.0,-11.37,0.035,459724.421,9890678.595,-0.9890442,116.6380024
WB06-INV10,9,8,2,9890679.431,459732.929,-0.9890366,116.6380789,74.73,10.599,274.5,-10.57,0.092,459739.867,9890678.595,-0.9890442,116.6381412
WB06-INV10,10,9,2,9890679.431,459748.375,-0.9890367,116.6382177,77.45,8.605,297.8,-7.62,0.057,459755.313,9890678.595,-0.9890442,116.63828
WB06-INV10,11,3,1,9890679.431,459763.821,-0.9890367,116.6383565,79.45,5.581,321.2,-3.5,0.039,459770.759,9890678.595,-0.9890442,116.6384189
WB06-INV10,12,4,1,9890679.431,459779.267,-0.9890367,116.6384953,80.45,8.093,333.9,-3.58,0.063,459786.205,9890678.595,-0.9890442,116.6385577
WB06-INV10,13,15,4,9890673.031,459702.037,-0.9890945,116.6378012,68.09,13.066,236.3,-10.93,0.063,459708.975,9890672.195,-0.9891021,116.6378636
WB06-INV10,14,16,4,9890673.031,459717.483,-0.9890945,116.63794,70.99,13.554,250.4,-12.8,0.039,459724.421,9890672.195,-0.9891021,116.6380024
WB06-INV10,15,17,4,9890673.031,459732.929,-0.9890945,116.6380789,74.46,13.224,268.6,-13.22,0.056,459739.867,9890672.195,-0.9891021,116.6381412
WB06-INV10,16,18,4,9890673.031,459748.375,-0.9890946,116.6382177,77.9,9.294,302.6,-7.85,0.039,459755.313,9890672.195,-0.9891021,116.63828
WB06-INV10,17,25,6,9890673.031,459763.821,-0.9890946,116.6383565,79.94,6.426,326.9,-3.52,0.05,459770.759,9890672.195,-0.9891021,116.6384189
WB06-INV10,18,26,6,9890673.031,459779.267,-0.9890946,116.6384953,81.1,6.618,330.2,-3.3,0.116,459786.205,9890672.195,-0.9891022,116.6385577
WB06-INV10,19,10,3,9890666.031,459702.037,-0.9891578,116.6378012,67.04,12.826,271.2,-12.82,0.081,459708.975,9890665.195,-0.9891654,116.6378635
WB06-INV10,20,11,3,9890666.031,459717.483,-0.9891579,116.63794,70.48,14.575,276.9,-14.47,0.061,459724.421,9890665.195,-0.9891654,116.6380024
WB06-INV10,21,12,3,9890666.031,459732.929,-0.9891579,116.6380788,74.37,15.405,285.9,-14.84,0.049,459739.867,9890665.195,-0.9891654,116.6381412
WB06-INV10,22,27,6,9890666.031,459748.375,-0.9891579,116.6382177,78.34,8.235,291.3,-7.68,0.075,459755.313,9890665.195,-0.9891654,116.63828
WB06-INV10,23,28,6,9890666.031,459763.821,-0.9891579,116.6383565,80.44,8.383,320.5,-5.35,0.064,459770.759,9890665.195,-0.9891655,116.6384189
WB06-INV10,24,13,3,9890659.531,459702.037,-0.9892166,116.6378012,67.65,13.269,300.6,-11.47,0.173,459708.975,9890658.695,-0.9892242,116.6378635
WB06-INV10,25,,,9890659.531,459717.483,-0.9892167,116.63794,70.9,15.134,286.7,-14.52,0.058,459724.421,9890658.695,-0.9892242,116.6380024
WB06-INV11,1,28,6,9890857.731,459856.497,-0.9874237,116.6391897,72.28,11.135,54.3,9.08,0.036,459863.435,9890856.895,-0.9874312,116.639252
WB06-INV11,2,27,6,9890857.731,459871.943,-0.9874237,116.6393285,69.87,8.42,20.4,2.95,0.083,459878.881,9890856.895,-0.9874312,116.6393908
WB06-INV11,3,26,6,9890851.731,459856.497,-0.9874779,116.6391896,72.92,10.27,52.9,8.22,0.054,459863.435,9890850.895,-0.9874855,116.639252
WB06-INV11,4,25,6,9890851.731,459871.943,-0.987478,116.6393285,70.66,10.054,17.6,3.07,0.079,459878.881,9890850.895,-0.9874855,116.6393908
WB06-INV11,5,20,5,9890851.731,459887.389,-0.987478,116.6394673,70.05,7.51,12.5,1.63,0.073,459894.327,9890850.895,-0.9874855,116.6395297
WB06-INV11,6,21,5,9890845.631,459856.497,-0.9875331,116.6391896,73.37,8.621,43.8,5.99,0.055,459863.435,9890844.795,-0.9875407,116.639252
WB06-INV11,7,22,5,9890845.631,459871.943,-0.9875331,116.6393285,71.68,9.181,27.8,4.31,0.066,459878.881,9890844.795,-0.9875407,116.6393908
WB06-INV11,8,23,5,9890845.631,459887.389,-0.9875332,116.6394673,70.57,7.494,6.2,0.81,0.074,459894.327,9890844.795,-0.9875407,116.6395296
WB06-INV11,9,18,4,9890839.531,459856.497,-0.9875883,116.6391896,73.88,11.364,22.4,4.38,0.079,459863.435,9890838.695,-0.9875959,116.639252
WB06-INV11,10,17,4,9890839.531,459871.943,-0.9875883,116.6393285,72.83,11.694,35.1,6.79,0.111,459878.881,9890838.695,-0.9875959,116.6393908
WB06-INV11,11,6,2,9890839.531,459887.389,-0.9875883,116.6394673,71.33,6.041,11.1,1.17,0.114,459894.327,9890838.695,-0.9875959,116.6395296
WB06-INV11,12,16,4,9890833.331,459856.497,-0.9876444,116.6391896,75.26,9.713,30.2,4.92,0.15,459863.435,9890832.495,-0.987652,116.639252
WB06-INV11,13,15,4,9890833.331,459871.943,-0.9876444,116.6393285,74.04,9.818,44.6,6.93,0.079,459878.881,9890832.495,-0.987652,116.6393908
WB06-INV11,14,7,2,9890833.331,459887.389,-0.9876444,116.6394673,72.2,6.885,25.0,2.92,0.073,459894.327,9890832.495,-0.987652,116.6395296
WB06-INV11,15,8,2,9890833.331,459902.835,-0.9876445,116.6396061,71.45,8.243,52.2,6.53,0.043,459909.773,9890832.495,-0.987652,116.6396685
WB06-INV11,16,10,3,9890827.331,459856.497,-0.9876987,116.6391896,76.28,9.348,43.5,6.46,0.152,459863.435,9890826.495,-0.9877063,116.639252
WB06-INV11,17,11,3,9890827.331,459871.943,-0.9876987,116.6393284,74.35,9.615,24.3,3.99,0.067,459878.881,9890826.495,-0.9877063,116.6393908
WB06-INV11,18,1,1,9890827.331,459887.389,-0.9876987,116.6394673,73.25,8.877,26.9,4.04,0.05,459894.327,9890826.495,-0.9877063,116.6395296
WB06-INV11,19,9,2,9890827.331,459902.835,-0.9876987,116.6396061,72.08,8.031,55.6,6.64,0.042,459909.773,9890826.495,-0.9877063,116.6396685
WB06-INV11,20,12,3,9890821.331,459856.497,-0.987753,116.6391896,77.12,10.351,37.7,6.37,0.147,459863.435,9890820.495,-0.9877605,116.639252
WB06-INV11,21,13,3,9890821.331,459871.943,-0.987753,116.6393284,75.1,9.293,19.9,3.19,0.055,459878.881,9890820.495,-0.9877606,116.6393908
WB06-INV11,22,2,1,9890821.331,459887.389,-0.987753,116.6394673,74.21,8.384,40.4,5.46,0.08,459894.327,9890820.495,-0.9877606,116.6395296
WB06-INV11,23,3,1,9890821.331,459903.267,-0.987753,116.63961,72.64,9.003,68.7,8.4,0.077,459909.773,9890820.495,-0.9877606,116.6396685
WB06-INV11,24,4,1,9890821.331,459918.281,-0.987753,116.6397449,70.55,6.267,51.9,4.94,0.045,459925.219,9890820.495,-0.9877606,116.6398073
WB06-INV12,1,28,6,9890815.231,459856.497,-0.9878082,116.6391896,78.03,11.779,38.2,7.35,0.086,459863.435,9890814.395,-0.9878157,116.639252
WB06-INV12,2,27,6,9890815.231,459871.943,-0.9878082,116.6393284,76.11,7.62,26.8,3.45,0.059,459878.881,9890814.395,-0.9878157,116.6393908
WB06-INV12,3,20,5,9890815.231,459887.389,-0.9878082,116.6394673,74.91,8.131,68.1,7.55,0.083,459894.327,9890814.395,-0.9878158,116.6395296
WB06-INV12,4,21,5,9890815.231,459902.835,-0.9878082,116.6396061,72.98,8.087,60.4,7.04,0.081,459909.773,9890814.395,-0.9878158,116.6396684
WB06-INV12,5,22,5,9890815.231,459918.281,-0.9878082,116.6397449,71.12,7.0,58.3,5.96,0.053,459925.219,9890814.395,-0.9878158,116.6398073
WB06-INV12,6,18,4,9890808.931,459856.497,-0.9878652,116.6391896,78.98,11.451,44.5,8.08,0.067,459863.435,9890808.095,-0.9878727,116.639252
WB06-INV12,7,26,6,9890808.931,459871.943,-0.9878652,116.6393284,76.89,7.457,31.9,3.96,0.08,459878.881,9890808.095,-0.9878727,116.6393908
WB06-INV12,8,25,6,9890808.931,459887.389,-0.9878652,116.6394673,75.73,12.236,41.4,8.16,0.129,459894.327,9890808.095,-0.9878728,116.6395296
WB06-INV12,9,23,5,9890808.931,459902.835,-0.9878652,116.6396061,73.64,11.618,29.2,5.73,0.105,459909.773,9890808.095,-0.9878728,116.6396684
WB06-INV12,10,6,2,9890808.931,459918.281,-0.9878652,116.6397449,71.85,11.822,41.4,7.88,0.124,459925.219,9890808.095,-0.9878728,116.6398073
WB06-INV12,11,17,4,9890802.631,459856.497,-0.9879222,116.6391896,79.95,12.771,43.0,8.79,0.141,459863.435,9890801.795,-0.9879297,116.639252
WB06-INV12,12,16,4,9890802.631,459871.943,-0.9879222,116.6393284,77.98,8.043,32.1,4.29,0.134,459878.881,9890801.795,-0.9879297,116.6393908
WB06-INV12,13,15,4,9890802.631,459887.389,-0.9879222,116.6394673,76.63,12.735,28.4,6.14,0.076,459894.327,9890801.795,-0.9879298,116.6395296
WB06-INV12,14,7,2,9890802.631,459902.835,-0.9879222,116.6396061,74.78,14.091,21.4,5.23,0.093,459909.773,9890801.795,-0.9879298,116.6396684
WB06-INV12,15,8,2,9890802.631,459918.281,-0.9879222,116.6397449,73.16,15.549,36.8,9.46,0.06,459925.219,9890801.795,-0.9879298,116.6398073
WB06-INV12,16,9,2,9890802.631,459933.727,-0.9879222,116.6398837,70.75,7.689,47.5,5.68,0.094,459940.665,9890801.795,-0.9879298,116.6399461
WB06-INV12,17,10,3,9890796.231,459856.497,-0.9879801,116.6391896,81.27,13.91,43.2,9.62,0.162,459863.435,9890795.395,-0.9879876,116.6392519
WB06-INV12,18,11,3,9890796.231,459871.943,-0.9879801,116.6393284,78.51,11.586,14.5,2.94,0.097,459878.881,9890795.395,-0.9879876,116.6393908
WB06-INV12,19,12,3,9890796.231,459887.389,-0.9879801,116.6394672,77.67,10.255,34.1,5.79,0.091,459894.327,9890795.395,-0.9879877,116.6395296
WB06-INV12,20,,,9890796.231,459902.835,-0.9879801,116.6396061,76.26,10.986,28.8,5.34,0.069,459909.773,9890795.395,-0.9879877,116.6396684
WB06-INV12,21,1,1,9890796.231,459918.281,-0.9879801,116.6397449,74.57,15.619,37.8,9.72,0.06,459925.219,9890795.395,-0.9879877,116.6398073
WB06-INV12,22,2,1,9890796.231,459933.727,-0.9879801,116.6398837,71.92,12.302,44.2,8.64,0.101,459940.665,9890795.395,-0.9879877,116.6399461
WB06-INV12,23,3,1,9890789.931,459933.727,-0.9880371,116.6398837,73.25,15.888,45.0,11.38,0.069,459940.665,9890789.095,-0.9880447,116.6399461
WB06-INV12,24,4,1,9890789.931,459949.173,-0.9880371,116.6400225,70.26,5.743,24.4,2.38,0.155,459956.111,9890789.095,-0.9880447,116.6400849
WB06-INV13,1,28,6,9890789.931,459856.497,-0.9880371,116.6391896,82.31,15.955,37.5,9.87,0.144,459863.435,9890789.095,-0.9880446,116.6392519
WB06-INV13,2,27,6,9890789.931,459871.943,-0.9880371,116.6393284,79.84,8.695,13.7,2.07,0.382,459878.881,9890789.095,-0.9880446,116.6393908
WB06-INV13,3,26,6,9890789.931,459887.389,-0.9880371,116.6394672,78.87,11.778,39.8,7.6,0.064,459894.327,9890789.095,-0.9880446,116.6395296
WB06-INV13,4,20,5,9890789.931,459902.835,-0.9880371,116.6396061,77.03,8.113,29.5,4.02,0.091,459909.773,9890789.095,-0.9880447,116.6396684
WB06-INV13,5,21,5,9890789.931,459918.281,-0.9880371,116.6397449,75.73,13.766,35.8,8.16,0.082,459925.219,9890789.095,-0.9880447,116.6398072
WB06-INV13,6,18,4,9890782.931,459856.497,-0.9881004,116.6391896,84.28,16.883,50.6,13.2,0.097,459863.435,9890782.095,-0.9881079,116.6392519
WB06-INV13,7,17,4,9890782.931,459871.943,-0.9881004,116.6393284,80.87,8.841,28.2,4.2,0.093,459878.881,9890782.095,-0.988108,116.6393908
WB06-INV13,8,25,6,9890782.931,459887.389,-0.9881004,116.6394672,79.76,10.885,48.1,8.15,0.095,459894.327,9890782.095,-0.988108,116.6395296
WB06-INV13,9,22,5,9890782.931,459902.835,-0.9881004,116.6396061,77.73,5.536,34.5,3.14,0.063,459909.773,9890782.095,-0.988108,116.6396684
WB06-INV13,10,23,5,9890782.931,459918.281,-0.9881004,116.6397449,76.83,10.702,43.1,7.36,0.096,459925.219,9890782.095,-0.988108,116.6398072
WB06-INV13,11,6,2,9890782.931,459933.727,-0.9881005,116.6398837,74.72,15.632,56.2,13.09,0.052,459940.665,9890782.095,-0.988108,116.6399461
WB06-INV13,12,7,2,9890782.931,459949.173,-0.9881005,116.6400225,71.22,9.923,30.3,5.04,0.121,459956.111,9890782.095,-0.988108,116.6400849
WB06-INV13,13,10,3,9890775.531,459856.497,-0.9881673,116.6391896,85.58,16.026,44.7,11.42,0.074,459863.435,9890774.695,-0.9881749,116.6392519
WB06-INV13,14,16,4,9890775.531,459871.943,-0.9881673,116.6393284,82.36,12.425,38.1,7.74,0.139,459878.881,9890774.695,-0.9881749,116.6393908
WB06-INV13,15,15,4,9890775.531,459887.389,-0.9881674,116.6394672,80.36,10.067,42.3,6.81,0.085,459894.327,9890774.695,-0.9881749,116.6395296
WB06-INV13,16,8,2,9890775.531,459902.835,-0.9881674,116.6396061,78.56,6.954,46.0,5.01,0.069,459909.773,9890774.695,-0.9881749,116.6396684
WB06-INV13,17,9,2,9890775.531,459918.281,-0.9881674,116.6397449,77.18,4.533,68.9,4.23,0.077,459925.219,9890774.695,-0.988175,116.6398072
WB06-INV13,18,1,1,9890775.531,459933.727,-0.9881674,116.6398837,75.82,14.003,65.9,12.82,0.116,459940.665,9890774.695,-0.988175,116.6399461
WB06-INV13,19,2,1,9890775.531,459949.173,-0.9881674,116.6400225,72.55,11.668,20.8,4.19,0.244,459956.111,9890774.695,-0.988175,116.6400849
WB06-INV13,20,11,3,9890768.331,459871.943,-0.9882325,116.6393284,84.19,17.738,32.5,9.75,0.07,459878.881,9890767.495,-0.9882401,116.6393907
WB06-INV13,21,12,3,9890768.331,459887.389,-0.9882325,116.6394672,81.78,14.017,31.4,7.41,0.075,459894.327,9890767.495,-0.9882401,116.6395296
WB06-INV13,22,3,1,9890768.331,459902.835,-0.9882325,116.639606,79.61,11.482,46.4,8.37,0.065,459909.773,9890767.495,-0.9882401,116.6396684
WB06-INV13,23,4,1,9890768.331,459918.281,-0.9882325,116.6397449,77.5,6.536,62.4,5.8,0.062,459925.219,9890767.495,-0.9882401,116.6398072
WB06-INV13,24,13,3,9890768.331,459933.727,-0.9882325,116.6398837,76.01,10.891,40.9,7.18,0.179,459940.665,9890767.495,-0.9882401,116.6399461
WB06-INV13,25,14,3,9890768.331,459949.173,-0.9882326,116.6400225,74.2,12.371,30.4,6.33,0.095,459956.111,9890767.495,-0.9882401,116.6400849
WB06-INV14,1,18,4,9890768.331,459856.497,-0.9882325,116.6391896,86.52,12.512,38.6,7.88,0.135,459863.435,9890767.495,-0.98824,116.6392519
WB06-INV14,2,17,4,9890761.331,459856.497,-0.9882958,116.6391896,86.95,6.273,38.3,3.9,0.125,459863.435,9890760.495,-0.9883034,116.6392519
WB06-INV14,3,28,6,9890761.331,459871.943,-0.9882958,116.6393284,85.6,13.294,38.4,8.35,0.088,459878.881,9890760.495,-0.9883034,116.6393907
WB06-INV14,4,27,6,9890761.331,459887.389,-0.9882958,116.6394672,83.36,13.983,39.1,8.93,0.079,459894.327,9890760.495,-0.9883034,116.6395296
WB06-INV14,5,26,6,9890761.331,459902.835,-0.9882958,116.639606,80.9,14.759,40.5,9.71,0.041,459909.773,9890760.495,-0.9883034,116.6396684
WB06-INV14,6,20,5,9890761.331,459918.281,-0.9882959,116.6397449,78.42,11.227,40.9,7.4,0.046,459925.219,9890760.495,-0.9883034,116.6398072
WB06-INV14,7,21,5,9890761.331,459933.727,-0.9882959,116.6398837,76.34,6.756,40.0,4.35,0.129,459940.665,9890760.495,-0.9883034,116.639946
WB06-INV14,8,22,5,9890761.331,459949.173,-0.9882959,116.6400225,75.32,9.067,38.0,5.61,0.062,459956.111,9890760.495,-0.9883035,116.6400849
WB06-INV14,9,16,4,9890754.731,459856.497,-0.9883555,116.6391896,87.12,2.653,45.0,1.88,0.089,459863.435,9890753.895,-0.9883631,116.6392519
WB06-INV14,10,15,4,9890754.731,459871.943,-0.9883555,116.6393284,86.43,8.946,46.4,6.5,0.052,459878.881,9890753.895,-0.9883631,116.6393907
WB06-INV14,11,25,6,9890754.731,459887.389,-0.9883555,116.6394672,84.72,13.213,34.6,7.59,0.078,459894.327,9890753.895,-0.9883631,116.6395296
WB06-INV14,12,23,5,9890754.731,459902.835,-0.9883556,116.639606,82.38,16.465,32.1,8.93,0.086,459909.773,9890753.895,-0.9883631,116.6396684
WB06-INV14,13,6,2,9890754.731,459918.281,-0.9883556,116.6397449,79.83,14.895,39.9,9.68,0.091,459925.219,9890753.895,-0.9883631,116.6398072
WB06-INV14,14,7,2,9890754.731,459933.727,-0.9883556,116.6398837,77.37,12.261,31.9,6.55,0.102,459940.665,9890753.895,-0.9883632,116.639946
WB06-INV14,15,8,2,9890754.731,459949.173,-0.9883556,116.6400225,75.85,9.009,29.6,4.48,0.097,459956.111,9890753.895,-0.9883632,116.6400849
WB06-INV14,16,10,3,9890747.931,459856.497,-0.988417,116.6391895,86.95,2.492,164.5,0.67,0.083,459863.435,9890747.095,-0.9884246,116.6392519
WB06-INV14,17,11,3,9890747.931,459871.943,-0.988417,116.6393284,86.76,4.544,92.6,4.54,0.066,459878.881,9890747.095,-0.9884246,116.6393907
WB06-INV14,18,1,1,9890747.931,459887.389,-0.9884171,116.6394672,85.47,7.15,60.1,6.21,0.066,459894.327,9890747.095,-0.9884246,116.6395296
WB06-INV14,19,9,2,9890747.931,459902.835,-0.9884171,116.639606,83.8,11.086,56.9,9.32,0.054,459909.773,9890747.095,-0.9884246,116.6396684
WB06-INV14,20,2,1,9890747.931,459918.281,-0.9884171,116.6397449,81.2,12.581,48.2,9.45,0.072,459925.219,9890747.095,-0.9884247,116.6398072
WB06-INV14,21,3,1,9890747.931,459933.727,-0.9884171,116.6398837,78.59,11.261,39.7,7.25,0.043,459940.665,9890747.095,-0.9884247,116.639946
WB06-INV14,22,4,1,9890747.931,459949.173,-0.9884171,116.6400225,76.69,6.156,30.9,3.17,0.079,459956.111,9890747.095,-0.9884247,116.6400849
WB06-INV14,23,12,3,9890741.331,459841.051,-0.9884767,116.6390507,81.74,18.235,268.1,-18.23,0.16,459847.989,9890740.495,-0.9884843,116.6391131
WB06-INV14,24,13,3,9890741.331,459856.497,-0.9884767,116.6391895,86.46,5.785,176.6,0.34,0.137,459863.435,9890740.495,-0.9884843,116.6392519
WB06-INV14,25,14,3,9890735.031,459841.051,-0.9885337,116.6390507,81.82,14.481,260.8,-14.3,0.304,459847.989,9890734.195,-0.9885413,116.6391131
WB06-INV15,1,1,1,9890728.231,459810.159,-0.9885952,116.638773,74.2,14.583,327.4,-7.98,0.116,459817.097,9890727.395,-0.9886028,116.6388354
WB06-INV15,2,2,1,9890726.217,459828.36,-0.9886135,116.6389366,77.74,22.016,296.0,-19.97,0.098,459832.543,9890727.395,-0.9886028,116.6389742
WB06-INV15,3,10,3,9890714.659,459865.736,-0.988718,116.6392726,80.8,17.564,197.2,-5.35,0.063,459872.674,9890713.824,-0.9887256,116.6393349
WB06-INV15,4,11,3,9890714.659,459881.182,-0.9887181,116.6394114,82.35,15.218,181.7,-0.46,0.091,459888.12,9890713.824,-0.9887256,116.6394737
WB06-INV15,5,12,3,9890714.659,459896.628,-0.9887181,116.6395502,82.21,9.558,156.6,3.83,0.079,459903.566,9890713.824,-0.9887256,116.6396126
WB06-INV15,6,6,2,9890707.459,459850.29,-0.9887832,116.6391337,79.52,13.523,175.1,1.18,0.17,459857.228,9890706.624,-0.9887907,116.6391961
WB06-INV15,7,7,2,9890707.459,459865.736,-0.9887832,116.6392725,79.23,13.672,192.6,-3.04,0.047,459872.674,9890706.624,-0.9887908,116.6393349
WB06-INV15,8,13,3,9890707.459,459881.182,-0.9887832,116.6394114,80.05,11.234,202.6,-4.36,0.071,459888.12,9890706.624,-0.9887908,116.6394737
WB06-INV15,9,14,3,9890707.459,459896.628,-0.9887832,116.6395502,80.92,6.295,158.6,2.3,0.103,459903.566,9890706.624,-0.9887908,116.6396126
WB06-INV15,10,8,2,9890700.559,459850.951,-0.9888456,116.6391397,77.61,13.735,174.6,1.32,0.154,459857.228,9890699.724,-0.9888532,116.6391961
WB06-INV15,11,9,2,9890700.559,459865.736,-0.9888456,116.6392725,77.56,13.212,196.7,-3.86,0.054,459872.674,9890699.724,-0.9888532,116.6393349
WB06-INV15,12,18,4,9890700.559,459881.182,-0.9888456,116.6394114,78.61,11.744,213.6,-6.56,0.08,459888.12,9890699.724,-0.9888532,116.6394737
WB06-INV15,13,28,6,9890700.559,459896.628,-0.9888456,116.6395502,80.21,5.102,159.9,1.76,0.103,459903.566,9890699.724,-0.9888532,116.6396125
WB06-INV15,14,3,1,9890693.459,459834.844,-0.9889098,116.6389949,79.89,15.192,123.5,12.76,0.067,459841.782,9890692.624,-0.9889174,116.6390572
WB06-INV15,15,20,5,9890693.459,459850.29,-0.9889098,116.6391337,76.34,12.053,165.3,3.1,0.179,459857.228,9890692.624,-0.9889174,116.6391961
WB06-INV15,16,17,4,9890693.459,459865.736,-0.9889098,116.6392725,75.78,13.962,200.9,-5.07,0.08,459872.674,9890692.624,-0.9889174,116.6393349
WB06-INV15,17,16,4,9890693.459,459881.182,-0.9889099,116.6394114,77.19,12.804,221.0,-8.48,0.049,459888.12,9890692.624,-0.9889174,116.6394737
WB06-INV15,18,27,6,9890693.459,459896.628,-0.9889099,116.6395502,79.38,6.194,177.4,0.28,0.129,459903.566,9890692.624,-0.9889174,116.6396125
WB06-INV15,19,4,1,9890686.359,459834.844,-0.9889741,116.6389949,78.98,13.979,111.3,13.06,0.063,459841.782,9890685.524,-0.9889816,116.6390572
WB06-INV15,20,21,5,9890686.359,459850.29,-0.9889741,116.6391337,75.36,12.242,146.4,6.85,0.231,459857.228,9890685.524,-0.9889816,116.639196
WB06-INV15,21,15,4,9890686.359,459865.736,-0.9889741,116.6392725,74.0,14.909,205.3,-6.49,0.116,459872.674,9890685.524,-0.9889816,116.6393349
WB06-INV15,22,26,6,9890686.359,459881.182,-0.9889741,116.6394114,75.88,12.683,228.1,-9.51,0.057,459888.12,9890685.524,-0.9889817,116.6394737
WB06-INV15,23,25,6,9890686.359,459896.628,-0.9889741,116.6395502,78.31,8.07,189.1,-1.28,0.124,459903.566,9890685.524,-0.9889817,116.6396125
WB06-INV15,24,22,5,9890679.259,459834.844,-0.9890383,116.6389949,78.54,14.291,101.8,14.0,0.063,459841.782,9890678.424,-0.9890459,116.6390572
WB06-INV15,25,23,5,9890679.259,459850.29,-0.9890383,116.6391337,74.56,10.991,117.8,9.75,0.192,459857.228,9890678.424,-0.9890459,116.639196
WB06-INV16,1,28,6,9890679.259,459819.398,-0.9890383,116.638856,80.93,9.697,114.0,8.87,0.07,459826.336,9890678.424,-0.9890458,116.6389184
WB06-INV16,2,18,4,9890672.259,459819.398,-0.9891016,116.638856,80.61,10.474,114.2,9.57,0.056,459826.336,9890671.424,-0.9891092,116.6389184
WB06-INV16,3,27,6,9890672.259,459834.844,-0.9891016,116.6389949,78.02,13.118,91.1,13.12,0.126,459841.782,9890671.424,-0.9891092,116.6390572
WB06-INV16,4,17,4,9890665.259,459819.398,-0.9891649,116.638856,80.15,10.083,111.1,9.42,0.076,459826.336,9890664.424,-0.9891725,116.6389184
WB06-INV16,5,26,6,9890665.259,459834.844,-0.9891649,116.6389948,77.73,12.683,114.1,11.61,0.087,459841.782,9890664.424,-0.9891725,116.6390572
WB06-INV16,6,16,4,9890658.359,459803.952,-0.9892273,116.6387172,82.25,9.325,104.6,9.03,0.055,459810.89,9890657.524,-0.9892349,116.6387795
WB06-INV16,7,15,4,9890658.359,459819.398,-0.9892274,116.638856,79.82,12.032,118.4,10.62,0.068,459826.336,9890657.524,-0.9892349,116.6389184
WB06-INV16,8,20,5,9890658.359,459834.844,-0.9892274,116.6389948,76.79,11.175,121.1,9.6,0.065,459841.782,9890657.524,-0.9892349,116.6390572
WB06-INV16,9,21,5,9890658.359,459850.29,-0.9892274,116.6391337,74.2,11.592,92.4,11.58,0.055,459857.228,9890657.524,-0.989235,116.639196
WB06-INV16,10,10,3,9890651.159,459803.952,-0.9892925,116.6387172,82.14,10.764,107.0,10.3,0.059,459810.89,9890650.324,-0.9893,116.6387795
WB06-INV16,11,11,3,9890651.159,459819.398,-0.9892925,116.638856,79.33,14.082,112.3,13.07,0.107,459826.336,9890650.324,-0.9893001,116.6389184
WB06-INV16,12,22,5,9890651.159,459834.844,-0.9892925,116.6389948,76.04,12.412,131.4,9.37,0.047,459841.782,9890650.324,-0.9893001,116.6390572
WB06-INV16,13,23,5,9890651.159,459850.29,-0.9892925,116.6391337,73.62,11.692,120.0,10.16,0.089,459857.228,9890650.324,-0.9893001,116.639196
WB06-INV16,14,12,3,9890644.559,459803.952,-0.9893522,116.6387172,81.94,11.742,103.8,11.41,0.056,459810.89,9890643.724,-0.9893598,116.6387795
WB06-INV16,15,13,3,9890644.559,459819.398,-0.9893522,116.638856,78.85,12.588,81.6,12.46,0.073,459826.336,9890643.724,-0.9893598,116.6389184
WB06-INV16,16,14,3,9890644.559,459834.844,-0.9893522,116.6389948,75.41,12.256,94.8,12.21,0.139,459841.782,9890643.724,-0.9893598,116.6390572
WB06-INV16,17,1,1,9890637.859,459788.506,-0.9894128,116.6385783,82.97,4.568,131.6,3.42,0.066,459795.444,9890637.024,-0.9894204,116.6386407
WB06-INV16,18,2,1,9890637.859,459803.952,-0.9894128,116.6387172,81.7,10.872,87.7,10.86,0.043,459810.89,9890637.024,-0.9894204,116.6387795
WB06-INV16,19,6,2,9890637.859,459819.398,-0.9894128,116.638856,78.77,9.081,76.8,8.84,0.056,459826.336,9890637.024,-0.9894204,116.6389183
WB06-INV16,20,7,2,9890637.859,459834.844,-0.9894128,116.6389948,76.18,15.371,56.1,12.85,0.131,459841.782,9890637.024,-0.9894204,116.6390572
WB06-INV16,21,3,1,9890631.359,459789.338,-0.9894716,116.6385858,82.57,4.663,140.6,2.96,0.03,459795.444,9890630.524,-0.9894792,116.6386407
WB06-INV16,22,4,1,9890631.359,459803.952,-0.9894716,116.6387172,81.71,9.199,79.0,9.03,0.077,459810.89,9890630.524,-0.9894792,116.6387795
WB06-INV16,23,8,2,9890631.359,459819.398,-0.9894716,116.638856,79.15,10.965,72.0,10.44,0.039,459826.336,9890630.524,-0.9894792,116.6389183
WB06-INV16,24,9,2,9890631.359,459834.844,-0.9894716,116.6389948,76.42,10.077,74.1,9.7,0.078,459841.782,9890630.524,-0.9894792,116.6390572
WB06-INV16,25,25,6,9890665.259,459850.29,-0.989165,116.6391337,74.4,11.864,92.1,11.86,0.149,459857.228,9890664.424,-0.9891725,116.639196
WB06-INV17,1,20,5,9890624.859,459788.506,-0.9895304,116.6385783,82.12,5.407,152.1,2.54,0.05,459795.444,9890624.024,-0.989538,116.6386407
WB06-INV17,2,6,2,9890624.859,459803.952,-0.9895304,116.6387172,81.24,5.225,103.1,5.09,0.055,459810.89,9890624.024,-0.989538,116.6387795
WB06-INV17,3,18,4,9890624.859,459818.898,-0.9895304,116.6388515,79.69,10.433,75.0,10.08,0.033,459826.336,9890624.024,-0.989538,116.6389183
WB06-INV17,4,17,4,9890624.859,459834.844,-0.9895304,116.6389948,76.83,10.673,78.0,10.44,0.056,459841.782,9890624.024,-0.989538,116.6390572
WB06-INV17,5,16,4,9890624.859,459850.29,-0.9895305,116.6391336,73.94,14.329,85.3,14.28,0.056,459857.228,9890624.024,-0.989538,116.639196
WB06-INV17,6,28,6,9890618.659,459773.06,-0.9895865,116.6384395,81.42,12.21,173.6,1.38,0.064,459779.998,9890617.824,-0.989594,116.6385018
WB06-INV17,7,21,5,9890618.659,459788.506,-0.9895865,116.6385783,81.07,9.78,181.4,-0.24,0.066,459795.444,9890617.824,-0.9895941,116.6386407
WB06-INV17,8,7,2,9890618.659,459803.952,-0.9895865,116.6387171,80.94,5.206,126.7,4.18,0.049,459810.89,9890617.824,-0.9895941,116.6387795
WB06-INV17,9,1,1,9890618.659,459819.398,-0.9895865,116.638856,79.64,9.408,89.0,9.41,0.039,459826.336,9890617.824,-0.9895941,116.6389183
WB06-INV17,10,2,1,9890618.659,459834.844,-0.9895865,116.6389948,77.18,11.751,91.2,11.75,0.06,459841.782,9890617.824,-0.9895941,116.6390572
WB06-INV17,11,3,1,9890618.659,459850.29,-0.9895866,116.6391336,73.85,13.706,95.5,13.65,0.048,459857.228,9890617.824,-0.9895941,116.639196
WB06-INV17,12,27,6,9890612.259,459773.06,-0.9896444,116.6384395,79.94,14.112,174.9,1.28,0.118,459779.998,9890611.424,-0.9896519,116.6385018
WB06-INV17,13,22,5,9890612.259,459788.506,-0.9896444,116.6385783,79.63,12.415,187.2,-1.58,0.065,459795.444,9890611.424,-0.989652,116.6386407
WB06-INV17,14,8,2,9890612.259,459803.952,-0.9896444,116.6387171,80.18,6.515,161.1,2.12,0.115,459810.89,9890611.424,-0.989652,116.6387795
WB06-INV17,15,10,3,9890612.259,459819.398,-0.9896444,116.638856,79.55,8.613,89.8,8.61,0.056,459826.336,9890611.424,-0.989652,116.6389183
WB06-INV17,16,11,3,9890612.259,459834.844,-0.9896444,116.6389948,77.16,13.016,89.8,13.02,0.084,459841.782,9890611.424,-0.989652,116.6390572
WB06-INV17,17,4,1,9890612.259,459851.137,-0.9896445,116.6391412,73.46,12.501,91.0,12.5,0.092,459857.228,9890611.424,-0.989652,116.639196
WB06-INV17,18,26,6,9890605.659,459757.614,-0.9897041,116.6383007,80.27,12.729,149.5,6.54,0.054,459764.552,9890604.824,-0.9897116,116.638363
WB06-INV17,19,25,6,9890605.659,459773.06,-0.9897041,116.6384395,78.56,13.424,171.5,2.02,0.169,459779.998,9890604.824,-0.9897117,116.6385018
WB06-INV17,20,23,5,9890605.659,459788.506,-0.9897041,116.6385783,78.05,11.17,196.2,-3.15,0.086,459795.444,9890604.824,-0.9897117,116.6386407
WB06-INV17,21,9,2,9890605.659,459803.952,-0.9897041,116.6387171,79.01,6.277,199.8,-2.13,0.143,459810.89,9890604.824,-0.9897117,116.6387795
WB06-INV17,22,12,3,9890605.659,459819.398,-0.9897041,116.638856,79.26,6.788,88.6,6.79,0.071,459826.336,9890604.824,-0.9897117,116.6389183
WB06-INV17,23,13,3,9890605.659,459834.844,-0.9897042,116.6389948,77.31,12.493,71.5,11.87,0.094,459841.782,9890604.824,-0.9897117,116.6390571
WB06-INV17,24,14,3,9890605.659,459850.29,-0.9897042,116.6391336,73.84,15.304,40.4,10.06,0.057,459857.228,9890604.824,-0.9897117,116.639196
WB06-INV17,25,15,4,9890631.359,459850.29,-0.9894717,116.6391336,73.62,13.684,77.3,13.36,0.06,459857.228,9890630.524,-0.9894792,116.639196
WB06-INV18,1,20,5,9890728.759,459884.988,-0.9885905,116.6394456,85.13,5.852,118.2,5.16,0.053,459891.926,9890727.924,-0.9885981,116.639508
WB06-INV18,2,21,5,9890728.759,459900.434,-0.9885905,116.6395844,83.73,8.988,94.4,8.96,0.122,459907.372,9890727.924,-0.9885981,116.6396468
WB06-INV18,3,6,2,9890728.759,459915.88,-0.9885905,116.6397233,81.5,8.473,78.3,8.3,0.085,459922.818,9890727.924,-0.9885981,116.6397856
WB06-INV18,4,7,2,9890728.759,459931.326,-0.9885905,116.6398621,79.3,9.738,65.4,8.87,0.125,459938.264,9890727.924,-0.9885981,116.6399244
WB06-INV18,5,8,2,9890728.759,459946.793,-0.9885906,116.6400011,77.07,5.157,96.2,5.13,0.288,459953.73,9890727.924,-0.9885981,116.6400634
WB06-INV18,6,22,5,9890722.059,459881.182,-0.9886511,116.6394114,84.56,11.997,165.5,3.05,0.078,459888.12,9890721.224,-0.9886587,116.6394737
WB06-INV18,7,23,5,9890722.059,459896.628,-0.9886511,116.6395502,83.44,8.997,135.2,6.37,0.055,459903.566,9890721.224,-0.9886587,116.6396126
WB06-INV18,8,1,1,9890722.059,459912.074,-0.9886511,116.639689,81.72,9.676,123.9,8.05,0.04,459919.012,9890721.224,-0.9886587,116.6397514
WB06-INV18,9,2,1,9890722.059,459927.52,-0.9886512,116.6398279,79.61,15.893,132.6,11.84,0.1,459934.458,9890721.224,-0.9886587,116.6398902
WB06-INV18,10,10,3,9890722.059,459942.966,-0.9886512,116.6399667,76.43,11.917,152.7,5.53,0.161,459949.904,9890721.224,-0.9886587,116.640029
WB06-INV18,11,3,1,9890714.659,459912.074,-0.9887181,116.639689,80.92,10.519,128.8,8.23,0.036,459919.012,9890713.824,-0.9887257,116.6397514
WB06-INV18,12,4,1,9890714.659,459927.52,-0.9887181,116.6398279,78.55,14.451,120.6,12.51,0.048,459934.458,9890713.824,-0.9887257,116.6398902
WB06-INV18,13,11,3,9890714.659,459942.966,-0.9887181,116.6399667,75.21,12.723,143.4,7.67,0.161,459949.904,9890713.824,-0.9887257,116.640029
WB06-INV18,14,12,3,9890707.459,459912.119,-0.9887832,116.6396894,80.12,9.192,116.0,8.28,0.07,459919.012,9890706.624,-0.9887908,116.6397514
WB06-INV18,15,13,3,9890707.459,459927.52,-0.9887832,116.6398279,77.72,11.357,106.4,10.91,0.064,459934.458,9890706.624,-0.9887908,116.6398902
WB06-INV18,16,14,3,9890707.459,459942.966,-0.9887833,116.6399667,74.67,10.701,77.7,10.46,0.108,459949.904,9890706.624,-0.9887908,116.640029
WB06-INV18,17,18,4,9890700.559,459912.074,-0.9888457,116.639689,79.51,9.26,118.3,8.17,0.058,459919.012,9890699.724,-0.9888532,116.6397514
WB06-INV18,18,17,4,9890700.559,459927.52,-0.9888457,116.6398278,77.24,10.014,108.5,9.51,0.093,459934.458,9890699.724,-0.9888532,116.6398902
WB06-INV18,19,9,2,9890700.559,459942.966,-0.9888457,116.6399667,74.61,10.15,91.0,10.15,0.067,459949.904,9890699.724,-0.9888533,116.640029
WB06-INV18,20,16,4,9890693.459,459912.074,-0.9889099,116.639689,79.06,8.823,107.4,8.43,0.066,459919.012,9890692.624,-0.9889175,116.6397514
WB06-INV18,21,15,4,9890693.459,459927.52,-0.9889099,116.6398278,76.67,9.216,112.8,8.51,0.083,459934.458,9890692.624,-0.9889175,116.6398902
WB06-INV18,22,28,6,9890693.459,459942.966,-0.9889099,116.6399667,74.34,8.941,101.9,8.75,0.05,459949.904,9890692.624,-0.9889175,116.640029
WB06-INV18,23,27,6,9890686.359,459912.074,-0.9889741,116.639689,78.49,9.856,124.8,8.12,0.094,459919.012,9890685.524,-0.9889817,116.6397514
WB06-INV18,24,26,6,9890686.359,459927.52,-0.9889741,116.6398278,76.19,8.556,112.2,7.93,0.075,459934.458,9890685.524,-0.9889817,116.6398902
WB06-INV18,25,25,6,9890686.359,459942.966,-0.9889742,116.6399667,74.0,8.504,103.3,8.28,0.044,459949.904,9890685.524,-0.9889817,116.640029
WB06-INV19,1,1,1,9890679.259,459865.736,-0.9890383,116.6392725,72.21,10.892,230.7,-8.47,0.142,459872.674,9890678.424,-0.9890459,116.6393349
WB06-INV19,2,2,1,9890679.259,459881.182,-0.9890383,116.6394113,74.53,12.889,234.3,-10.53,0.049,459888.12,9890678.424,-0.9890459,116.6394737
WB06-INV19,3,3,1,9890679.259,459896.628,-0.9890383,116.6395502,77.38,6.59,197.5,-1.99,0.138,459903.566,9890678.424,-0.9890459,116.6396125
WB06-INV19,4,10,3,9890679.259,459912.074,-0.9890384,116.639689,77.71,8.96,127.7,7.11,0.101,459919.012,9890678.424,-0.9890459,116.6397514
WB06-INV19,5,11,3,9890679.259,459927.52,-0.9890384,116.6398278,75.57,8.363,119.7,7.28,0.042,459934.458,9890678.424,-0.9890459,116.6398902
WB06-INV19,6,12,3,9890679.259,459942.966,-0.9890384,116.6399667,73.67,9.115,116.9,8.14,0.052,459949.904,9890678.424,-0.989046,116.640029
WB06-INV19,7,6,2,9890672.259,459881.182,-0.9891017,116.6394113,73.75,11.253,236.2,-9.39,0.109,459888.12,9890671.424,-0.9891092,116.6394737
WB06-INV19,8,4,1,9890672.259,459896.628,-0.9891017,116.6395502,76.37,8.615,201.5,-3.18,0.114,459903.566,9890671.424,-0.9891092,116.6396125
WB06-INV19,9,13,3,9890672.259,459912.119,-0.9891017,116.6396894,76.93,8.947,128.8,7.0,0.057,459919.012,9890671.424,-0.9891093,116.6397513
WB06-INV19,10,14,3,9890672.259,459927.565,-0.9891017,116.6398282,75.1,9.278,128.1,7.33,0.086,459934.458,9890671.424,-0.9891093,116.6398902
WB06-INV19,11,18,4,9890672.259,459943.011,-0.9891017,116.6399671,73.13,10.938,123.7,9.13,0.044,459949.904,9890671.424,-0.9891093,116.640029
WB06-INV19,12,7,2,9890665.259,459881.227,-0.989165,116.6394117,73.17,9.594,237.3,-8.1,0.057,459888.12,9890664.424,-0.9891726,116.6394737
WB06-INV19,13,8,2,9890665.259,459896.673,-0.989165,116.6395506,75.36,6.191,227.0,-4.54,0.112,459903.566,9890664.424,-0.9891726,116.6396125
WB06-INV19,14,17,4,9890665.259,459912.119,-0.989165,116.6396894,76.36,7.051,117.8,6.24,0.048,459919.012,9890664.424,-0.9891726,116.6397513
WB06-INV19,15,16,4,9890665.259,459927.565,-0.989165,116.6398282,74.53,8.936,115.2,8.1,0.092,459934.458,9890664.424,-0.9891726,116.6398902
WB06-INV19,16,15,4,9890665.259,459943.011,-0.9891651,116.639967,72.37,10.755,119.8,9.36,0.046,459949.904,9890664.424,-0.9891726,116.640029
WB06-INV19,17,20,5,9890658.359,459881.227,-0.9892274,116.6394117,72.58,9.619,238.8,-8.25,0.055,459888.12,9890657.524,-0.989235,116.6394737
WB06-INV19,18,9,2,9890658.359,459896.673,-0.9892274,116.6395506,74.84,6.378,218.7,-4.0,0.116,459903.566,9890657.524,-0.989235,116.6396125
WB06-INV19,19,28,6,9890658.359,459912.119,-0.9892274,116.6396894,75.81,8.538,132.4,6.33,0.072,459919.012,9890657.524,-0.989235,116.6397513
WB06-INV19,20,27,6,9890658.359,459927.065,-0.9892275,116.6398237,74.19,10.902,119.8,9.49,0.05,459934.458,9890657.524,-0.989235,116.6398902
WB06-INV19,21,26,6,9890658.359,459943.011,-0.9892275,116.639967,71.67,10.081,123.2,8.46,0.043,459949.904,9890657.524,-0.989235,116.640029
WB06-INV19,22,21,5,9890651.159,459881.227,-0.9892926,116.6394117,71.91,9.709,236.6,-8.13,0.061,459888.12,9890650.324,-0.9893001,116.6394737
WB06-INV19,23,22,5,9890651.159,459896.673,-0.9892926,116.6395505,74.19,6.561,218.8,-4.12,0.099,459903.566,9890650.324,-0.9893001,116.6396125
WB06-INV19,24,25,6,9890651.159,459912.119,-0.9892926,116.6396894,75.08,10.134,137.9,6.83,0.039,459919.012,9890650.324,-0.9893002,116.6397513
WB06-INV19,25,23,5,9890651.159,459927.565,-0.9892926,116.6398282,73.26,10.266,122.5,8.68,0.056,459934.458,9890650.324,-0.9893002,116.6398902
WB06-INV20,1,10,3,9890644.559,459881.182,-0.9893523,116.6394113,71.45,8.386,243.9,-7.54,0.066,459888.12,9890643.724,-0.9893598,116.6394737
WB06-INV20,2,11,3,9890644.559,459896.628,-0.9893523,116.6395501,73.55,6.522,216.7,-3.91,0.12,459903.566,9890643.724,-0.9893598,116.6396125
WB06-INV20,3,12,3,9890644.646,459912.074,-0.9893515,116.639689,74.37,8.529,123.8,7.1,0.037,459919.012,9890643.724,-0.9893599,116.6397513
WB06-INV20,4,13,3,9890644.559,459927.52,-0.9893523,116.6398278,72.38,10.818,134.1,7.81,0.053,459934.458,9890643.724,-0.9893599,116.6398901
WB06-INV20,5,1,1,9890637.859,459881.182,-0.9894129,116.6394113,70.93,10.07,234.1,-8.19,0.1,459888.12,9890637.024,-0.9894204,116.6394737
WB06-INV20,6,2,1,9890637.859,459896.628,-0.9894129,116.6395501,72.91,8.244,200.5,-2.9,0.1,459903.566,9890637.024,-0.9894205,116.6396125
WB06-INV20,7,14,3,9890637.859,459912.074,-0.9894129,116.639689,73.64,9.102,135.5,6.41,0.05,459919.012,9890637.024,-0.9894205,116.6397513
WB06-INV20,8,18,4,9890637.859,459927.52,-0.9894129,116.6398278,71.82,10.807,118.5,9.52,0.042,459934.458,9890637.024,-0.9894205,116.6398901
WB06-INV20,9,3,1,9890631.359,459881.182,-0.9894717,116.6394113,70.21,9.113,244.3,-8.22,0.084,459888.12,9890630.524,-0.9894793,116.6394737
WB06-INV20,10,4,1,9890631.359,459896.628,-0.9894717,116.6395501,72.43,3.691,198.8,-1.19,0.12,459903.566,9890630.524,-0.9894793,116.6396125
WB06-INV20,11,17,4,9890631.359,459912.074,-0.9894717,116.639689,72.73,7.665,136.0,5.34,0.094,459919.012,9890630.524,-0.9894793,116.6397513
WB06-INV20,12,16,4,9890631.359,459927.52,-0.9894717,116.6398278,71.12,9.591,118.2,8.47,0.052,459934.458,9890630.524,-0.9894793,116.6398901
WB06-INV20,13,6,2,9890624.859,459896.628,-0.9895305,116.6395501,72.02,6.566,200.4,-2.3,0.129,459903.566,9890624.024,-0.9895381,116.6396125
WB06-INV20,14,15,4,9890624.859,459912.074,-0.9895305,116.6396889,72.38,7.161,114.0,6.55,0.048,459919.012,9890624.024,-0.9895381,116.6397513
WB06-INV20,15,28,6,9890624.859,459927.52,-0.9895305,116.6398278,70.6,7.95,108.4,7.55,0.045,459934.458,9890624.024,-0.9895381,116.6398901
WB06-INV20,16,7,2,9890618.659,459896.628,-0.9895866,116.6395501,71.09,7.713,206.9,-3.51,0.14,459903.566,9890617.824,-0.9895942,116.6396125
WB06-INV20,17,27,6,9890618.659,459912.074,-0.9895866,116.6396889,71.95,7.64,120.4,6.6,0.079,459919.012,9890617.824,-0.9895942,116.6397513
WB06-INV20,18,26,6,9890618.659,459927.52,-0.9895866,116.6398278,70.21,7.699,116.3,6.91,0.055,459934.458,9890617.824,-0.9895942,116.6398901
WB06-INV20,19,8,2,9890612.259,459896.628,-0.9896445,116.6395501,70.33,7.442,213.4,-4.11,0.107,459903.566,9890611.424,-0.9896521,116.6396125
WB06-INV20,20,25,6,9890612.259,459912.074,-0.9896445,116.6396889,71.32,7.297,125.4,5.96,0.105,459919.012,9890611.424,-0.9896521,116.6397513
WB06-INV20,21,9,2,9890605.659,459896.628,-0.9897042,116.6395501,69.64,8.537,209.7,-4.25,0.05,459903.566,9890604.824,-0.9897118,116.6396125
WB06-INV20,22,20,5,9890605.659,459912.074,-0.9897042,116.6396889,70.65,8.499,144.3,4.98,0.135,459919.012,9890604.824,-0.9897118,116.6397513
WB06-INV20,23,21,5,9890598.559,459912.074,-0.9897685,116.6396889,69.8,7.278,144.5,4.24,0.128,459919.012,9890597.724,-0.989776,116.6397513
WB06-INV20,24,22,5,9890591.259,459912.074,-0.9898345,116.6396889,69.16,5.362,137.8,3.61,0.053,459919.012,9890590.424,-0.9898421,116.6397513
WB06-INV20,25,23,5,9890584.259,459912.074,-0.9898978,116.6396889,68.53,2.773,142.3,1.7,0.078,459919.012,9890583.324,-0.9899063,116.6397513
WB07-INV01,1,25,6,9890979.325,459481.929,-0.9863232,116.6358232,68.42,21.803,309.4,-17.18,0.084,459488.866,9890978.49,-0.9863308,116.6358855
WB07-INV01,2,26,6,9890979.325,459497.375,-0.9863232,116.635962,72.91,16.024,314.1,-11.65,0.101,459504.312,9890978.49,-0.9863308,116.6360244
WB07-INV01,3,27,6,9890979.325,459512.821,-0.9863232,116.6361008,76.09,13.322,326.6,-7.43,0.072,459519.758,9890978.49,-0.9863308,116.6361632
WB07-INV01,4,28,6,9890979.325,459528.267,-0.9863233,116.6362397,78.05,12.278,325.8,-6.97,0.033,459535.204,9890978.49,-0.9863308,116.636302
WB07-INV01,5,15,4,9890970.725,459466.483,-0.986401,116.6356844,68.22,14.742,330.9,-7.29,0.101,459473.42,9890969.89,-0.9864086,116.6357467
WB07-INV01,6,16,4,9890970.725,459481.929,-0.986401,116.6358232,70.46,20.114,304.1,-16.87,0.071,459488.866,9890969.89,-0.9864086,116.6358855
WB07-INV01,7,17,4,9890970.725,459497.375,-0.986401,116.635962,75.03,13.577,317.6,-9.25,0.088,459504.312,9890969.89,-0.9864086,116.6360244
WB07-INV01,8,20,5,9890970.725,459512.821,-0.986401,116.6361008,77.51,8.559,321.0,-5.41,0.079,459519.758,9890969.89,-0.9864086,116.6361632
WB07-INV01,9,21,5,9890970.725,459528.267,-0.9864011,116.6362397,79.1,8.408,304.7,-6.93,0.05,459535.204,9890969.89,-0.9864086,116.636302
WB07-INV01,10,18,4,9890962.725,459466.483,-0.9864734,116.6356843,69.81,13.032,328.5,-6.9,0.169,459473.42,9890961.89,-0.9864809,116.6357467
WB07-INV01,11,1,1,9890962.725,459481.929,-0.9864734,116.6358232,71.89,18.561,295.0,-16.93,0.082,459488.866,9890961.89,-0.986481,116.6358855
WB07-INV01,12,2,1,9890962.725,459497.375,-0.9864734,116.635962,76.35,11.002,307.6,-8.76,0.075,459504.312,9890961.89,-0.986481,116.6360244
WB07-INV01,13,22,5,9890962.725,459512.821,-0.9864734,116.6361008,78.61,6.675,323.1,-4.02,0.043,459519.758,9890961.89,-0.986481,116.6361632
WB07-INV01,14,23,5,9890962.725,459528.267,-0.9864734,116.6362397,79.69,6.336,298.9,-5.55,0.114,459535.204,9890961.89,-0.986481,116.636302
WB07-INV01,15,6,2,9890954.625,459451.037,-0.9865466,116.6355455,67.22,15.213,287.1,-14.57,0.056,459457.974,9890953.79,-0.9865542,116.6356079
WB07-INV01,16,7,2,9890954.625,459466.483,-0.9865467,116.6356843,71.11,10.728,310.0,-8.26,0.111,459473.42,9890953.79,-0.9865542,116.6357467
WB07-INV01,17,3,1,9890954.625,459481.929,-0.9865467,116.6358232,73.34,16.086,289.3,-15.23,0.106,459488.866,9890953.79,-0.9865542,116.6358855
WB07-INV01,18,10,3,9890954.625,459497.775,-0.9865467,116.6359656,77.46,8.568,303.9,-7.13,0.081,459504.312,9890953.79,-0.9865543,116.6360243
WB07-INV01,19,11,3,9890954.625,459512.821,-0.9865467,116.6361008,79.31,3.357,302.6,-2.83,0.042,459519.758,9890953.79,-0.9865543,116.6361632
WB07-INV01,20,12,3,9890954.625,459528.267,-0.9865467,116.6362396,80.25,6.045,182.8,-0.3,0.108,459535.204,9890953.79,-0.9865543,116.636302
WB07-INV01,21,8,2,9890946.825,459451.537,-0.9866172,116.63555,67.65,15.406,276.9,-15.3,0.052,459457.974,9890945.99,-0.9866248,116.6356079
WB07-INV01,22,9,2,9890946.825,459466.983,-0.9866172,116.6356888,71.87,7.204,269.8,-7.2,0.095,459473.42,9890945.99,-0.9866248,116.6357467
WB07-INV01,23,4,1,9890946.825,459482.429,-0.9866172,116.6358277,73.97,17.423,294.9,-15.89,0.099,459488.866,9890945.99,-0.9866248,116.6358855
WB07-INV01,24,13,3,9890946.825,459497.875,-0.9866173,116.6359665,78.05,5.83,283.8,-5.66,0.068,459504.312,9890945.99,-0.9866248,116.6360243
WB07-INV01,25,14,3,9890946.825,459513.321,-0.9866173,116.6361053,79.59,3.057,186.9,-0.37,0.055,459519.758,9890945.99,-0.9866248,116.6361632
WB07-INV02,1,10,3,9890939.425,459451.037,-0.9866842,116.6355455,68.1,14.752,291.4,-13.78,0.063,459457.974,9890938.59,-0.9866917,116.6356079
WB07-INV02,2,11,3,9890939.425,459466.483,-0.9866842,116.6356843,71.87,12.148,305.0,-10.0,0.108,459473.42,9890938.59,-0.9866917,116.6357467
WB07-INV02,3,12,3,9890939.425,459481.929,-0.9866842,116.6358232,74.74,15.442,299.1,-13.57,0.231,459488.866,9890938.59,-0.9866918,116.6358855
WB07-INV02,4,15,4,9890939.425,459497.775,-0.9866842,116.6359656,78.47,2.913,230.0,-2.23,0.052,459504.312,9890938.59,-0.9866918,116.6360243
WB07-INV02,5,16,4,9890939.425,459512.821,-0.9866842,116.6361008,79.07,6.679,172.7,0.85,0.032,459519.758,9890938.59,-0.9866918,116.6361632
WB07-INV02,6,1,1,9890932.225,459435.591,-0.9867493,116.6354067,65.83,12.702,295.5,-11.5,0.135,459442.528,9890931.39,-0.9867568,116.635469
WB07-INV02,7,2,1,9890932.225,459451.037,-0.9867493,116.6355455,69.05,13.651,291.4,-12.74,0.072,459457.974,9890931.39,-0.9867569,116.6356078
WB07-INV02,8,13,3,9890932.225,459466.483,-0.9867493,116.6356843,72.36,15.141,295.9,-13.68,0.049,459473.42,9890931.39,-0.9867569,116.6357467
WB07-INV02,9,14,3,9890932.225,459481.929,-0.9867493,116.6358231,76.26,7.736,254.9,-7.47,0.135,459488.866,9890931.39,-0.9867569,116.6358855
WB07-INV02,10,17,4,9890932.225,459497.375,-0.9867493,116.635962,78.13,4.92,186.8,-0.58,0.069,459504.312,9890931.39,-0.9867569,116.6360243
WB07-INV02,11,18,4,9890932.225,459512.821,-0.9867494,116.6361008,78.36,8.535,164.5,2.3,0.046,459519.758,9890931.39,-0.9867569,116.6361632
WB07-INV02,12,3,1,9890924.925,459435.591,-0.9868153,116.6354067,66.21,12.514,282.0,-12.25,0.111,459442.528,9890924.09,-0.9868229,116.635469
WB07-INV02,13,4,1,9890924.925,459451.037,-0.9868153,116.6355455,69.61,13.214,282.0,-12.94,0.078,459457.974,9890924.09,-0.9868229,116.6356078
WB07-INV02,14,6,2,9890924.925,459466.483,-0.9868154,116.6356843,73.28,10.844,263.9,-10.78,0.108,459473.42,9890924.09,-0.9868229,116.6357467
WB07-INV02,15,7,2,9890924.925,459481.929,-0.9868154,116.6358231,76.13,8.098,221.7,-5.41,0.069,459488.866,9890924.09,-0.9868229,116.6358855
WB07-INV02,16,25,6,9890924.925,459497.375,-0.9868154,116.635962,77.61,10.695,172.9,1.34,0.06,459504.312,9890924.09,-0.986823,116.6360243
WB07-INV02,17,26,6,9890924.925,459512.821,-0.9868154,116.6361008,77.3,17.906,160.7,6.1,0.085,459519.758,9890924.09,-0.986823,116.6361631
WB07-INV02,18,20,5,9890917.625,459435.591,-0.9868814,116.6354067,66.46,13.827,281.4,-13.56,0.065,459442.528,9890916.79,-0.9868889,116.635469
WB07-INV02,19,21,5,9890917.625,459451.037,-0.9868814,116.6355455,70.12,10.424,254.6,-10.06,0.106,459457.974,9890916.79,-0.986889,116.6356078
WB07-INV02,20,8,2,9890917.625,459466.483,-0.9868814,116.6356843,73.05,12.149,223.1,-8.37,0.075,459473.42,9890916.79,-0.986889,116.6357467
WB07-INV02,21,9,2,9890917.625,459481.929,-0.9868814,116.6358231,75.37,12.634,194.4,-3.19,0.072,459488.866,9890916.79,-0.986889,116.6358855
WB07-INV02,22,27,6,9890917.625,459497.375,-0.9868814,116.635962,76.08,15.364,166.7,3.62,0.059,459504.312,9890916.79,-0.986889,116.6360243
WB07-INV02,23,28,6,9890917.625,459512.821,-0.9868814,116.6361008,75.13,21.4,157.9,8.39,0.064,459519.758,9890916.79,-0.986889,116.6361631
WB07-INV02,24,22,5,9890910.125,459435.591,-0.9869492,116.6354066,66.63,12.24,256.7,-11.92,0.081,459442.528,9890909.29,-0.9869568,116.635469
WB07-INV02,25,23,5,9890910.125,459451.037,-0.9869492,116.6355455,69.71,11.96,227.0,-8.81,0.07,459457.974,9890909.29,-0.9869568,116.6356078
WB07-INV03,1,15,4,9890910.125,459466.483,-0.9869493,116.6356843,71.94,14.804,203.6,-6.04,0.054,459473.42,9890909.29,-0.9869568,116.6357467
WB07-INV03,2,16,4,9890910.125,459481.929,-0.9869493,116.6358231,73.71,15.235,191.3,-3.05,0.066,459488.866,9890909.29,-0.9869568,116.6358855
WB07-INV03,3,17,4,9890910.125,459497.775,-0.9869493,116.6359655,74.19,14.507,161.1,4.79,0.139,459504.312,9890909.29,-0.9869569,116.6360243
WB07-INV03,4,18,4,9890910.125,459512.821,-0.9869493,116.6361008,72.86,19.553,149.1,10.34,0.055,459519.758,9890909.29,-0.9869569,116.6361631
WB07-INV03,5,25,6,9890910.125,459528.267,-0.9869493,116.6362396,69.97,17.945,156.5,7.36,0.117,459535.204,9890909.29,-0.9869569,116.636302
WB07-INV03,6,26,6,9890910.125,459543.713,-0.9869493,116.6363784,68.39,14.526,174.8,1.35,0.061,459550.65,9890909.29,-0.9869569,116.6364408
WB07-INV03,7,27,6,9890910.125,459559.159,-0.9869493,116.6365173,67.96,11.699,182.3,-0.48,0.124,459566.096,9890909.29,-0.9869569,116.6365796
WB07-INV03,8,10,3,9890902.825,459435.591,-0.9870153,116.6354066,66.63,10.301,230.8,-8.02,0.1,459442.528,9890901.99,-0.9870228,116.635469
WB07-INV03,9,11,3,9890902.825,459451.037,-0.9870153,116.6355455,68.79,12.418,207.7,-5.84,0.09,459457.974,9890901.99,-0.9870228,116.6356078
WB07-INV03,10,12,3,9890902.825,459466.483,-0.9870153,116.6356843,70.4,14.13,200.3,-4.99,0.044,459473.42,9890901.99,-0.9870229,116.6357466
WB07-INV03,11,13,3,9890902.825,459481.929,-0.9870153,116.6358231,71.78,16.201,189.4,-2.72,0.095,459488.866,9890901.99,-0.9870229,116.6358855
WB07-INV03,12,20,5,9890902.825,459497.375,-0.9870153,116.6359619,72.39,19.569,166.3,4.81,0.103,459504.312,9890901.99,-0.9870229,116.6360243
WB07-INV03,13,21,5,9890902.825,459512.821,-0.9870153,116.6361008,70.79,16.633,149.7,8.57,0.086,459519.758,9890901.99,-0.9870229,116.6361631
WB07-INV03,14,28,6,9890902.825,459528.267,-0.9870154,116.6362396,68.46,10.564,139.5,6.91,0.088,459535.204,9890901.99,-0.9870229,116.636302
WB07-INV03,15,1,1,9890895.525,459435.591,-0.9870813,116.6354066,66.15,11.514,199.6,-3.91,0.061,459442.528,9890894.69,-0.9870889,116.635469
WB07-INV03,16,2,1,9890895.525,459451.037,-0.9870813,116.6355455,67.33,14.917,199.6,-5.11,0.061,459457.974,9890894.69,-0.9870889,116.6356078
WB07-INV03,17,3,1,9890895.525,459466.916,-0.9870813,116.6356882,68.6,13.896,200.7,-5.0,0.074,459473.42,9890894.69,-0.9870889,116.6357466
WB07-INV03,18,4,1,9890895.525,459482.362,-0.9870814,116.635827,69.93,18.561,179.1,0.3,0.102,459488.866,9890894.69,-0.9870889,116.6358855
WB07-INV03,19,22,5,9890895.525,459497.808,-0.9870814,116.6359658,69.71,21.5,170.1,3.87,0.066,459504.312,9890894.69,-0.9870889,116.6360243
WB07-INV03,20,23,5,9890895.525,459513.254,-0.9870814,116.6361047,68.51,15.294,155.2,6.54,0.155,459519.758,9890894.69,-0.987089,116.6361631
WB07-INV03,21,6,2,9890888.225,459436.024,-0.9871474,116.6354105,65.32,5.797,180.9,-0.09,0.07,459442.528,9890887.39,-0.9871549,116.635469
WB07-INV03,22,7,2,9890888.225,459451.47,-0.9871474,116.6355493,65.4,14.603,199.6,-4.99,0.123,459457.974,9890887.39,-0.9871549,116.6356078
WB07-INV03,23,8,2,9890888.225,459466.916,-0.9871474,116.6356882,67.11,15.375,189.6,-2.63,0.095,459473.42,9890887.39,-0.987155,116.6357466
WB07-INV03,24,9,2,9890888.225,459482.362,-0.9871474,116.635827,67.77,18.366,169.5,3.46,0.14,459488.866,9890887.39,-0.987155,116.6358855
WB07-INV04,1,25,6,9890861.725,459451.037,-0.9873871,116.6355454,66.54,15.724,350.4,-2.69,0.126,459457.974,9890860.89,-0.9873947,116.6356078
WB07-INV04,2,26,6,9890861.725,459466.483,-0.9873871,116.6356843,67.43,16.723,5.5,1.65,0.089,459473.42,9890860.89,-0.9873947,116.6357466
WB07-INV04,3,20,5,9890861.725,459481.929,-0.9873871,116.6358231,67.03,18.744,9.7,3.27,0.121,459488.866,9890860.89,-0.9873947,116.6358854
WB07-INV04,4,18,4,9890855.225,459435.591,-0.9874459,116.6354066,67.16,14.551,335.3,-6.19,0.082,459442.528,9890854.39,-0.9874535,116.6354689
WB07-INV04,5,27,6,9890855.225,459451.037,-0.9874459,116.6355454,68.61,15.354,351.3,-2.38,0.055,459457.974,9890854.39,-0.9874535,116.6356078
WB07-INV04,6,28,6,9890855.225,459466.483,-0.9874459,116.6356842,69.13,15.188,1.5,0.41,0.069,459473.42,9890854.39,-0.9874535,116.6357466
WB07-INV04,7,21,5,9890855.225,459481.929,-0.987446,116.6358231,68.91,12.548,23.0,4.97,0.054,459488.866,9890854.39,-0.9874535,116.6358854
WB07-INV04,8,17,4,9890848.825,459435.591,-0.9875038,116.6354066,68.86,15.621,342.8,-4.73,0.128,459442.528,9890847.99,-0.9875114,116.6354689
WB07-INV04,9,10,3,9890848.825,459451.037,-0.9875038,116.6355454,70.19,14.483,350.4,-2.47,0.07,459457.974,9890847.99,-0.9875114,116.6356078
WB07-INV04,10,11,3,9890848.825,459466.483,-0.9875038,116.6356842,70.9,14.441,3.5,0.9,0.104,459473.42,9890847.99,-0.9875114,116.6357466
WB07-INV04,11,22,5,9890848.825,459481.929,-0.9875039,116.6358231,70.47,11.753,35.4,6.87,0.096,459488.866,9890847.99,-0.9875114,116.6358854
WB07-INV04,12,23,5,9890848.825,459497.375,-0.9875039,116.6359619,68.81,14.3,27.1,6.62,0.227,459504.312,9890847.99,-0.9875114,116.6360242
WB07-INV04,13,16,4,9890842.425,459435.591,-0.9875617,116.6354066,70.67,15.442,344.5,-4.22,0.058,459442.528,9890841.59,-0.9875693,116.6354689
WB07-INV04,14,12,3,9890842.425,459451.037,-0.9875617,116.6355454,71.84,13.465,350.8,-2.19,0.065,459457.974,9890841.59,-0.9875693,116.6356078
WB07-INV04,15,13,3,9890842.425,459466.483,-0.9875617,116.6356842,72.45,12.024,9.9,2.1,0.118,459473.42,9890841.59,-0.9875693,116.6357466
WB07-INV04,16,6,2,9890842.425,459481.929,-0.9875618,116.6358231,71.77,14.214,33.5,7.96,0.075,459488.866,9890841.59,-0.9875693,116.6358854
WB07-INV04,17,7,2,9890842.425,459497.375,-0.9875618,116.6359619,69.9,10.525,31.1,5.48,0.116,459504.312,9890841.59,-0.9875693,116.6360242
WB07-INV04,18,1,1,9890836.025,459435.591,-0.9876196,116.6354066,72.31,15.901,343.0,-4.76,0.066,459442.528,9890835.19,-0.9876272,116.6354689
WB07-INV04,19,2,1,9890836.025,459451.037,-0.9876196,116.6355454,73.46,12.566,351.1,-1.98,0.042,459457.974,9890835.19,-0.9876272,116.6356078
WB07-INV04,20,3,1,9890836.025,459466.483,-0.9876196,116.6356842,74.0,10.868,15.0,2.84,0.057,459473.42,9890835.19,-0.9876272,116.6357466
WB07-INV04,21,8,2,9890836.025,459481.929,-0.9876197,116.6358231,73.05,13.856,30.1,7.05,0.054,459488.866,9890835.19,-0.9876272,116.6358854
WB07-INV04,22,9,2,9890836.025,459497.375,-0.9876197,116.6359619,71.32,10.833,40.5,7.08,0.074,459504.312,9890835.19,-0.9876272,116.6360242
WB07-INV05,1,10,3,9890829.425,459435.591,-0.9876793,116.6354066,73.84,12.27,335.3,-5.19,0.09,459442.528,9890828.59,-0.9876869,116.6354689
WB07-INV05,2,18,4,9890829.425,459451.037,-0.9876793,116.6355454,74.99,10.712,358.9,-0.21,0.073,459457.974,9890828.59,-0.9876869,116.6356077
WB07-INV05,3,17,4,9890829.425,459466.483,-0.9876794,116.6356842,75.1,9.668,15.5,2.61,0.058,459473.42,9890828.59,-0.9876869,116.6357466
WB07-INV05,4,25,6,9890829.425,459481.929,-0.9876794,116.635823,74.34,9.614,45.0,6.83,0.046,459488.866,9890828.59,-0.9876869,116.6358854
WB07-INV05,5,26,6,9890829.425,459497.375,-0.9876794,116.6359619,72.52,10.349,65.1,9.41,0.045,459504.312,9890828.59,-0.987687,116.6360242
WB07-INV05,6,11,3,9890822.525,459435.591,-0.9877417,116.6354066,75.03,13.267,334.4,-5.82,0.167,459442.528,9890821.69,-0.9877493,116.6354689
WB07-INV05,7,16,4,9890822.525,459451.037,-0.9877418,116.6355454,76.49,8.277,11.2,1.62,0.036,459457.974,9890821.69,-0.9877493,116.6356077
WB07-INV05,8,15,4,9890822.525,459466.483,-0.9877418,116.6356842,76.15,8.517,20.5,3.0,0.098,459473.42,9890821.69,-0.9877493,116.6357466
WB07-INV05,9,27,6,9890822.525,459481.929,-0.9877418,116.635823,75.17,10.228,55.1,8.42,0.046,459488.866,9890821.69,-0.9877494,116.6358854
WB07-INV05,10,28,6,9890822.525,459497.375,-0.9877418,116.6359619,72.85,10.281,71.0,9.73,0.055,459504.312,9890821.69,-0.9877494,116.6360242
WB07-INV05,11,12,3,9890816.125,459435.591,-0.9877997,116.6354066,76.27,8.964,331.0,-4.37,0.125,459442.528,9890815.29,-0.9878072,116.6354689
WB07-INV05,12,4,1,9890816.125,459451.037,-0.9877997,116.6355454,77.35,8.762,11.4,1.74,0.045,459457.974,9890815.29,-0.9878072,116.6356077
WB07-INV05,13,2,1,9890816.125,459466.483,-0.9877997,116.6356842,76.89,6.761,27.4,3.12,0.097,459473.42,9890815.29,-0.9878072,116.6357466
WB07-INV05,14,20,5,9890816.125,459481.929,-0.9877997,116.635823,75.91,11.009,50.6,8.55,0.061,459488.866,9890815.29,-0.9878073,116.6358854
WB07-INV05,15,21,5,9890816.125,459497.375,-0.9877997,116.6359619,73.56,12.297,55.6,10.2,0.065,459504.312,9890815.29,-0.9878073,116.6360242
WB07-INV05,16,13,3,9890809.725,459435.591,-0.9878576,116.6354065,77.14,7.293,324.4,-4.26,0.118,459442.528,9890808.89,-0.9878651,116.6354689
WB07-INV05,17,3,1,9890809.725,459451.037,-0.9878576,116.6355454,78.27,10.028,13.7,2.4,0.089,459457.974,9890808.89,-0.9878651,116.6356077
WB07-INV05,18,1,1,9890809.725,459466.483,-0.9878576,116.6356842,77.76,7.22,36.2,4.28,0.067,459473.42,9890808.89,-0.9878651,116.6357466
WB07-INV05,19,22,5,9890809.725,459481.929,-0.9878576,116.635823,76.48,9.496,39.7,6.1,0.069,459488.866,9890808.89,-0.9878652,116.6358854
WB07-INV05,20,23,5,9890809.725,459497.375,-0.9878576,116.6359619,74.6,15.466,42.3,10.55,0.05,459504.312,9890808.89,-0.9878652,116.6360242
WB07-INV05,21,14,3,9890803.225,459435.591,-0.9879164,116.6354065,77.58,7.656,299.6,-6.67,0.08,459442.528,9890802.39,-0.9879239,116.6354689
WB07-INV05,22,6,2,9890803.225,459451.037,-0.9879164,116.6355454,79.27,8.12,18.3,2.57,0.16,459457.974,9890802.39,-0.9879239,116.6356077
WB07-INV05,23,7,2,9890803.225,459466.483,-0.9879164,116.6356842,78.62,7.777,36.4,4.63,0.029,459473.42,9890802.39,-0.987924,116.6357465
WB07-INV05,24,8,2,9890803.225,459481.929,-0.9879164,116.635823,77.31,10.516,26.0,4.65,0.047,459488.866,9890802.39,-0.987924,116.6358854
WB07-INV05,25,9,2,9890803.225,459497.375,-0.9879164,116.6359618,75.87,15.526,40.8,10.29,0.053,459504.312,9890802.39,-0.987924,116.6360242
WB07-INV06,1,25,6,9891127.625,459543.713,-0.9849816,116.6363786,74.83,18.895,283.7,-18.39,0.212,459550.65,9891126.79,-0.9849892,116.636441
WB07-INV06,2,26,6,9891127.625,459559.159,-0.9849816,116.6365175,80.72,31.471,268.4,-31.46,0.432,459566.096,9891126.79,-0.9849892,116.6365798
WB07-INV06,3,27,6,9891121.425,459543.713,-0.9850377,116.6363786,76.16,26.053,315.2,-19.01,0.23,459550.65,9891120.59,-0.9850452,116.636441
WB07-INV06,4,20,5,9891121.425,459559.159,-0.9850377,116.6365175,81.71,32.786,303.2,-28.32,0.422,459566.096,9891120.59,-0.9850453,116.6365798
WB07-INV06,5,18,4,9891115.425,459528.267,-0.9850919,116.6362398,71.3,25.909,285.9,-25.04,0.242,459535.204,9891114.59,-0.9850995,116.6363022
WB07-INV06,6,28,6,9891115.425,459543.713,-0.985092,116.6363786,77.83,26.671,309.5,-21.19,0.221,459550.65,9891114.59,-0.9850995,116.636441
WB07-INV06,7,21,5,9891115.425,459559.159,-0.985092,116.6365175,84.17,26.721,281.7,-26.24,0.365,459566.096,9891114.59,-0.9850995,116.6365798
WB07-INV06,8,17,4,9891109.125,459528.267,-0.9851489,116.6362398,72.13,28.827,293.8,-26.73,0.176,459535.204,9891108.29,-0.9851565,116.6363022
WB07-INV06,9,16,4,9891109.125,459543.713,-0.985149,116.6363786,79.53,23.526,306.4,-19.31,0.142,459550.65,9891108.29,-0.9851565,116.636441
WB07-INV06,10,22,5,9891109.125,459559.159,-0.985149,116.6365175,85.26,25.194,291.3,-23.67,0.221,459566.096,9891108.29,-0.9851565,116.6365798
WB07-INV06,11,6,2,9891102.425,459528.267,-0.9852096,116.6362398,73.45,26.314,290.9,-24.8,0.174,459535.204,9891101.59,-0.9852171,116.6363021
WB07-INV06,12,15,4,9891102.425,459543.713,-0.9852096,116.6363786,80.33,25.197,294.9,-23.11,0.206,459550.65,9891101.59,-0.9852171,116.636441
WB07-INV06,13,23,5,9891102.425,459559.159,-0.9852096,116.6365174,87.26,23.499,296.1,-21.33,0.136,459566.096,9891101.59,-0.9852172,116.6365798
WB07-INV06,14,7,2,9891095.625,459512.821,-0.9852711,116.636101,69.78,23.074,306.7,-18.86,0.26,459519.758,9891094.79,-0.9852786,116.6361633
WB07-INV06,15,8,2,9891095.625,459528.267,-0.9852711,116.6362398,75.01,25.676,295.7,-23.42,0.181,459535.204,9891094.79,-0.9852786,116.6363021
WB07-INV06,16,9,2,9891095.625,459543.713,-0.9852711,116.6363786,81.61,25.157,290.2,-23.79,0.134,459550.65,9891094.79,-0.9852787,116.636441
WB07-INV06,17,5,2,9891095.625,459559.159,-0.9852711,116.6365174,88.53,20.526,293.6,-18.94,0.168,459566.096,9891094.79,-0.9852787,116.6365798
WB07-INV06,18,1,1,9891095.625,459574.605,-0.9852711,116.6366563,93.47,7.057,74.6,6.81,0.377,459581.542,9891094.79,-0.9852787,116.6367186
WB07-INV06,19,10,3,9891088.925,459512.821,-0.9853317,116.636101,71.7,25.967,318.2,-17.98,0.089,459519.758,9891088.09,-0.9853392,116.6361633
WB07-INV06,20,11,3,9891088.925,459528.267,-0.9853317,116.6362398,76.75,25.897,306.7,-21.27,0.172,459535.204,9891088.09,-0.9853393,116.6363021
WB07-INV06,21,12,3,9891088.925,459543.713,-0.9853317,116.6363786,83.17,24.598,291.4,-23.09,0.115,459550.65,9891088.09,-0.9853393,116.636441
WB07-INV06,22,2,1,9891088.925,459559.159,-0.9853317,116.6365174,89.66,17.1,290.4,-16.08,0.19,459566.096,9891088.09,-0.9853393,116.6365798
WB07-INV06,23,3,1,9891088.925,459574.605,-0.9853317,116.6366563,93.76,6.264,69.7,5.88,0.338,459581.542,9891088.09,-0.9853393,116.6367186
WB07-INV06,24,13,3,9891081.225,459544.213,-0.9854014,116.6363831,85.0,22.664,290.9,-21.31,0.069,459550.65,9891080.39,-0.9854089,116.636441
WB07-INV06,25,14,3,9891081.225,459560.059,-0.9854014,116.6365255,91.09,11.923,278.1,-11.81,0.215,459566.096,9891080.39,-0.985409,116.6365798
WB07-INV06,26,4,1,9891081.225,459575.105,-0.9854014,116.6366607,93.71,2.425,101.2,2.38,0.273,459581.542,9891080.39,-0.985409,116.6367186
WB07-INV07,1,25,6,9891081.225,459497.375,-0.9854013,116.6359621,68.86,22.48,304.0,-18.94,0.141,459504.312,9891080.39,-0.9854089,116.6360245
WB07-INV07,2,26,6,9891081.225,459512.821,-0.9854013,116.6361009,74.11,21.674,306.6,-17.7,0.076,459519.758,9891080.39,-0.9854089,116.6361633
WB07-INV07,3,27,6,9891081.225,459528.267,-0.9854014,116.6362398,79.16,23.157,302.8,-19.77,0.055,459535.204,9891080.39,-0.9854089,116.6363021
WB07-INV07,4,18,4,9891073.425,459497.375,-0.9854719,116.6359621,70.25,22.398,296.2,-20.29,0.083,459504.312,9891072.59,-0.9854795,116.6360245
WB07-INV07,5,17,4,9891073.425,459512.821,-0.9854719,116.6361009,75.72,20.318,299.8,-17.81,0.08,459519.758,9891072.59,-0.9854795,116.6361633
WB07-INV07,6,28,6,9891073.425,459528.267,-0.9854719,116.6362398,80.64,20.519,290.1,-19.36,0.075,459535.204,9891072.59,-0.9854795,116.6363021
WB07-INV07,7,6,2,9891073.425,459543.713,-0.9854719,116.6363786,86.07,17.852,273.3,-17.82,0.104,459550.65,9891072.59,-0.9854795,116.6364409
WB07-INV07,8,20,5,9891073.425,459559.159,-0.985472,116.6365174,91.01,11.743,226.9,-8.63,0.202,459566.096,9891072.59,-0.9854795,116.6365798
WB07-INV07,9,21,5,9891073.425,459574.605,-0.985472,116.6366562,93.08,5.349,216.0,-3.15,0.114,459581.542,9891072.59,-0.9854795,116.6367186
WB07-INV07,10,16,4,9891065.125,459497.375,-0.985547,116.6359621,71.17,21.217,277.9,-21.03,0.098,459504.312,9891064.29,-0.9855545,116.6360245
WB07-INV07,11,15,4,9891065.125,459512.821,-0.985547,116.6361009,76.81,17.816,285.3,-17.22,0.083,459519.758,9891064.29,-0.9855546,116.6361633
WB07-INV07,12,7,2,9891065.125,459528.267,-0.985547,116.6362398,81.67,17.5,267.2,-17.48,0.1,459535.204,9891064.29,-0.9855546,116.6363021
WB07-INV07,13,8,2,9891065.125,459543.713,-0.985547,116.6363786,86.3,14.889,236.1,-12.44,0.104,459550.65,9891064.29,-0.9855546,116.6364409
WB07-INV07,14,22,5,9891065.125,459559.159,-0.985547,116.6365174,89.75,16.233,199.4,-5.52,0.161,459566.096,9891064.29,-0.9855546,116.6365798
WB07-INV07,15,23,5,9891065.125,459574.605,-0.9855471,116.6366562,91.11,17.488,220.6,-11.59,0.347,459581.542,9891064.29,-0.9855546,116.6367186
WB07-INV07,16,10,3,9891056.025,459497.375,-0.9856293,116.6359621,70.84,22.908,262.4,-22.73,0.088,459504.312,9891055.19,-0.9856369,116.6360244
WB07-INV07,17,11,3,9891056.025,459512.821,-0.9856293,116.6361009,77.06,16.444,255.4,-15.94,0.109,459519.758,9891055.19,-0.9856369,116.6361633
WB07-INV07,18,9,2,9891056.025,459528.267,-0.9856293,116.6362397,81.38,16.343,227.7,-12.24,0.135,459535.204,9891055.19,-0.9856369,116.6363021
WB07-INV07,19,5,2,9891056.025,459543.713,-0.9856294,116.6363786,84.82,24.091,196.0,-7.03,0.155,459550.65,9891055.19,-0.9856369,116.6364409
WB07-INV07,20,12,3,9891047.125,459497.375,-0.9857098,116.6359621,70.08,21.819,254.4,-21.09,0.089,459504.312,9891046.29,-0.9857174,116.6360244
WB07-INV07,21,13,3,9891047.125,459512.821,-0.9857098,116.6361009,75.89,19.108,235.3,-15.9,0.125,459519.758,9891046.29,-0.9857174,116.6361633
WB07-INV07,22,14,3,9891047.125,459528.267,-0.9857099,116.6362397,80.01,23.677,185.7,-2.49,0.236,459535.204,9891046.29,-0.9857174,116.6363021
WB07-INV07,23,1,1,9891037.825,459497.375,-0.985794,116.6359621,69.8,18.142,252.5,-17.35,0.153,459504.312,9891036.99,-0.9858015,116.6360244
WB07-INV07,24,2,1,9891037.825,459512.821,-0.985794,116.6361009,74.53,16.269,221.7,-10.99,0.095,459519.758,9891036.99,-0.9858016,116.6361633
WB07-INV07,25,3,1,9891029.125,459497.375,-0.9858727,116.6359621,69.01,18.714,213.5,-10.59,0.098,459504.312,9891028.29,-0.9858802,116.6360244
WB07-INV07,26,4,1,9891029.125,459512.821,-0.9858727,116.6361009,71.93,22.133,198.6,-7.39,0.214,459519.758,9891028.29,-0.9858803,116.6361632
WB07-INV08,1,18,4,9891037.825,459574.605,-0.985794,116.6366562,82.88,26.518,262.1,-26.3,0.441,459581.542,9891036.99,-0.9858016,116.6367186
WB07-INV08,2,17,4,9891037.825,459590.051,-0.9857941,116.636795,89.51,21.92,268.2,-21.91,0.486,459596.988,9891036.99,-0.9858016,116.6368574
WB07-INV08,3,16,4,9891037.825,459605.497,-0.9857941,116.6369339,95.15,19.726,273.6,-19.69,0.245,459612.434,9891036.99,-0.9858016,116.6369962
WB07-INV08,4,15,4,9891037.825,459620.943,-0.9857941,116.6370727,100.12,8.206,310.8,-6.23,0.075,459627.88,9891036.99,-0.9858017,116.637135
WB07-INV08,5,10,3,9891029.125,459559.159,-0.9858727,116.6365174,75.22,25.352,271.4,-25.35,0.271,459566.096,9891028.29,-0.9858803,116.6365797
WB07-INV08,6,11,3,9891029.125,459574.605,-0.9858728,116.6366562,82.07,25.425,272.8,-25.4,0.337,459581.542,9891028.29,-0.9858803,116.6367186
WB07-INV08,7,12,3,9891029.125,459590.051,-0.9858728,116.636795,89.96,,,,0.628,459596.988,9891028.29,-0.9858803,116.6368574
WB07-INV08,8,25,6,9891029.125,459605.497,-0.9858728,116.6369339,95.34,16.08,261.0,-15.89,0.155,459612.434,9891028.29,-0.9858804,116.6369962
WB07-INV08,9,20,5,9891029.125,459620.943,-0.9858728,116.6370727,100.06,9.751,246.9,-8.98,0.127,459627.88,9891028.29,-0.9858804,116.637135
WB07-INV08,10,21,5,9891029.125,459636.389,-0.9858728,116.6372115,102.13,2.456,197.7,-0.75,0.095,459643.326,9891028.29,-0.9858804,116.6372739
WB07-INV08,11,13,3,9891020.625,459559.159,-0.9859496,116.6365174,76.15,24.393,285.8,-23.57,0.202,459566.096,9891019.79,-0.9859572,116.6365797
WB07-INV08,12,14,3,9891020.625,459574.605,-0.9859497,116.6366562,83.26,27.836,285.8,-26.93,0.438,459581.542,9891019.79,-0.9859572,116.6367185
WB07-INV08,13,1,1,9891020.625,459590.051,-0.9859497,116.636795,91.3,15.303,275.5,-15.24,0.426,459596.988,9891019.79,-0.9859572,116.6368574
WB07-INV08,14,26,6,9891020.625,459605.497,-0.9859497,116.6369338,95.66,12.497,235.3,-10.33,0.117,459612.434,9891019.79,-0.9859573,116.6369962
WB07-INV08,15,22,5,9891020.625,459620.943,-0.9859497,116.6370727,98.53,17.108,212.4,-9.37,0.088,459627.88,9891019.79,-0.9859573,116.637135
WB07-INV08,16,23,5,9891020.625,459636.389,-0.9859497,116.6372115,100.95,14.505,182.9,-0.75,0.101,459643.326,9891019.79,-0.9859573,116.6372739
WB07-INV08,17,2,1,9891013.125,459559.159,-0.9860175,116.6365174,77.38,25.44,291.6,-23.86,0.223,459566.096,9891012.29,-0.9860251,116.6365797
WB07-INV08,18,3,1,9891013.125,459574.605,-0.9860175,116.6366562,84.2,28.749,280.0,-28.38,0.354,459581.542,9891012.29,-0.9860251,116.6367185
WB07-INV08,19,4,1,9891013.125,459590.051,-0.9860175,116.636795,91.16,17.859,265.9,-17.82,0.48,459596.988,9891012.29,-0.9860251,116.6368574
WB07-INV08,20,27,6,9891013.125,459605.497,-0.9860175,116.6369338,94.95,12.413,214.3,-7.07,0.117,459612.434,9891012.29,-0.9860251,116.6369962
WB07-INV08,21,6,2,9891013.125,459620.943,-0.9860176,116.6370727,97.0,19.671,199.8,-6.9,0.098,459627.88,9891012.29,-0.9860251,116.637135
WB07-INV08,22,,,9891013.125,459636.389,-0.9860176,116.6372115,98.81,18.885,183.7,-1.26,0.092,459643.326,9891012.29,-0.9860251,116.6372738
WB07-INV08,23,28,6,9891004.625,459605.497,-0.9860944,116.6369338,92.65,22.527,192.4,-5.09,0.185,459612.434,9891003.79,-0.986102,116.6369962
WB07-INV08,24,8,2,9891004.625,459620.943,-0.9860945,116.6370727,94.45,24.16,191.1,-4.94,0.28,459627.88,9891003.79,-0.986102,116.637135
WB07-INV08,25,9,2,9891004.625,459636.389,-0.9860945,116.6372115,95.28,18.141,191.4,-3.71,0.168,459643.326,9891003.79,-0.986102,116.6372738
WB07-INV09,1,18,4,9891004.625,459543.713,-0.9860944,116.6363785,74.87,16.976,303.1,-14.34,0.096,459550.65,9891003.79,-0.9861019,116.6364409
WB07-INV09,2,17,4,9891004.625,459559.159,-0.9860944,116.6365174,78.91,20.143,285.8,-19.44,0.204,459566.096,9891003.79,-0.986102,116.6365797
WB07-INV09,3,16,4,9891004.625,459574.605,-0.9860944,116.6366562,84.76,,,,0.585,459581.542,9891003.79,-0.986102,116.6367185
WB07-INV09,4,15,4,9891004.625,459590.051,-0.9860944,116.636795,90.92,,,,0.566,459596.988,9891003.79,-0.986102,116.6368574
WB07-INV09,5,10,3,9890996.325,459497.375,-0.9861694,116.635962,69.0,18.215,329.7,-9.43,0.205,459504.312,9890995.49,-0.986177,116.6360244
WB07-INV09,6,11,3,9890996.325,459512.821,-0.9861694,116.6361009,71.04,18.694,352.6,-2.5,0.142,459519.758,9890995.49,-0.986177,116.6361632
WB07-INV09,7,1,1,9890996.325,459528.267,-0.9861695,116.6362397,72.26,18.005,305.9,-14.75,0.069,459535.204,9890995.49,-0.986177,116.636302
WB07-INV09,8,2,1,9890996.325,459543.713,-0.9861695,116.6363785,76.33,16.139,304.2,-13.46,0.05,459550.65,9890995.49,-0.986177,116.6364409
WB07-INV09,9,6,2,9890996.325,459559.159,-0.9861695,116.6365173,80.16,21.476,293.6,-19.83,0.275,459566.096,9890995.49,-0.9861771,116.6365797
WB07-INV09,10,7,2,9890996.325,459574.605,-0.9861695,116.6366562,86.32,14.354,236.9,-12.1,0.238,459581.542,9890995.49,-0.9861771,116.6367185
WB07-INV09,11,20,5,9890996.325,459590.051,-0.9861695,116.636795,90.37,21.414,174.4,2.19,0.354,459596.988,9890995.49,-0.9861771,116.6368574
WB07-INV09,12,21,5,9890996.325,459605.497,-0.9861695,116.6369338,89.21,19.964,181.7,-0.62,0.224,459612.434,9890995.49,-0.9861771,116.6369962
WB07-INV09,13,25,6,9890996.325,459620.943,-0.9861695,116.6370727,89.62,26.382,196.3,-7.93,0.161,459627.88,9890995.49,-0.9861771,116.637135
WB07-INV09,14,26,6,9890996.325,459636.389,-0.9861696,116.6372115,92.12,20.755,201.7,-7.98,0.326,459643.326,9890995.49,-0.9861771,116.6372738
WB07-INV09,15,12,3,9890987.825,459481.929,-0.9862463,116.6358232,67.22,16.426,299.0,-14.46,0.118,459488.866,9890986.99,-0.9862539,116.6358856
WB07-INV09,16,13,3,9890987.825,459497.375,-0.9862463,116.635962,70.88,17.923,315.8,-12.71,0.12,459504.312,9890986.99,-0.9862539,116.6360244
WB07-INV09,17,14,3,9890987.825,459512.821,-0.9862463,116.6361009,74.13,18.868,346.4,-4.59,0.127,459519.758,9890986.99,-0.9862539,116.6361632
WB07-INV09,18,3,1,9890987.825,459528.267,-0.9862464,116.6362397,75.51,19.565,336.7,-8.0,0.096,459535.204,9890986.99,-0.9862539,116.636302
WB07-INV09,19,4,1,9890987.825,459543.713,-0.9862464,116.6363785,77.88,15.462,307.7,-12.35,0.087,459550.65,9890986.99,-0.9862539,116.6364409
WB07-INV09,20,8,2,9890987.825,459559.159,-0.9862464,116.6365173,81.4,16.603,273.8,-16.57,0.197,459566.096,9890986.99,-0.986254,116.6365797
WB07-INV09,21,9,2,9890987.825,459574.605,-0.9862464,116.6366562,85.66,21.23,188.0,-3.09,0.335,459581.542,9890986.99,-0.986254,116.6367185
WB07-INV09,22,22,5,9890987.825,459590.051,-0.9862464,116.636795,86.89,33.222,179.2,0.52,0.187,459596.988,9890986.99,-0.986254,116.6368573
WB07-INV09,23,23,5,9890987.825,459605.497,-0.9862464,116.6369338,86.64,20.691,183.8,-1.43,0.135,459612.434,9890986.99,-0.986254,116.6369962
WB07-INV09,24,27,6,9890987.825,459620.943,-0.9862464,116.6370726,87.31,20.12,191.8,-4.28,0.197,459627.88,9890986.99,-0.986254,116.637135
WB07-INV09,25,28,6,9890987.825,459636.389,-0.9862465,116.6372115,88.05,21.821,209.3,-11.09,0.334,459643.326,9890986.99,-0.986254,116.6372738
WB07-INV10,1,18,4,9890979.325,459543.713,-0.9863233,116.6363785,79.85,10.468,310.2,-8.03,0.103,459550.65,9890978.49,-0.9863308,116.6364409
WB07-INV10,2,17,4,9890979.325,459559.159,-0.9863233,116.6365173,82.11,9.62,232.0,-7.61,0.195,459566.096,9890978.49,-0.9863309,116.6365797
WB07-INV10,3,25,6,9890979.325,459574.605,-0.9863233,116.6366562,83.88,16.478,150.9,8.19,0.19,459581.542,9890978.49,-0.9863309,116.6367185
WB07-INV10,4,26,6,9890979.325,459590.051,-0.9863233,116.636795,82.03,9.555,190.2,-1.71,0.127,459596.988,9890978.49,-0.9863309,116.6368573
WB07-INV10,5,6,2,9890979.325,459605.497,-0.9863233,116.6369338,82.86,23.467,183.6,-1.56,0.212,459612.434,9890978.49,-0.9863309,116.6369962
WB07-INV10,6,20,5,9890979.325,459620.943,-0.9863233,116.6370726,83.14,20.565,191.8,-4.39,0.211,459627.88,9890978.49,-0.9863309,116.637135
WB07-INV10,7,21,5,9890979.325,459636.389,-0.9863234,116.6372115,84.33,27.213,208.1,-13.61,0.365,459643.326,9890978.49,-0.9863309,116.6372738
WB07-INV10,8,16,4,9890970.725,459543.713,-0.9864011,116.6363785,81.07,2.878,283.0,-2.8,0.06,459550.65,9890969.89,-0.9864086,116.6364408
WB07-INV10,9,15,4,9890970.725,459559.159,-0.9864011,116.6365173,81.97,7.094,188.8,-1.09,0.072,459566.096,9890969.89,-0.9864087,116.6365797
WB07-INV10,10,27,6,9890970.725,459574.605,-0.9864011,116.6366561,82.15,6.247,157.8,2.37,0.097,459581.542,9890969.89,-0.9864087,116.6367185
WB07-INV10,11,28,6,9890970.725,459590.051,-0.9864011,116.636795,81.56,12.51,169.9,2.23,0.168,459596.988,9890969.89,-0.9864087,116.6368573
WB07-INV10,12,7,2,9890970.725,459605.497,-0.9864011,116.6369338,81.39,17.908,173.6,2.06,0.212,459612.434,9890969.89,-0.9864087,116.6369962
WB07-INV10,13,22,5,9890970.725,459620.943,-0.9864012,116.6370726,80.62,26.212,185.9,-2.9,0.137,459627.88,9890969.89,-0.9864087,116.637135
WB07-INV10,14,23,5,9890970.725,459636.389,-0.9864012,116.6372115,81.59,23.387,227.8,-17.76,0.375,459643.326,9890969.89,-0.9864087,116.6372738
WB07-INV10,15,10,3,9890962.725,459543.713,-0.9864735,116.6363785,81.15,6.066,176.0,0.42,0.072,459550.65,9890961.89,-0.986481,116.6364408
WB07-INV10,16,11,3,9890962.725,459559.159,-0.9864735,116.6365173,81.13,13.025,169.9,2.32,0.138,459566.096,9890961.89,-0.986481,116.6365797
WB07-INV10,17,1,1,9890962.725,459574.605,-0.9864735,116.6366561,80.32,19.283,174.2,2.02,0.109,459581.542,9890961.89,-0.986481,116.6367185
WB07-INV10,18,2,1,9890962.725,459590.051,-0.9864735,116.636795,79.56,15.89,169.9,2.86,0.216,459596.988,9890961.89,-0.9864811,116.6368573
WB07-INV10,19,8,2,9890962.725,459605.497,-0.9864735,116.6369338,78.7,13.002,171.1,2.05,0.144,459612.434,9890961.89,-0.9864811,116.6369961
WB07-INV10,20,9,2,9890962.725,459620.943,-0.9864735,116.6370726,78.27,9.015,172.0,1.26,0.209,459627.88,9890961.89,-0.9864811,116.637135
WB07-INV10,21,12,3,9890954.625,459543.713,-0.9865467,116.6363785,80.3,8.507,170.4,1.43,0.057,459550.65,9890953.79,-0.9865543,116.6364408
WB07-INV10,22,13,3,9890954.625,459559.159,-0.9865467,116.6365173,79.81,17.422,152.2,8.33,0.087,459566.096,9890953.79,-0.9865543,116.6365797
WB07-INV10,23,14,3,9890954.625,459574.605,-0.9865468,116.6366561,77.73,19.885,167.2,4.58,0.145,459581.542,9890953.79,-0.9865543,116.6367185
WB07-INV10,24,3,1,9890954.625,459590.051,-0.9865468,116.636795,76.58,21.295,179.6,0.16,0.1,459596.988,9890953.79,-0.9865543,116.6368573
WB07-INV10,25,4,1,9890954.625,459605.497,-0.9865468,116.6369338,76.55,19.838,169.0,3.94,0.222,459612.434,9890953.79,-0.9865544,116.6369961
WB07-INV11,1,18,4,9890946.825,459528.267,-0.9866173,116.6362396,79.71,6.292,165.0,1.63,0.065,459535.204,9890945.99,-0.9866249,116.636302
WB07-INV11,2,17,4,9890946.825,459543.713,-0.9866173,116.6363785,79.25,11.667,159.0,4.23,0.061,459550.65,9890945.99,-0.9866249,116.6364408
WB07-INV11,3,25,6,9890946.825,459559.159,-0.9866173,116.6365173,78.06,14.878,137.6,10.16,0.065,459566.096,9890945.99,-0.9866249,116.6365796
WB07-INV11,4,26,6,9890946.825,459574.605,-0.9866173,116.6366561,75.6,15.106,154.8,6.56,0.104,459581.542,9890945.99,-0.9866249,116.6367185
WB07-INV11,5,20,5,9890946.825,459590.051,-0.9866173,116.6367949,74.0,18.594,175.2,1.61,0.161,459596.988,9890945.99,-0.9866249,116.6368573
WB07-INV11,6,21,5,9890946.825,459605.497,-0.9866174,116.6369338,73.74,19.328,165.1,5.15,0.257,459612.434,9890945.99,-0.9866249,116.6369961
WB07-INV11,7,16,4,9890939.425,459528.267,-0.9866842,116.6362396,78.96,10.105,163.3,2.93,0.061,459535.204,9890938.59,-0.9866918,116.636302
WB07-INV11,8,15,4,9890939.425,459543.713,-0.9866843,116.6363785,78.1,14.624,154.8,6.34,0.066,459550.65,9890938.59,-0.9866918,116.6364408
WB07-INV11,9,27,6,9890939.425,459559.159,-0.9866843,116.6365173,76.49,16.601,149.9,8.5,0.07,459566.096,9890938.59,-0.9866918,116.6365796
WB07-INV11,10,28,6,9890939.425,459574.605,-0.9866843,116.6366561,74.06,13.145,144.8,7.67,0.086,459581.542,9890938.59,-0.9866918,116.6367185
WB07-INV11,11,22,5,9890939.425,459590.051,-0.9866843,116.6367949,72.12,4.528,184.0,-0.32,0.208,459596.988,9890938.59,-0.9866919,116.6368573
WB07-INV11,12,23,5,9890939.425,459605.497,-0.9866843,116.6369338,72.23,8.271,157.8,3.14,0.109,459612.434,9890938.59,-0.9866919,116.6369961
WB07-INV11,13,6,2,9890932.225,459528.267,-0.9867494,116.6362396,77.85,16.054,159.3,5.81,0.072,459535.204,9890931.39,-0.9867569,116.636302
WB07-INV11,14,7,2,9890932.225,459543.713,-0.9867494,116.6363785,76.32,17.397,152.9,8.12,0.047,459550.65,9890931.39,-0.986757,116.6364408
WB07-INV11,15,8,2,9890932.225,459559.159,-0.9867494,116.6365173,74.22,19.41,158.8,7.26,0.046,459566.096,9890931.39,-0.986757,116.6365796
WB07-INV11,16,9,2,9890932.225,459574.605,-0.9867494,116.6366561,72.28,12.122,167.1,2.75,0.12,459581.542,9890931.39,-0.986757,116.6367185
WB07-INV11,17,5,2,9890932.225,459590.051,-0.9867494,116.6367949,71.34,12.15,174.0,1.29,0.22,459596.988,9890931.39,-0.986757,116.6368573
WB07-INV11,18,10,3,9890924.925,459528.267,-0.9868154,116.6362396,75.73,20.337,163.0,6.18,0.07,459535.204,9890924.09,-0.986823,116.636302
WB07-INV11,19,11,3,9890924.925,459543.713,-0.9868154,116.6363784,74.05,20.91,160.7,7.2,0.074,459550.65,9890924.09,-0.986823,116.6364408
WB07-INV11,20,1,1,9890924.925,459559.159,-0.9868154,116.6365173,72.05,13.019,156.7,5.23,0.125,459566.096,9890924.09,-0.986823,116.6365796
WB07-INV11,21,2,1,9890924.925,459574.605,-0.9868155,116.6366561,70.68,9.411,160.5,3.17,0.088,459581.542,9890924.09,-0.986823,116.6367185
WB07-INV11,22,3,1,9890924.925,459590.051,-0.9868155,116.6367949,69.84,9.09,177.7,0.37,0.222,459596.988,9890924.09,-0.986823,116.6368573
WB07-INV11,23,12,3,9890917.625,459528.267,-0.9868815,116.6362396,72.99,23.981,165.2,6.48,0.057,459535.204,9890916.79,-0.986889,116.636302
WB07-INV11,24,13,3,9890917.625,459543.713,-0.9868815,116.6363784,71.13,19.119,167.6,4.26,0.098,459550.65,9890916.79,-0.986889,116.6364408
WB07-INV11,25,14,3,9890917.625,459559.159,-0.9868815,116.6365173,70.08,11.724,170.9,1.88,0.057,459566.096,9890916.79,-0.9868891,116.6365796
WB07-INV11,26,4,1,9890917.625,459574.605,-0.9868815,116.6366561,69.56,12.228,157.6,4.72,0.163,459581.542,9890916.79,-0.9868891,116.6367184
WB07-INV12,1,20,5,9890932.225,459636.389,-0.9867495,116.6372114,77.06,22.307,282.1,-21.86,0.287,459643.326,9890931.39,-0.986757,116.6372738
WB07-INV12,2,21,5,9890924.925,459620.943,-0.9868155,116.6370726,72.86,18.091,278.3,-17.91,0.082,459627.88,9890924.09,-0.9868231,116.6371349
WB07-INV12,3,22,5,9890924.925,459636.389,-0.9868155,116.6372114,77.95,20.343,270.1,-20.34,0.196,459643.326,9890924.09,-0.9868231,116.6372738
WB07-INV12,4,25,6,9890917.625,459620.943,-0.9868816,116.6370726,73.25,17.729,274.5,-17.68,0.112,459627.88,9890916.79,-0.9868891,116.6371349
WB07-INV12,5,23,5,9890917.625,459636.389,-0.9868816,116.6372114,78.34,18.116,271.8,-18.11,0.256,459643.326,9890916.79,-0.9868891,116.6372738
WB07-INV12,6,26,6,9890910.125,459620.943,-0.9869494,116.6370726,73.03,20.664,278.2,-20.47,0.089,459627.88,9890909.29,-0.986957,116.6371349
WB07-INV12,7,27,6,9890902.825,459605.497,-0.9870154,116.6369337,69.98,15.753,310.1,-12.18,0.16,459612.434,9890901.99,-0.987023,116.6369961
WB07-INV12,8,28,6,9890902.825,459620.943,-0.9870155,116.6370726,73.7,21.782,285.4,-21.07,0.099,459627.88,9890901.99,-0.987023,116.6371349
WB07-INV12,9,1,1,9890895.525,459590.051,-0.9870815,116.6367949,68.99,18.277,325.0,-10.73,0.16,459596.988,9890894.69,-0.987089,116.6368573
WB07-INV12,10,2,1,9890895.525,459605.497,-0.9870815,116.6369337,71.84,16.012,324.0,-9.57,0.069,459612.434,9890894.69,-0.987089,116.6369961
WB07-INV12,11,15,4,9890895.525,459620.943,-0.9870815,116.6370726,74.58,22.333,294.3,-20.53,0.124,459627.88,9890894.69,-0.9870891,116.6371349
WB07-INV12,12,10,3,9890888.225,459559.159,-0.9871475,116.6365172,66.73,12.599,332.8,-5.83,0.087,459566.096,9890887.39,-0.987155,116.6365796
WB07-INV12,13,11,3,9890888.225,459574.605,-0.9871475,116.6366561,68.22,17.72,328.0,-9.61,0.065,459581.542,9890887.39,-0.9871551,116.6367184
WB07-INV12,14,16,4,9890888.225,459590.051,-0.9871475,116.6367949,70.93,15.487,320.6,-9.97,0.105,459596.988,9890887.39,-0.9871551,116.6368572
WB07-INV12,15,17,4,9890888.225,459605.497,-0.9871475,116.6369337,73.48,15.303,320.7,-9.83,0.078,459612.434,9890887.39,-0.9871551,116.6369961
WB07-INV12,16,18,4,9890888.225,459620.943,-0.9871475,116.6370725,76.24,20.133,303.6,-16.98,0.091,459627.88,9890887.39,-0.9871551,116.6371349
WB07-INV12,17,12,3,9890881.225,459543.713,-0.9872108,116.6363784,66.47,17.164,341.8,-5.51,0.093,459550.65,9890880.39,-0.9872184,116.6364408
WB07-INV12,18,13,3,9890881.225,459559.159,-0.9872108,116.6365172,68.35,18.545,338.9,-6.89,0.087,459566.096,9890880.39,-0.9872184,116.6365796
WB07-INV12,19,3,1,9890881.225,459574.605,-0.9872108,116.6366561,70.2,17.036,331.0,-8.45,0.062,459581.542,9890880.39,-0.9872184,116.6367184
WB07-INV12,20,4,1,9890881.225,459590.051,-0.9872108,116.6367949,72.53,14.151,320.8,-9.05,0.052,459596.988,9890880.39,-0.9872184,116.6368572
WB07-INV12,21,6,2,9890881.225,459605.497,-0.9872109,116.6369337,74.97,16.76,321.3,-10.66,0.096,459612.434,9890880.39,-0.9872184,116.6369961
WB07-INV12,22,7,2,9890881.225,459620.943,-0.9872109,116.6370725,77.97,19.035,311.9,-14.4,0.233,459627.88,9890880.39,-0.9872184,116.6371349
WB07-INV12,23,8,2,9890874.525,459590.051,-0.9872715,116.6367949,74.13,15.094,327.6,-8.22,0.039,459596.988,9890873.69,-0.987279,116.6368572
WB07-INV12,24,9,2,9890874.525,459605.497,-0.9872715,116.6369337,76.34,18.553,319.2,-12.37,0.07,459612.434,9890873.69,-0.987279,116.6369961
WB07-INV13,1,16,4,9890874.525,459528.267,-0.9872714,116.6362396,66.49,15.497,327.6,-8.45,0.065,459535.204,9890873.69,-0.987279,116.6363019
WB07-INV13,2,17,4,9890874.525,459543.713,-0.9872714,116.6363784,68.58,17.029,335.9,-7.13,0.068,459550.65,9890873.69,-0.987279,116.6364408
WB07-INV13,3,25,6,9890874.525,459559.159,-0.9872714,116.6365172,70.49,15.971,338.7,-5.94,0.057,459566.096,9890873.69,-0.987279,116.6365796
WB07-INV13,4,26,6,9890874.525,459574.605,-0.9872714,116.6366561,72.24,15.87,331.1,-7.82,0.089,459581.542,9890873.69,-0.987279,116.6367184
WB07-INV13,5,2,1,9890867.825,459528.267,-0.987332,116.6362396,67.39,9.545,287.3,-9.12,0.07,459535.204,9890866.99,-0.9873396,116.6363019
WB07-INV13,6,18,4,9890867.825,459543.713,-0.987332,116.6363784,69.8,10.947,306.1,-8.88,0.063,459550.65,9890866.99,-0.9873396,116.6364407
WB07-INV13,7,27,6,9890867.825,459559.159,-0.987332,116.6365172,72.11,11.513,330.1,-5.8,0.049,459566.096,9890866.99,-0.9873396,116.6365796
WB07-INV13,8,28,6,9890867.825,459574.605,-0.9873321,116.636656,73.59,14.751,325.6,-8.46,0.09,459581.542,9890866.99,-0.9873396,116.6367184
WB07-INV13,9,20,5,9890867.825,459590.051,-0.9873321,116.6367949,75.86,15.839,330.7,-7.9,0.062,459596.988,9890866.99,-0.9873396,116.6368572
WB07-INV13,10,21,5,9890867.825,459605.497,-0.9873321,116.6369337,78.0,19.026,321.3,-12.17,0.098,459612.434,9890866.99,-0.9873396,116.6369961
WB07-INV13,11,3,1,9890861.725,459528.267,-0.9873872,116.6362396,67.4,10.022,258.6,-9.83,0.079,459535.204,9890860.89,-0.9873948,116.6363019
WB07-INV13,12,10,3,9890861.725,459543.713,-0.9873872,116.6363784,70.09,10.484,283.1,-10.22,0.058,459550.65,9890860.89,-0.9873948,116.6364407
WB07-INV13,13,11,3,9890861.725,459559.159,-0.9873872,116.6365172,72.83,9.988,313.9,-7.23,0.076,459566.096,9890860.89,-0.9873948,116.6365796
WB07-INV13,14,6,2,9890861.725,459574.605,-0.9873872,116.636656,74.82,14.698,319.9,-9.59,0.049,459581.542,9890860.89,-0.9873948,116.6367184
WB07-INV13,15,7,2,9890861.725,459590.051,-0.9873873,116.6367949,77.19,15.958,328.3,-8.55,0.063,459596.988,9890860.89,-0.9873948,116.6368572
WB07-INV13,16,22,5,9890861.725,459605.497,-0.9873873,116.6369337,79.59,14.283,314.4,-10.31,0.1,459612.434,9890860.89,-0.9873948,116.636996
WB07-INV13,17,4,1,9890855.225,459528.267,-0.987446,116.6362396,66.75,13.348,245.5,-12.18,0.12,459535.204,9890854.39,-0.9874536,116.6363019
WB07-INV13,18,12,3,9890855.225,459543.713,-0.987446,116.6363784,69.88,12.906,281.5,-12.66,0.076,459550.65,9890854.39,-0.9874536,116.6364407
WB07-INV13,19,,,9890855.225,459559.159,-0.987446,116.6365172,73.39,9.858,293.0,-9.09,0.04,459566.096,9890854.39,-0.9874536,116.6365796
WB07-INV13,20,8,2,9890855.225,459574.605,-0.987446,116.636656,75.76,13.602,308.6,-10.71,0.076,459581.542,9890854.39,-0.9874536,116.6367184
WB07-INV13,21,9,2,9890855.225,459590.051,-0.9874461,116.6367949,78.45,12.618,314.6,-9.06,0.051,459596.988,9890854.39,-0.9874536,116.6368572
WB07-INV13,22,23,5,9890855.225,459605.497,-0.9874461,116.6369337,80.87,8.337,300.9,-7.17,0.108,459612.434,9890854.39,-0.9874536,116.636996
WB07-INV14,1,20,5,9890848.825,459543.713,-0.9875039,116.6363784,70.0,14.527,262.6,-14.41,0.072,459550.65,9890847.99,-0.9875115,116.6364407
WB07-INV14,2,25,6,9890848.825,459559.159,-0.9875039,116.6365172,73.67,10.876,281.3,-10.67,0.109,459566.096,9890847.99,-0.9875115,116.6365796
WB07-INV14,3,26,6,9890848.825,459574.605,-0.9875039,116.636656,76.53,13.081,297.8,-11.61,0.05,459581.542,9890847.99,-0.9875115,116.6367184
WB07-INV14,4,18,4,9890848.825,459590.051,-0.987504,116.6367949,79.55,8.871,309.4,-6.88,0.044,459596.988,9890847.99,-0.9875115,116.6368572
WB07-INV14,5,17,4,9890848.825,459605.497,-0.987504,116.6369337,81.43,5.435,295.7,-4.9,0.107,459612.434,9890847.99,-0.9875115,116.636996
WB07-INV14,6,21,5,9890842.425,459543.713,-0.9875618,116.6363784,69.44,16.156,250.3,-15.26,0.076,459550.65,9890841.59,-0.9875694,116.6364407
WB07-INV14,7,27,6,9890842.425,459559.159,-0.9875618,116.6365172,73.54,13.855,274.9,-13.81,0.106,459566.096,9890841.59,-0.9875694,116.6365795
WB07-INV14,8,16,4,9890842.425,459574.605,-0.9875618,116.636656,77.08,11.64,283.9,-11.31,0.051,459581.542,9890841.59,-0.9875694,116.6367184
WB07-INV14,9,28,6,9890842.425,459590.051,-0.9875619,116.6367948,80.1,8.194,304.5,-6.77,0.09,459596.988,9890841.59,-0.9875694,116.6368572
WB07-INV14,10,22,5,9890836.025,459543.713,-0.9876197,116.6363784,69.09,15.437,264.5,-15.37,0.076,459550.65,9890835.19,-0.9876273,116.6364407
WB07-INV14,11,23,5,9890836.025,459559.159,-0.9876197,116.6365172,73.18,15.95,278.7,-15.78,0.085,459566.096,9890835.19,-0.9876273,116.6365795
WB07-INV14,12,6,2,9890836.025,459574.605,-0.9876198,116.636656,77.33,11.155,285.9,-10.74,0.062,459581.542,9890835.19,-0.9876273,116.6367184
WB07-INV14,13,7,2,9890836.025,459590.051,-0.9876198,116.6367948,80.33,7.43,292.3,-6.88,0.135,459596.988,9890835.19,-0.9876273,116.6368572
WB07-INV14,14,10,3,9890829.425,459543.713,-0.9876794,116.6363784,69.08,15.507,278.3,-15.35,0.076,459550.65,9890828.59,-0.987687,116.6364407
WB07-INV14,15,11,3,9890829.425,459559.159,-0.9876794,116.6365172,73.26,16.272,277.4,-16.14,0.103,459566.096,9890828.59,-0.987687,116.6365795
WB07-INV14,16,8,2,9890829.174,459574.924,-0.9876817,116.6366589,77.8,13.099,283.7,-12.74,0.073,459581.542,9890828.59,-0.987687,116.6367184
WB07-INV14,17,9,2,9890829.037,459590.506,-0.987683,116.6367989,81.23,5.6,309.0,-4.36,0.079,459596.988,9890828.59,-0.987687,116.6368572
WB07-INV14,18,12,3,9890822.525,459543.713,-0.9877419,116.6363783,69.58,15.825,296.0,-14.29,0.076,459550.65,9890821.69,-0.9877494,116.6364407
WB07-INV14,19,13,3,9890822.525,459559.159,-0.9877419,116.6365172,73.78,14.962,281.2,-14.69,0.086,459566.096,9890821.69,-0.9877494,116.6365795
WB07-INV14,20,1,1,9890822.525,459574.605,-0.9877419,116.636656,77.88,14.996,293.3,-13.82,0.072,459581.542,9890821.69,-0.9877495,116.6367184
WB07-INV14,21,2,1,9890816.125,459544.213,-0.9877998,116.6363828,69.85,17.282,274.5,-17.23,0.109,459550.65,9890815.29,-0.9878073,116.6364407
WB07-INV14,22,3,1,9890816.125,459559.659,-0.9877998,116.6365217,74.48,14.73,287.9,-14.05,0.067,459566.096,9890815.29,-0.9878073,116.6365795
WB07-INV14,23,4,1,9890816.125,459575.105,-0.9877998,116.6366605,78.6,14.053,280.5,-13.83,0.08,459581.542,9890815.29,-0.9878074,116.6367183
WB07-INV15,1,1,1,9890881.225,459651.835,-0.9872109,116.6373502,78.85,11.391,107.0,10.91,0.166,459658.772,9890880.39,-0.9872185,116.6374125
WB07-INV15,2,2,1,9890881.225,459667.281,-0.9872109,116.637489,75.58,14.522,90.8,14.52,0.107,459674.218,9890880.39,-0.9872185,116.6375514
WB07-INV15,3,3,1,9890881.225,459682.727,-0.9872109,116.6376278,71.75,6.648,122.4,5.62,0.049,459689.664,9890880.39,-0.9872185,116.6376902
WB07-INV15,4,10,3,9890881.225,459698.173,-0.9872109,116.6377667,70.32,13.149,180.4,-0.09,0.103,459705.11,9890880.39,-0.9872185,116.637829
WB07-INV15,5,11,3,9890881.225,459713.619,-0.987211,116.6379055,70.55,14.024,168.1,2.95,0.111,459720.556,9890880.39,-0.9872185,116.6379679
WB07-INV15,6,12,3,9890881.225,459729.065,-0.987211,116.6380443,69.76,14.002,155.7,5.86,0.047,459736.002,9890880.39,-0.9872185,116.6381067
WB07-INV15,7,6,2,9890874.525,459651.835,-0.9872715,116.6373502,78.53,12.204,103.2,11.89,0.145,459658.772,9890873.69,-0.9872791,116.6374125
WB07-INV15,8,7,2,9890874.525,459667.281,-0.9872715,116.637489,75.14,9.978,97.5,9.89,0.155,459674.218,9890873.69,-0.9872791,116.6375514
WB07-INV15,9,4,1,9890874.525,459682.727,-0.9872715,116.6376278,72.23,10.186,68.5,9.49,0.063,459689.664,9890873.69,-0.9872791,116.6376902
WB07-INV15,10,13,3,9890874.525,459698.173,-0.9872716,116.6377667,69.77,6.955,139.3,4.55,0.096,459705.11,9890873.69,-0.9872791,116.637829
WB07-INV15,11,14,3,9890874.525,459713.619,-0.9872716,116.6379055,68.87,10.884,173.8,1.19,0.107,459720.556,9890873.69,-0.9872791,116.6379678
WB07-INV15,12,20,5,9890867.825,459651.835,-0.9873321,116.6373502,78.43,12.96,90.2,12.96,0.098,459658.772,9890866.99,-0.9873397,116.6374125
WB07-INV15,13,8,2,9890867.825,459667.281,-0.9873321,116.637489,74.63,7.079,74.8,6.83,0.147,459674.218,9890866.99,-0.9873397,116.6375514
WB07-INV15,14,9,2,9890867.825,459682.727,-0.9873322,116.6376278,72.71,11.276,75.3,10.92,0.078,459689.664,9890866.99,-0.9873397,116.6376902
WB07-INV15,15,21,5,9890861.725,459651.835,-0.9873873,116.6373502,78.23,13.168,97.7,13.05,0.039,459658.772,9890860.89,-0.9873949,116.6374125
WB07-INV15,16,18,4,9890861.725,459667.281,-0.9873873,116.637489,74.66,5.824,82.1,5.77,0.098,459674.218,9890860.89,-0.9873949,116.6375514
WB07-INV15,17,17,4,9890861.725,459682.727,-0.9873873,116.6376278,72.99,13.113,104.3,12.72,0.101,459689.664,9890860.89,-0.9873949,116.6376902
WB07-INV15,18,22,5,9890855.225,459651.835,-0.9874461,116.6373502,77.94,12.929,99.8,12.75,0.042,459658.772,9890854.39,-0.9874537,116.6374125
WB07-INV15,19,26,6,9890855.225,459667.281,-0.9874461,116.637489,74.51,7.388,118.4,6.51,0.085,459674.218,9890854.39,-0.9874537,116.6375513
WB07-INV15,20,16,4,9890855.225,459682.727,-0.9874462,116.6376278,72.71,14.749,111.9,13.73,0.084,459689.664,9890854.39,-0.9874537,116.6376902
WB07-INV15,21,15,4,9890855.225,459698.173,-0.9874462,116.6377666,69.12,6.84,95.9,6.8,0.081,459705.11,9890854.39,-0.9874537,116.637829
WB07-INV15,22,23,5,9890848.825,459651.835,-0.987504,116.6373502,77.74,13.133,86.3,13.11,0.041,459658.772,9890847.99,-0.9875116,116.6374125
WB07-INV15,23,25,6,9890848.825,459667.281,-0.987504,116.637489,74.22,10.52,123.4,8.81,0.114,459674.218,9890847.99,-0.9875116,116.6375513
WB07-INV15,24,27,6,9890848.825,459682.727,-0.9875041,116.6376278,71.89,11.302,108.2,10.75,0.062,459689.664,9890847.99,-0.9875116,116.6376902
WB07-INV15,25,28,6,9890848.825,459698.173,-0.9875041,116.6377666,69.12,7.966,112.4,7.37,0.097,459705.11,9890847.99,-0.9875116,116.637829
WB07-INV16,1,1,1,9890842.425,459636.389,-0.9875619,116.6372113,81.05,12.932,112.0,12.02,0.071,459643.326,9890841.59,-0.9875695,116.6372737
WB07-INV16,2,2,1,9890842.425,459651.835,-0.9875619,116.6373502,77.77,13.066,93.8,13.04,0.055,459658.772,9890841.59,-0.9875695,116.6374125
WB07-INV16,3,10,3,9890842.425,459667.281,-0.9875619,116.637489,74.13,11.386,86.7,11.37,0.128,459674.218,9890841.59,-0.9875695,116.6375513
WB07-INV16,4,11,3,9890842.425,459682.727,-0.987562,116.6376278,71.33,9.295,108.5,8.82,0.033,459689.664,9890841.59,-0.9875695,116.6376902
WB07-INV16,5,12,3,9890842.425,459698.173,-0.987562,116.6377666,68.9,5.886,94.0,5.87,0.045,459705.11,9890841.59,-0.9875695,116.637829
WB07-INV16,6,6,2,9890836.025,459636.389,-0.9876198,116.6372113,80.58,11.784,103.1,11.49,0.061,459643.326,9890835.19,-0.9876274,116.6372737
WB07-INV16,7,3,1,9890836.025,459651.835,-0.9876198,116.6373501,77.41,10.761,105.3,10.39,0.066,459658.772,9890835.19,-0.9876274,116.6374125
WB07-INV16,8,4,1,9890836.025,459667.281,-0.9876198,116.637489,74.41,12.682,81.8,12.56,0.056,459674.218,9890835.19,-0.9876274,116.6375513
WB07-INV16,9,13,3,9890836.025,459682.727,-0.9876199,116.6376278,71.08,8.091,72.6,7.73,0.034,459689.664,9890835.19,-0.9876274,116.6376902
WB07-INV16,10,14,3,9890836.025,459698.173,-0.9876199,116.6377666,69.04,7.597,92.2,7.59,0.094,459705.11,9890835.19,-0.9876274,116.637829
WB07-INV16,11,7,2,9890829.425,459636.389,-0.9876795,116.6372113,80.13,12.883,110.0,12.13,0.101,459643.326,9890828.59,-0.9876871,116.6372737
WB07-INV16,12,8,2,9890829.425,459651.835,-0.9876795,116.6373501,76.94,8.501,99.2,8.39,0.052,459658.772,9890828.59,-0.9876871,116.6374125
WB07-INV16,13,18,4,9890829.425,459667.281,-0.9876796,116.637489,74.47,11.513,84.2,11.46,0.093,459674.218,9890828.59,-0.9876871,116.6375513
WB07-INV16,14,17,4,9890829.425,459682.727,-0.9876796,116.6376278,71.5,9.007,95.8,8.96,0.057,459689.664,9890828.59,-0.9876871,116.6376901
WB07-INV16,15,16,4,9890829.425,459698.173,-0.9876796,116.6377666,69.08,8.456,105.4,8.16,0.115,459705.11,9890828.59,-0.9876872,116.637829
WB07-INV16,16,20,5,9890822.525,459620.943,-0.9877419,116.6370725,81.53,9.523,120.9,8.19,0.248,459627.88,9890821.69,-0.9877495,116.6371348
WB07-INV16,17,9,2,9890822.525,459636.389,-0.9877419,116.6372113,79.49,11.592,109.9,10.92,0.101,459643.326,9890821.69,-0.9877495,116.6372737
WB07-INV16,18,25,6,9890822.525,459651.835,-0.987742,116.6373501,76.58,7.82,97.6,7.75,0.041,459658.772,9890821.69,-0.9877495,116.6374125
WB07-INV16,19,26,6,9890822.525,459667.281,-0.987742,116.637489,74.41,11.374,97.5,11.28,0.048,459674.218,9890821.69,-0.9877495,116.6375513
WB07-INV16,20,15,4,9890822.525,459682.727,-0.987742,116.6376278,71.4,10.693,113.9,9.79,0.096,459689.664,9890821.69,-0.9877496,116.6376901
WB07-INV16,21,21,5,9890816.125,459620.943,-0.9877998,116.6370725,81.52,11.408,120.8,9.83,0.06,459627.88,9890815.29,-0.9878074,116.6371348
WB07-INV16,22,22,5,9890816.125,459636.389,-0.9877998,116.6372113,78.93,9.685,119.0,8.49,0.061,459643.326,9890815.29,-0.9878074,116.6372737
WB07-INV16,23,23,5,9890816.125,459651.835,-0.9877999,116.6373501,76.49,8.033,96.1,7.99,0.067,459658.772,9890815.29,-0.9878074,116.6374125
WB07-INV16,24,27,6,9890816.125,459667.281,-0.9877999,116.637489,74.09,12.513,114.0,11.46,0.089,459674.218,9890815.29,-0.9878074,116.6375513
WB07-INV16,25,28,6,9890816.125,459682.727,-0.9877999,116.6376278,71.0,11.793,109.6,11.13,0.074,459689.664,9890815.29,-0.9878075,116.6376901
WB07-INV17,1,17,4,9890809.725,459605.497,-0.9878577,116.6369336,82.34,6.261,110.5,5.87,0.056,459612.434,9890808.89,-0.9878653,116.636996
WB07-INV17,2,18,4,9890809.725,459620.943,-0.9878577,116.6370725,80.7,12.111,130.7,9.24,0.066,459627.88,9890808.89,-0.9878653,116.6371348
WB07-INV17,3,,,9890809.725,459636.389,-0.9878578,116.6372113,78.24,8.285,122.2,7.02,0.033,459643.326,9890808.89,-0.9878653,116.6372736
WB07-INV17,4,26,6,9890809.725,459651.835,-0.9878578,116.6373501,76.29,9.789,118.4,8.63,0.087,459658.772,9890808.89,-0.9878653,116.6374125
WB07-INV17,5,20,5,9890809.725,459667.281,-0.9878578,116.6374889,73.65,11.068,105.4,10.68,0.091,459674.218,9890808.89,-0.9878653,116.6375513
WB07-INV17,6,21,5,9890809.725,459682.727,-0.9878578,116.6376278,70.67,11.669,102.9,11.38,0.046,459689.664,9890808.89,-0.9878654,116.6376901
WB07-INV17,7,16,4,9890803.225,459605.497,-0.9879165,116.6369336,81.92,5.928,103.9,5.76,0.124,459612.434,9890802.39,-0.9879241,116.636996
WB07-INV17,8,15,4,9890803.225,459620.943,-0.9879165,116.6370725,80.01,9.283,112.4,8.59,0.143,459627.88,9890802.39,-0.9879241,116.6371348
WB07-INV17,9,27,6,9890803.225,459636.389,-0.9879166,116.6372113,77.83,8.926,117.7,7.92,0.06,459643.326,9890802.39,-0.9879241,116.6372736
WB07-INV17,10,,,9890803.225,459651.835,-0.9879166,116.6373501,75.77,12.355,126.6,9.97,0.063,459658.772,9890802.39,-0.9879241,116.6374125
WB07-INV17,11,22,5,9890803.225,459667.281,-0.9879166,116.6374889,73.07,10.052,105.8,9.68,0.097,459674.218,9890802.39,-0.9879242,116.6375513
WB07-INV17,12,23,5,9890803.225,459682.727,-0.9879166,116.6376278,70.2,12.305,110.4,11.55,0.063,459689.664,9890802.39,-0.9879242,116.6376901
WB07-INV17,13,10,3,9890796.725,459590.051,-0.9879753,116.6367948,82.2,4.191,158.5,1.54,0.081,459596.988,9890795.89,-0.9879829,116.6368572
WB07-INV17,14,11,3,9890796.725,459605.497,-0.9879753,116.6369336,81.68,8.505,131.2,6.42,0.074,459612.434,9890795.89,-0.9879829,116.636996
WB07-INV17,15,12,3,9890796.725,459620.943,-0.9879753,116.6370725,79.86,8.659,106.2,8.32,0.084,459627.88,9890795.89,-0.9879829,116.6371348
WB07-INV17,16,1,1,9890796.725,459636.389,-0.9879754,116.6372113,77.52,10.785,116.5,9.67,0.069,459643.326,9890795.89,-0.9879829,116.6372736
WB07-INV17,17,2,1,9890796.725,459651.835,-0.9879754,116.6373501,75.1,9.822,118.7,8.63,0.091,459658.772,9890795.89,-0.9879829,116.6374125
WB07-INV17,18,6,2,9890796.725,459667.281,-0.9879754,116.6374889,72.7,10.519,111.2,9.82,0.077,459674.218,9890795.89,-0.987983,116.6375513
WB07-INV17,19,7,2,9890796.725,459682.727,-0.9879754,116.6376278,69.95,12.2,105.9,11.75,0.066,459689.664,9890795.89,-0.987983,116.6376901
WB07-INV17,20,13,3,9890789.725,459590.051,-0.9880386,116.6367948,81.4,9.127,178.2,0.29,0.083,459596.988,9890788.89,-0.9880462,116.6368571
WB07-INV17,21,14,3,9890789.725,459605.497,-0.9880387,116.6369336,81.28,12.028,136.1,8.4,0.087,459612.434,9890788.89,-0.9880462,116.636996
WB07-INV17,22,3,1,9890789.725,459620.943,-0.9880387,116.6370724,79.1,11.964,133.1,8.8,0.046,459627.88,9890788.89,-0.9880462,116.6371348
WB07-INV17,23,4,1,9890789.725,459636.389,-0.9880387,116.6372113,76.76,12.731,132.0,9.53,0.045,459643.326,9890788.89,-0.9880463,116.6372736
WB07-INV17,24,8,2,9890789.725,459651.835,-0.9880387,116.6373501,74.24,7.808,125.2,6.39,0.064,459658.772,9890788.89,-0.9880463,116.6374125
WB07-INV17,25,9,2,9890789.725,459667.281,-0.9880387,116.6374889,72.37,13.38,114.8,12.18,0.146,459674.218,9890788.89,-0.9880463,116.6375513
WB08-INV01,1,1,1,9891177.325,459574.605,-0.984532,116.6366563,94.56,13.581,166.8,3.16,0.31,459581.542,9891176.49,-0.9845395,116.6367187
WB08-INV01,2,6,2,9891177.325,459590.051,-0.984532,116.6367952,93.34,23.062,136.3,16.39,0.417,459596.988,9891176.49,-0.9845396,116.6368575
WB08-INV01,3,2,1,9891177.325,459605.497,-0.984532,116.636934,89.79,11.803,218.8,-7.46,0.29,459612.434,9891176.49,-0.9845396,116.6369964
WB08-INV01,4,3,1,9891177.325,459620.943,-0.984532,116.6370728,91.15,7.657,192.1,-1.61,0.14,459627.88,9891176.49,-0.9845396,116.6371352
WB08-INV01,5,10,3,9891177.325,459636.389,-0.984532,116.6372117,91.12,16.05,133.6,11.77,0.17,459643.326,9891176.49,-0.9845396,116.637274
WB08-INV01,6,11,3,9891177.325,459651.835,-0.9845321,116.6373505,88.16,7.7,138.5,5.12,0.062,459658.772,9891176.49,-0.9845396,116.6374128
WB08-INV01,7,12,3,9891177.325,459667.281,-0.9845321,116.6374893,86.72,6.185,158.8,2.24,0.066,459674.218,9891176.49,-0.9845396,116.6375517
WB08-INV01,8,13,3,9891177.325,459682.727,-0.9845321,116.6376281,85.93,7.391,143.8,4.38,0.069,459689.664,9891176.49,-0.9845396,116.6376905
WB08-INV01,9,4,1,9891168.525,459574.605,-0.9846116,116.6366563,92.38,17.552,159.1,6.44,0.367,459581.542,9891167.69,-0.9846192,116.6367187
WB08-INV01,10,7,2,9891168.525,459590.051,-0.9846116,116.6367952,89.86,5.546,129.8,4.27,0.269,459596.988,9891167.69,-0.9846192,116.6368575
WB08-INV01,11,8,2,9891168.332,459608.686,-0.9846134,116.6369627,89.31,5.858,248.5,-5.45,0.183,459612.434,9891167.69,-0.9846192,116.6369963
WB08-INV01,12,9,2,9891168.525,459620.943,-0.9846116,116.6370728,89.99,4.983,157.9,1.88,0.221,459627.88,9891167.69,-0.9846192,116.6371352
WB08-INV01,13,15,4,9891168.525,459636.389,-0.9846117,116.6372116,89.31,11.662,145.1,6.73,0.238,459643.326,9891167.69,-0.9846192,116.637274
WB08-INV01,14,16,4,9891168.525,459651.835,-0.9846117,116.6373505,87.36,10.113,139.7,6.58,0.049,459658.772,9891167.69,-0.9846192,116.6374128
WB08-INV01,15,17,4,9891168.525,459667.281,-0.9846117,116.6374893,85.55,9.239,166.3,2.21,0.081,459674.218,9891167.69,-0.9846192,116.6375517
WB08-INV01,16,18,4,9891168.525,459682.727,-0.9846117,116.6376281,85.01,9.984,143.2,6.02,0.096,459689.664,9891167.69,-0.9846193,116.6376905
WB08-INV01,17,25,6,9891159.325,459590.051,-0.9846948,116.6367952,88.71,2.372,197.1,-0.7,0.35,459596.988,9891158.49,-0.9847024,116.6368575
WB08-INV01,18,26,6,9891159.325,459605.497,-0.9846949,116.636934,89.29,6.055,189.3,-0.98,0.173,459612.434,9891158.49,-0.9847024,116.6369963
WB08-INV01,19,27,6,9891159.325,459620.943,-0.9846949,116.6370728,89.58,13.431,143.6,8.07,0.071,459627.88,9891158.49,-0.9847024,116.6371352
WB08-INV01,20,20,5,9891159.325,459636.389,-0.9846949,116.6372116,87.49,7.774,138.7,5.15,0.049,459643.326,9891158.49,-0.9847024,116.637274
WB08-INV01,21,21,5,9891159.325,459651.835,-0.9846949,116.6373505,86.01,11.668,143.8,6.95,0.055,459658.772,9891158.49,-0.9847025,116.6374128
WB08-INV01,22,28,6,9891151.125,459605.497,-0.984769,116.636934,88.49,13.242,164.1,3.69,0.138,459612.434,9891150.29,-0.9847766,116.6369963
WB08-INV01,23,22,5,9891151.125,459620.943,-0.9847691,116.6370728,87.87,12.96,146.5,7.24,0.103,459627.88,9891150.29,-0.9847766,116.6371352
WB08-INV01,24,23,5,9891151.125,459636.389,-0.9847691,116.6372116,86.24,9.904,143.5,5.93,0.121,459643.326,9891150.29,-0.9847766,116.637274
WB08-INV02,1,1,1,9891151.125,459590.051,-0.984769,116.6367951,88.58,4.848,158.6,1.77,0.311,459596.988,9891150.29,-0.9847766,116.6368575
WB08-INV02,2,2,1,9891141.825,459590.051,-0.9848532,116.6367951,88.3,8.858,84.0,8.81,0.149,459596.988,9891140.99,-0.9848607,116.6368575
WB08-INV02,3,3,1,9891141.825,459605.497,-0.9848532,116.636934,86.59,11.347,171.9,1.62,0.039,459612.434,9891140.99,-0.9848607,116.6369963
WB08-INV02,4,4,1,9891141.825,459620.943,-0.9848532,116.6370728,86.15,9.359,150.8,4.6,0.1,459627.88,9891140.99,-0.9848608,116.6371351
WB08-INV02,5,10,3,9891134.525,459590.051,-0.9849192,116.6367951,89.18,12.746,68.9,11.92,0.037,459596.988,9891133.69,-0.9849268,116.6368575
WB08-INV02,6,11,3,9891134.525,459605.497,-0.9849192,116.636934,86.03,4.453,91.6,4.45,0.074,459612.434,9891133.69,-0.9849268,116.6369963
WB08-INV02,7,25,6,9891134.525,459667.281,-0.9849193,116.6374893,86.02,13.87,333.3,-6.33,0.082,459674.218,9891133.69,-0.9849268,116.6375516
WB08-INV02,8,12,3,9891127.625,459590.051,-0.9849816,116.6367951,89.95,15.072,54.1,12.31,0.09,459596.988,9891126.79,-0.9849892,116.6368575
WB08-INV02,9,13,3,9891127.625,459605.497,-0.9849816,116.636934,86.5,9.463,43.3,6.52,0.118,459612.434,9891126.79,-0.9849892,116.6369963
WB08-INV02,10,26,6,9891127.625,459651.835,-0.9849817,116.6373504,84.91,13.726,315.9,-9.65,0.068,459658.772,9891126.79,-0.9849893,116.6374128
WB08-INV02,11,27,6,9891127.625,459667.281,-0.9849817,116.6374893,87.55,24.607,335.7,-10.67,0.159,459674.218,9891126.79,-0.9849893,116.6375516
WB08-INV02,12,6,2,9891121.425,459605.497,-0.9850377,116.6369339,87.69,12.667,37.2,7.74,0.062,459612.434,9891120.59,-0.9850453,116.6369963
WB08-INV02,13,15,4,9891121.425,459651.835,-0.9850378,116.6373504,85.97,20.198,320.2,-13.25,0.144,459658.772,9891120.59,-0.9850453,116.6374128
WB08-INV02,14,28,6,9891121.425,459667.281,-0.9850378,116.6374893,89.4,24.611,326.7,-14.12,0.107,459674.218,9891120.59,-0.9850454,116.6375516
WB08-INV02,15,7,2,9891115.024,459609.252,-0.9850957,116.6369677,88.16,12.168,48.3,9.15,0.057,459612.434,9891114.59,-0.9850996,116.6369963
WB08-INV02,16,16,4,9891115.425,459651.835,-0.9850921,116.6373504,87.14,22.115,310.4,-17.2,0.1,459658.772,9891114.59,-0.9850996,116.6374128
WB08-INV02,17,20,5,9891115.425,459667.281,-0.9850921,116.6374892,91.75,21.699,322.5,-13.62,0.185,459674.218,9891114.59,-0.9850996,116.6375516
WB08-INV02,18,21,5,9891115.425,459682.727,-0.9850921,116.6376281,95.53,16.483,354.6,-1.6,0.085,459689.664,9891114.59,-0.9850997,116.6376904
WB08-INV02,19,8,2,9891109.125,459605.497,-0.985149,116.6369339,89.88,13.436,63.4,12.06,0.073,459612.434,9891108.29,-0.9851566,116.6369963
WB08-INV02,20,9,2,9891109.125,459620.943,-0.985149,116.6370728,86.59,8.155,80.1,8.04,0.238,459627.88,9891108.29,-0.9851566,116.6371351
WB08-INV02,21,17,4,9891109.125,459636.389,-0.985149,116.6372116,84.96,15.532,303.2,-13.09,0.069,459643.326,9891108.29,-0.9851566,116.6372739
WB08-INV02,22,18,4,9891109.125,459651.835,-0.9851491,116.6373504,88.42,21.968,298.9,-19.45,0.1,459658.772,9891108.29,-0.9851566,116.6374128
WB08-INV02,23,22,5,9891109.125,459667.281,-0.9851491,116.6374892,93.58,17.016,306.0,-13.91,0.125,459674.218,9891108.29,-0.9851566,116.6375516
WB08-INV02,24,23,5,9891109.125,459682.727,-0.9851491,116.6376281,97.0,7.945,350.4,-1.33,0.145,459689.664,9891108.29,-0.9851567,116.6376904
WB08-INV03,1,1,1,9891102.425,459605.497,-0.9852096,116.6369339,91.05,16.054,63.8,14.48,0.072,459612.434,9891101.59,-0.9852172,116.6369963
WB08-INV03,2,2,1,9891102.425,459620.943,-0.9852096,116.6370728,87.09,8.681,64.5,7.85,0.329,459627.88,9891101.59,-0.9852172,116.6371351
WB08-INV03,3,10,3,9891102.425,459636.389,-0.9852097,116.6372116,85.52,14.641,287.8,-13.97,0.07,459643.326,9891101.59,-0.9852172,116.6372739
WB08-INV03,4,11,3,9891102.425,459651.835,-0.9852097,116.6373504,89.35,22.015,292.6,-20.47,0.079,459658.772,9891101.59,-0.9852172,116.6374128
WB08-INV03,5,12,3,9891102.425,459667.281,-0.9852097,116.6374892,94.91,16.169,311.4,-12.27,0.128,459674.218,9891101.59,-0.9852173,116.6375516
WB08-INV03,6,3,1,9891095.625,459605.497,-0.9852712,116.6369339,92.13,18.706,60.4,16.4,0.081,459612.434,9891094.79,-0.9852787,116.6369963
WB08-INV03,7,6,2,9891095.625,459620.943,-0.9852712,116.6370727,87.71,10.557,46.9,7.75,0.33,459627.88,9891094.79,-0.9852787,116.6371351
WB08-INV03,8,15,4,9891095.625,459636.389,-0.9852712,116.6372116,86.06,17.64,294.8,-16.1,0.098,459643.326,9891094.79,-0.9852787,116.6372739
WB08-INV03,9,13,3,9891095.625,459651.835,-0.9852712,116.6373504,90.4,22.686,298.0,-20.26,0.054,459658.772,9891094.79,-0.9852788,116.6374128
WB08-INV03,10,4,1,9891088.925,459605.497,-0.9853318,116.6369339,92.81,16.703,56.6,14.06,0.236,459612.434,9891088.09,-0.9853393,116.6369963
WB08-INV03,11,7,2,9891088.925,459620.943,-0.9853318,116.6370727,88.65,16.15,31.7,8.65,0.247,459627.88,9891088.09,-0.9853394,116.6371351
WB08-INV03,12,16,4,9891088.925,459636.389,-0.9853318,116.6372116,86.89,20.335,305.9,-16.71,0.053,459643.326,9891088.09,-0.9853394,116.6372739
WB08-INV03,13,25,6,9891088.925,459651.835,-0.9853318,116.6373504,91.73,21.328,297.0,-19.18,0.066,459658.772,9891088.09,-0.9853394,116.6374128
WB08-INV03,14,8,2,9891081.225,459620.943,-0.9854014,116.6370727,90.51,15.755,28.1,7.57,0.232,459627.88,9891080.39,-0.985409,116.6371351
WB08-INV03,15,17,4,9891081.225,459636.389,-0.9854015,116.6372116,89.01,21.295,316.1,-15.12,0.087,459643.326,9891080.39,-0.985409,116.6372739
WB08-INV03,16,26,6,9891081.225,459651.835,-0.9854015,116.6373504,93.26,19.143,297.7,-17.08,0.135,459658.772,9891080.39,-0.985409,116.6374127
WB08-INV03,17,9,2,9891073.425,459620.943,-0.985472,116.6370727,91.92,16.461,15.0,4.37,0.171,459627.88,9891072.59,-0.9854796,116.6371351
WB08-INV03,18,18,4,9891073.425,459636.389,-0.985472,116.6372116,91.13,20.318,317.1,-14.15,0.073,459643.326,9891072.59,-0.9854796,116.6372739
WB08-INV03,19,27,6,9891065.125,459636.389,-0.9855471,116.6372115,94.02,19.44,331.5,-9.56,0.12,459643.326,9891064.29,-0.9855547,116.6372739
WB08-INV03,20,20,5,9891056.025,459590.051,-0.9856294,116.6367951,92.4,13.827,265.7,-13.79,0.387,459596.988,9891055.19,-0.985637,116.6368574
WB08-INV03,21,21,5,9891047.125,459590.051,-0.9857099,116.636795,91.17,21.481,260.1,-21.19,0.485,459596.988,9891046.29,-0.9857175,116.6368574
WB08-INV03,22,23,5,9891047.125,459605.497,-0.9857099,116.6369339,95.79,14.513,304.4,-12.06,0.36,459612.434,9891046.29,-0.9857175,116.6369962
WB08-INV03,23,22,5,9891047.125,459620.943,-0.98571,116.6370727,98.32,16.723,341.4,-5.47,0.157,459627.88,9891046.29,-0.9857175,116.6371351
WB08-INV03,24,28,6,9891037.825,459636.389,-0.9857941,116.6372115,101.7,5.139,347.7,-1.1,0.11,459643.326,9891036.99,-0.9858017,116.6372739
WB08-INV04,1,1,1,9891081.225,459698.173,-0.9854015,116.6377669,94.88,11.82,141.4,7.44,0.081,459705.11,9891080.39,-0.9854091,116.6378292
WB08-INV04,2,2,1,9891081.225,459713.619,-0.9854015,116.6379057,93.11,7.017,142.0,4.33,0.083,459720.556,9891080.39,-0.9854091,116.6379681
WB08-INV04,3,10,3,9891081.225,459729.065,-0.9854016,116.6380445,91.71,16.085,152.5,7.58,0.134,459736.002,9891080.39,-0.9854091,116.6381069
WB08-INV04,4,11,3,9891081.225,459744.511,-0.9854016,116.6381834,89.68,23.475,156.5,9.82,0.132,459751.448,9891080.39,-0.9854091,116.6382457
WB08-INV04,5,6,2,9891081.225,459759.957,-0.9854016,116.6383222,87.27,29.58,162.2,9.84,0.301,459766.894,9891080.39,-0.9854091,116.6383845
WB08-INV04,6,3,1,9891073.425,459682.727,-0.9854721,116.637628,96.24,12.937,136.9,8.92,0.271,459689.664,9891072.59,-0.9854796,116.6376904
WB08-INV04,7,4,1,9891073.425,459698.173,-0.9854721,116.6377669,93.77,10.767,145.5,6.15,0.15,459705.11,9891072.59,-0.9854797,116.6378292
WB08-INV04,8,12,3,9891073.425,459713.619,-0.9854721,116.6379057,92.17,17.661,154.4,7.83,0.138,459720.556,9891072.59,-0.9854797,116.637968
WB08-INV04,9,13,3,9891073.425,459729.065,-0.9854721,116.6380445,90.22,22.588,147.9,12.47,0.066,459736.002,9891072.59,-0.9854797,116.6381069
WB08-INV04,10,7,2,9891073.425,459744.511,-0.9854721,116.6381833,86.91,21.599,147.8,11.91,0.07,459751.448,9891072.59,-0.9854797,116.6382457
WB08-INV04,11,8,2,9891073.425,459759.957,-0.9854722,116.6383222,83.51,18.925,147.7,10.38,0.093,459766.894,9891072.59,-0.9854797,116.6383845
WB08-INV04,12,9,2,9891073.425,459775.403,-0.9854722,116.638461,80.89,31.795,164.0,9.7,0.283,459782.34,9891072.59,-0.9854797,116.6385234
WB08-INV04,13,15,4,9891065.125,459682.727,-0.9855472,116.637628,94.15,17.373,143.6,10.52,0.123,459689.664,9891064.29,-0.9855547,116.6376904
WB08-INV04,14,14,3,9891065.125,459698.173,-0.9855472,116.6377669,91.51,19.529,166.1,4.87,0.122,459705.11,9891064.29,-0.9855547,116.6378292
WB08-INV04,15,25,6,9891065.125,459713.619,-0.9855472,116.6379057,90.09,23.563,150.2,12.23,0.076,459720.556,9891064.29,-0.9855548,116.637968
WB08-INV04,16,26,6,9891065.125,459729.065,-0.9855472,116.6380445,86.81,23.829,160.9,8.22,0.159,459736.002,9891064.29,-0.9855548,116.6381069
WB08-INV04,17,27,6,9891065.125,459744.511,-0.9855472,116.6381833,84.24,17.988,144.3,10.73,0.048,459751.448,9891064.29,-0.9855548,116.6382457
WB08-INV04,18,28,6,9891065.125,459759.957,-0.9855472,116.6383222,81.4,21.144,141.4,13.57,0.25,459766.894,9891064.29,-0.9855548,116.6383845
WB08-INV04,19,16,4,9891056.025,459667.781,-0.9856295,116.6374937,98.16,24.451,117.9,21.89,0.236,459674.218,9891055.19,-0.985637,116.6375515
WB08-INV04,20,17,4,9891056.025,459683.227,-0.9856295,116.6376325,92.2,20.719,139.0,13.94,0.071,459689.664,9891055.19,-0.9856371,116.6376904
WB08-INV04,21,18,4,9891056.025,459698.173,-0.9856295,116.6377668,88.71,23.227,157.5,9.33,0.15,459705.11,9891055.19,-0.9856371,116.6378292
WB08-INV04,22,20,5,9891056.025,459713.619,-0.9856295,116.6379057,86.4,24.947,153.0,11.92,0.085,459720.556,9891055.19,-0.9856371,116.637968
WB08-INV04,23,21,5,9891056.025,459729.065,-0.9856295,116.6380445,83.19,25.346,163.1,7.84,0.195,459736.002,9891055.19,-0.9856371,116.6381069
WB08-INV04,24,22,5,9891056.025,459744.511,-0.9856296,116.6381833,80.87,20.956,165.0,5.66,0.144,459751.448,9891055.19,-0.9856371,116.6382457
WB08-INV04,25,23,5,9891056.025,459759.957,-0.9856296,116.6383222,78.96,15.362,127.0,12.38,0.127,459766.894,9891055.19,-0.9856371,116.6383845
WB08-INV05,1,1,1,9891047.125,459667.281,-0.98571,116.6374892,96.39,21.238,108.7,20.21,0.234,459674.218,9891046.29,-0.9857176,116.6375515
WB08-INV05,2,2,1,9891047.125,459682.727,-0.98571,116.637628,90.34,21.698,131.9,16.5,0.155,459689.664,9891046.29,-0.9857176,116.6376904
WB08-INV05,3,10,3,9891047.125,459698.173,-0.98571,116.6377668,85.63,24.989,147.2,14.17,0.183,459705.11,9891046.29,-0.9857176,116.6378292
WB08-INV05,4,11,3,9891047.125,459713.619,-0.98571,116.6379057,82.1,25.119,158.4,9.79,0.133,459720.556,9891046.29,-0.9857176,116.637968
WB08-INV05,5,12,3,9891047.125,459729.065,-0.9857101,116.6380445,79.09,20.101,159.3,7.37,0.188,459736.002,9891046.29,-0.9857176,116.6381068
WB08-INV05,6,6,2,9891047.125,459744.511,-0.9857101,116.6381833,77.3,11.166,185.4,-1.06,0.075,459751.448,9891046.29,-0.9857176,116.6382457
WB08-INV05,7,7,2,9891047.125,459759.957,-0.9857101,116.6383221,77.33,14.828,130.1,11.45,0.161,459766.894,9891046.29,-0.9857177,116.6383845
WB08-INV05,8,3,1,9891037.825,459667.281,-0.9857941,116.6374892,95.58,20.679,84.8,20.6,0.318,459674.218,9891036.99,-0.9858017,116.6375515
WB08-INV05,9,4,1,9891037.825,459682.727,-0.9857942,116.637628,89.05,22.942,95.0,22.86,0.211,459689.664,9891036.99,-0.9858017,116.6376904
WB08-INV05,10,13,3,9891037.825,459698.173,-0.9857942,116.6377668,82.88,20.378,114.3,18.7,0.127,459705.11,9891036.99,-0.9858017,116.6378292
WB08-INV05,11,14,3,9891037.825,459714.019,-0.9857942,116.6379092,78.05,23.884,153.4,11.21,0.232,459720.556,9891036.99,-0.9858017,116.637968
WB08-INV05,12,8,2,9891037.825,459729.065,-0.9857942,116.6380445,75.49,17.316,173.9,1.9,0.184,459736.002,9891036.99,-0.9858018,116.6381068
WB08-INV05,13,9,2,9891037.825,459744.511,-0.9857942,116.6381833,74.94,16.657,186.0,-1.79,0.065,459751.448,9891036.99,-0.9858018,116.6382457
WB08-INV05,14,20,5,9891037.825,459759.957,-0.9857942,116.6383221,75.26,14.597,142.9,8.93,0.106,459766.894,9891036.99,-0.9858018,116.6383845
WB08-INV05,15,21,5,9891029.053,459756.079,-0.9858736,116.6382873,73.57,8.27,155.6,3.44,0.292,459763.017,9891028.218,-0.9858812,116.6383496
WB08-INV05,16,15,4,9891029.125,459667.281,-0.9858728,116.6374892,95.58,20.464,95.2,20.39,0.193,459674.218,9891028.29,-0.9858804,116.6375515
WB08-INV05,17,16,4,9891029.125,459682.727,-0.9858729,116.637628,89.57,22.775,85.2,22.7,0.312,459689.664,9891028.29,-0.9858804,116.6376903
WB08-INV05,18,25,6,9891029.125,459698.173,-0.9858729,116.6377668,83.23,22.231,57.0,18.92,0.155,459705.11,9891028.29,-0.9858804,116.6378292
WB08-INV05,19,26,6,9891029.125,459713.619,-0.9858729,116.6379056,77.73,19.654,60.2,17.22,0.151,459720.556,9891028.29,-0.9858805,116.637968
WB08-INV05,20,17,4,9891020.625,459667.281,-0.9859497,116.6374892,96.25,24.96,98.3,24.73,0.128,459674.218,9891019.79,-0.9859573,116.6375515
WB08-INV05,21,18,4,9891020.625,459682.727,-0.9859498,116.637628,89.25,17.164,99.8,16.93,0.239,459689.664,9891019.79,-0.9859573,116.6376903
WB08-INV05,22,27,6,9891020.625,459698.173,-0.9859498,116.6377668,84.35,16.122,95.1,16.06,0.102,459705.11,9891019.79,-0.9859573,116.6378292
WB08-INV05,23,28,6,9891020.625,459713.619,-0.9859498,116.6379056,79.65,17.825,66.3,16.41,0.112,459720.556,9891019.79,-0.9859574,116.637968
WB08-INV05,24,22,5,9891013.125,459713.619,-0.9860176,116.6379056,79.37,11.91,113.4,10.96,0.169,459720.556,9891012.29,-0.9860252,116.637968
WB08-INV05,25,23,5,9891013.125,459729.065,-0.9860177,116.6380445,76.36,15.405,49.8,11.88,0.17,459736.002,9891012.29,-0.9860252,116.6381068
WB08-INV06,1,1,1,9891013.125,459667.281,-0.9860176,116.6374891,95.53,25.98,104.2,25.29,0.072,459674.218,9891012.29,-0.9860252,116.6375515
WB08-INV06,2,2,1,9891013.125,459682.727,-0.9860176,116.637628,88.16,16.869,103.4,16.43,0.134,459689.664,9891012.29,-0.9860252,116.6376903
WB08-INV06,3,10,3,9891013.125,459698.173,-0.9860176,116.6377668,83.5,19.701,129.8,15.38,0.131,459705.11,9891012.29,-0.9860252,116.6378292
WB08-INV06,4,3,1,9891004.625,459667.281,-0.9860945,116.6374891,94.56,25.088,100.6,24.71,0.1,459674.218,9891003.79,-0.9861021,116.6375515
WB08-INV06,5,4,1,9891004.625,459682.727,-0.9860945,116.637628,87.31,18.219,103.8,17.73,0.152,459689.664,9891003.79,-0.9861021,116.6376903
WB08-INV06,6,11,3,9891004.625,459698.173,-0.9860945,116.6377668,82.27,20.268,113.2,18.75,0.144,459705.11,9891003.79,-0.9861021,116.6378291
WB08-INV06,7,6,2,9891004.625,459713.619,-0.9860945,116.6379056,77.25,15.038,150.5,7.54,0.172,459720.556,9891003.79,-0.9861021,116.637968
WB08-INV06,8,7,2,9891004.625,459729.065,-0.9860946,116.6380444,75.52,11.881,159.9,4.14,0.168,459736.002,9891003.79,-0.9861021,116.6381068
WB08-INV06,9,15,4,9891004.625,459744.511,-0.9860946,116.6381833,74.29,12.3,97.4,12.2,0.112,459751.448,9891003.79,-0.9861021,116.6382456
WB08-INV06,10,12,3,9890996.325,459682.727,-0.9861696,116.637628,86.81,17.257,96.1,17.17,0.177,459689.664,9890995.49,-0.9861772,116.6376903
WB08-INV06,11,13,3,9890996.325,459698.173,-0.9861696,116.6377668,81.88,20.535,86.2,20.49,0.077,459705.11,9890995.49,-0.9861772,116.6378291
WB08-INV06,12,8,2,9890996.325,459713.619,-0.9861696,116.6379056,76.38,11.902,102.7,11.62,0.108,459720.556,9890995.49,-0.9861772,116.637968
WB08-INV06,13,9,2,9890996.325,459729.065,-0.9861697,116.6380444,73.42,12.978,158.8,4.76,0.113,459736.002,9890995.49,-0.9861772,116.6381068
WB08-INV06,14,14,3,9890987.825,459682.727,-0.9862465,116.637628,86.74,15.772,77.8,15.43,0.059,459689.664,9890986.99,-0.9862541,116.6376903
WB08-INV06,15,16,4,9890987.825,459698.173,-0.9862465,116.6377668,82.4,20.994,78.9,20.63,0.117,459705.11,9890986.99,-0.9862541,116.6378291
WB08-INV06,16,17,4,9890987.825,459713.619,-0.9862465,116.6379056,76.54,14.945,61.5,13.2,0.092,459720.556,9890986.99,-0.9862541,116.637968
WB08-INV06,17,18,4,9890987.825,459729.065,-0.9862466,116.6380444,72.92,8.273,65.5,7.54,0.065,459736.002,9890986.99,-0.9862541,116.6381068
WB08-INV06,18,25,6,9890979.325,459674.897,-0.9863234,116.6375576,90.39,18.4,72.1,17.57,0.167,,,,
WB08-INV06,19,26,6,9890979.325,459690.343,-0.9863234,116.6376964,85.54,17.544,66.5,16.17,0.115,459689.709,9890978.49,-0.986331,116.6376907
WB08-INV06,20,27,6,9890979.325,459705.789,-0.9863234,116.6378352,80.3,18.126,62.5,16.19,0.127,459705.155,9890978.49,-0.986331,116.6378295
WB08-INV06,21,28,6,9890979.325,459721.235,-0.9863234,116.6379741,76.12,17.486,49.8,13.53,0.092,459720.601,9890978.49,-0.986331,116.6379683
WB08-INV06,22,20,5,9890979.325,459736.681,-0.9863235,116.6381129,73.18,14.39,28.1,6.89,0.119,459736.047,9890978.49,-0.986331,116.6381072
WB08-INV06,23,21,5,9890979.325,459752.127,-0.9863235,116.6382517,71.99,13.427,22.5,5.22,0.048,459751.493,9890978.49,-0.986331,116.638246
WB08-INV06,24,22,5,9890970.725,459736.681,-0.9864013,116.6381129,74.88,10.322,52.9,8.27,0.091,459736.229,9890969.89,-0.9864088,116.6381088
WB08-INV06,25,23,5,9890970.725,459752.127,-0.9864013,116.6382517,72.94,7.194,75.4,6.96,0.095,459751.675,9890969.89,-0.9864088,116.6382476
WB08-INV07,1,1,1,9890970.725,459674.897,-0.9864012,116.6375576,90.37,13.608,75.0,13.16,0.079,,,,
WB08-INV07,2,2,1,9890970.725,459690.343,-0.9864012,116.6376964,86.65,17.002,72.1,16.22,0.127,459689.891,9890969.89,-0.9864088,116.6376923
WB08-INV07,3,3,1,9890970.725,459705.789,-0.9864012,116.6378352,81.63,17.524,63.4,15.77,0.101,459705.337,9890969.89,-0.9864088,116.6378312
WB08-INV07,4,4,1,9890970.725,459721.235,-0.9864013,116.637974,77.76,14.425,55.8,12.01,0.071,459720.783,9890969.89,-0.9864088,116.63797
WB08-INV07,5,10,3,9890962.725,459674.897,-0.9864736,116.6375576,89.84,12.035,108.7,11.42,0.13,,,,
WB08-INV07,6,11,3,9890962.725,459690.343,-0.9864736,116.6376964,86.77,13.651,100.4,13.43,0.088,459689.891,9890961.89,-0.9864812,116.6376923
WB08-INV07,7,12,3,9890962.725,459705.789,-0.9864736,116.6378352,82.26,17.838,82.1,17.68,0.073,459705.337,9890961.89,-0.9864812,116.6378311
WB08-INV07,8,15,4,9890962.725,459721.235,-0.9864736,116.637974,78.76,12.128,70.2,11.43,0.059,459720.783,9890961.89,-0.9864812,116.63797
WB08-INV07,9,6,2,9890962.725,459736.681,-0.9864736,116.6381129,75.5,9.15,59.5,7.9,0.166,459736.229,9890961.89,-0.9864812,116.6381088
WB08-INV07,10,7,2,9890962.725,459752.127,-0.9864737,116.6382517,73.02,11.986,83.5,11.91,0.131,459751.675,9890961.89,-0.9864812,116.6382476
WB08-INV07,11,13,3,9890954.625,459673.261,-0.9865469,116.6375428,88.8,11.006,131.4,8.3,0.167,,,,
WB08-INV07,12,14,3,9890954.625,459688.707,-0.9865469,116.6376817,86.6,14.012,119.9,12.21,0.055,459689.877,9890953.79,-0.9865544,116.6376922
WB08-INV07,13,16,4,9890954.625,459704.153,-0.9865469,116.6378205,82.76,14.65,103.3,14.27,0.115,459705.323,9890953.79,-0.9865545,116.637831
WB08-INV07,14,17,4,9890954.625,459719.599,-0.9865469,116.6379593,79.36,12.889,92.9,12.87,0.072,459720.769,9890953.79,-0.9865545,116.6379698
WB08-INV07,15,8,2,9890954.625,459735.045,-0.9865469,116.6380982,76.38,5.457,77.7,5.33,0.099,459736.215,9890953.79,-0.9865545,116.6381087
WB08-INV07,16,9,2,9890954.625,459750.491,-0.9865469,116.638237,73.7,14.477,85.8,14.44,0.069,459751.661,9890953.79,-0.9865545,116.6382475
WB08-INV07,17,25,6,9890946.825,459674.897,-0.9866174,116.6375575,87.44,14.062,141.9,8.79,0.098,,,,
WB08-INV07,18,26,6,9890946.825,459690.343,-0.9866174,116.6376964,85.08,15.975,132.3,11.96,0.078,459689.814,9890945.99,-0.986625,116.6376916
WB08-INV07,19,18,4,9890946.825,459705.789,-0.9866175,116.6378352,81.9,10.598,115.1,9.62,0.117,459705.26,9890945.99,-0.986625,116.6378304
WB08-INV07,20,20,5,9890946.825,459721.235,-0.9866175,116.637974,78.9,11.759,85.4,11.72,0.071,459720.706,9890945.99,-0.986625,116.6379693
WB08-INV07,21,21,5,9890946.825,459736.681,-0.9866175,116.6381128,76.32,4.795,87.4,4.79,0.106,459736.152,9890945.99,-0.9866251,116.6381081
WB08-INV07,22,22,5,9890946.825,459752.127,-0.9866175,116.6382517,73.68,13.215,62.8,11.8,0.063,459751.598,9890945.99,-0.9866251,116.6382469
WB08-INV07,23,27,6,9890939.425,459674.897,-0.9866844,116.6375575,85.78,14.181,147.4,7.75,0.091,,,,
WB08-INV07,24,28,6,9890939.425,459690.343,-0.9866844,116.6376964,83.55,16.149,135.4,11.49,0.072,459689.814,9890938.59,-0.986692,116.6376916
WB08-INV07,25,23,5,9890939.425,459705.789,-0.9866844,116.6378352,81.39,9.232,134.6,6.6,0.094,459705.26,9890938.59,-0.986692,116.6378304
WB08-INV08,1,1,1,9890939.425,459721.235,-0.9866844,116.637974,78.95,10.196,112.3,9.45,0.057,459720.706,9890938.59,-0.986692,116.6379693
WB08-INV08,2,2,1,9890939.425,459736.681,-0.9866844,116.6381128,76.18,5.746,105.6,5.54,0.171,459736.152,9890938.59,-0.986692,116.6381081
WB08-INV08,3,3,1,9890939.425,459752.127,-0.9866845,116.6382517,74.49,10.772,96.3,10.71,0.078,459751.598,9890938.59,-0.986692,116.6382469
WB08-INV08,4,10,3,9890932.225,459667.281,-0.9867495,116.6374891,84.56,14.708,153.8,6.61,0.11,459674.218,9890931.39,-0.9867571,116.6375514
WB08-INV08,5,11,3,9890932.225,459682.727,-0.9867495,116.6376279,83.0,12.55,144.8,7.31,0.089,459689.664,9890931.39,-0.9867571,116.6376903
WB08-INV08,6,12,3,9890932.225,459698.173,-0.9867495,116.6377667,81.09,14.601,149.1,7.62,0.084,459705.11,9890931.39,-0.9867571,116.6378291
WB08-INV08,7,13,3,9890932.225,459713.619,-0.9867496,116.6379056,79.14,12.613,145.6,7.21,0.065,459720.556,9890931.39,-0.9867571,116.6379679
WB08-INV08,8,15,4,9890932.225,459729.065,-0.9867496,116.6380444,77.04,8.613,120.8,7.41,0.081,459736.002,9890931.39,-0.9867571,116.6381067
WB08-INV08,9,16,4,9890932.225,459744.511,-0.9867496,116.6381832,75.16,13.46,131.1,10.22,0.093,459751.448,9890931.39,-0.9867572,116.6382456
WB08-INV08,10,4,1,9890932.225,459759.957,-0.9867496,116.638322,72.41,11.578,102.2,11.32,0.073,459766.894,9890931.39,-0.9867572,116.6383844
WB08-INV08,11,6,2,9890924.925,459667.281,-0.9868156,116.6374891,83.57,17.078,147.4,9.4,0.118,459674.218,9890924.09,-0.9868231,116.6375514
WB08-INV08,12,7,2,9890924.925,459682.727,-0.9868156,116.6376279,81.21,16.901,162.1,5.34,0.06,459689.664,9890924.09,-0.9868231,116.6376902
WB08-INV08,13,8,2,9890924.925,459698.173,-0.9868156,116.6377667,79.64,17.38,149.7,8.97,0.088,459705.11,9890924.09,-0.9868232,116.6378291
WB08-INV08,14,9,2,9890924.925,459713.619,-0.9868156,116.6379055,77.35,11.918,153.0,5.47,0.059,459720.556,9890924.09,-0.9868232,116.6379679
WB08-INV08,15,17,4,9890924.925,459729.065,-0.9868156,116.6380444,75.83,13.675,152.3,6.45,0.089,459736.002,9890924.09,-0.9868232,116.6381067
WB08-INV08,16,18,4,9890924.925,459744.511,-0.9868156,116.6381832,74.05,10.333,119.7,9.0,0.121,459751.448,9890924.09,-0.9868232,116.6382456
WB08-INV08,17,23,5,9890924.925,459759.957,-0.9868156,116.638322,71.69,9.865,92.4,9.86,0.141,459766.894,9890924.09,-0.9868232,116.6383844
WB08-INV08,18,25,6,9890917.625,459667.281,-0.9868816,116.6374891,81.64,20.324,148.6,10.92,0.079,459674.218,9890916.79,-0.9868892,116.6375514
WB08-INV08,19,26,6,9890917.625,459682.727,-0.9868816,116.6376279,78.83,18.05,164.7,4.91,0.053,459689.664,9890916.79,-0.9868892,116.6376902
WB08-INV08,20,27,6,9890917.625,459698.173,-0.9868816,116.6377667,77.41,11.215,153.6,5.04,0.086,459705.11,9890916.79,-0.9868892,116.6378291
WB08-INV08,21,28,6,9890917.625,459713.619,-0.9868816,116.6379055,76.13,10.501,145.3,6.02,0.066,459720.556,9890916.79,-0.9868892,116.6379679
WB08-INV08,22,20,5,9890917.625,459729.065,-0.9868817,116.6380444,74.38,7.369,142.6,4.49,0.062,459736.002,9890916.79,-0.9868892,116.6381067
WB08-INV08,23,21,5,9890917.625,459744.511,-0.9868817,116.6381832,73.08,6.917,132.1,5.14,0.083,459751.448,9890916.79,-0.9868892,116.6382455
WB08-INV08,24,22,5,9890917.625,459759.957,-0.9868817,116.638322,71.6,11.509,118.4,10.15,0.135,459766.894,9890916.79,-0.9868893,116.6383844
WB08-INV09,1,1,1,9890910.125,459667.281,-0.9869495,116.637489,79.41,15.994,140.4,10.35,0.061,459674.218,9890909.29,-0.986957,116.6375514
WB08-INV09,2,2,1,9890910.125,459682.727,-0.9869495,116.6376279,76.65,14.641,164.6,3.97,0.057,459689.664,9890909.29,-0.986957,116.6376902
WB08-INV09,3,3,1,9890910.125,459698.173,-0.9869495,116.6377667,75.63,14.697,167.7,3.2,0.061,459705.11,9890909.29,-0.986957,116.6378291
WB08-INV09,4,4,1,9890910.125,459713.619,-0.9869495,116.6379055,74.74,5.866,150.7,2.88,0.079,459720.556,9890909.29,-0.9869571,116.6379679
WB08-INV09,5,10,3,9890910.125,459729.065,-0.9869495,116.6380444,73.93,7.824,116.1,7.03,0.098,459736.002,9890909.29,-0.9869571,116.6381067
WB08-INV09,6,11,3,9890910.125,459744.511,-0.9869495,116.6381832,72.19,10.472,140.1,6.76,0.062,459751.448,9890909.29,-0.9869571,116.6382455
WB08-INV09,7,12,3,9890910.125,459759.957,-0.9869495,116.638322,70.47,9.947,125.8,8.1,0.119,459766.894,9890909.29,-0.9869571,116.6383844
WB08-INV09,8,6,2,9890902.825,459667.281,-0.9870155,116.637489,77.63,13.662,136.0,9.58,0.071,459674.218,9890901.99,-0.9870231,116.6375514
WB08-INV09,9,7,2,9890902.825,459682.727,-0.9870155,116.6376279,75.02,14.66,157.7,5.67,0.138,459689.664,9890901.99,-0.9870231,116.6376902
WB08-INV09,10,8,2,9890902.825,459698.173,-0.9870155,116.6377667,73.72,8.634,190.1,-1.53,0.141,459705.11,9890901.99,-0.9870231,116.637829
WB08-INV09,11,9,2,9890902.825,459713.619,-0.9870155,116.6379055,73.92,4.504,158.9,1.62,0.12,459720.556,9890901.99,-0.9870231,116.6379679
WB08-INV09,12,15,4,9890902.825,459729.065,-0.9870156,116.6380443,73.59,13.507,136.6,9.37,0.098,459736.002,9890901.99,-0.9870231,116.6381067
WB08-INV09,13,13,3,9890902.825,459744.511,-0.9870156,116.6381832,70.98,11.008,137.7,7.46,0.069,459751.448,9890901.99,-0.9870231,116.6382455
WB08-INV09,14,25,6,9890895.525,459667.281,-0.9870815,116.637489,76.93,15.039,116.8,13.49,0.086,459674.218,9890894.69,-0.9870891,116.6375514
WB08-INV09,15,26,6,9890895.525,459682.727,-0.9870816,116.6376279,73.49,10.502,153.3,4.76,0.092,459689.664,9890894.69,-0.9870891,116.6376902
WB08-INV09,16,20,5,9890895.525,459698.173,-0.9870816,116.6377667,72.29,8.017,233.0,-6.42,0.119,459705.11,9890894.69,-0.9870891,116.637829
WB08-INV09,17,16,4,9890895.525,459713.619,-0.9870816,116.6379055,73.58,13.385,152.8,6.21,0.083,459720.556,9890894.69,-0.9870892,116.6379679
WB08-INV09,18,17,4,9890895.525,459729.065,-0.9870816,116.6380443,71.99,9.018,141.9,5.59,0.074,459736.002,9890894.69,-0.9870892,116.6381067
WB08-INV09,19,18,4,9890895.525,459744.511,-0.9870816,116.6381832,70.5,11.158,121.9,9.51,0.045,459751.448,9890894.69,-0.9870892,116.6382455
WB08-INV09,20,27,6,9890888.225,459667.281,-0.9871476,116.637489,76.02,15.312,118.7,13.5,0.065,459674.218,9890887.39,-0.9871551,116.6375514
WB08-INV09,21,28,6,9890888.225,459682.727,-0.9871476,116.6376279,72.51,7.836,140.9,4.96,0.086,459689.664,9890887.39,-0.9871552,116.6376902
WB08-INV09,22,21,5,9890888.225,459698.173,-0.9871476,116.6377667,71.24,12.573,201.5,-4.67,0.137,459705.11,9890887.39,-0.9871552,116.637829
WB08-INV09,23,22,5,9890888.225,459713.619,-0.9871476,116.6379055,72.37,9.841,146.5,5.47,0.078,459720.556,9890887.39,-0.9871552,116.6379679
WB08-INV09,24,23,5,9890888.225,459729.065,-0.9871476,116.6380443,70.86,10.803,147.8,5.81,0.069,459736.002,9890887.39,-0.9871552,116.6381067
WB08-INV10,1,1,1,9891065.125,459806.295,-0.9855473,116.6387386,82.74,23.085,237.1,-19.69,0.087,459813.232,9891064.29,-0.9855549,116.638801
WB08-INV10,2,2,1,9891056.025,459806.295,-0.9856296,116.6387386,80.37,24.593,216.4,-15.2,0.133,459813.232,9891055.19,-0.9856372,116.638801
WB08-INV10,3,3,1,9891056.025,459821.741,-0.9856296,116.6388775,84.64,27.495,203.0,-11.49,0.171,459828.678,9891055.19,-0.9856372,116.6389398
WB08-INV10,4,4,1,9891047.125,459806.295,-0.9857101,116.6387386,77.77,21.172,217.7,-13.33,0.114,459813.232,9891046.29,-0.9857177,116.638801
WB08-INV10,5,10,3,9891047.125,459821.741,-0.9857102,116.6388775,81.24,22.165,207.1,-10.51,0.124,459828.678,9891046.29,-0.9857177,116.6389398
WB08-INV10,6,11,3,9891047.125,459837.187,-0.9857102,116.6390163,84.38,17.463,203.7,-7.21,0.166,459844.124,9891046.29,-0.9857177,116.6390786
WB08-INV10,7,12,3,9891037.825,459806.295,-0.9857943,116.6387386,75.06,21.237,214.6,-12.44,0.09,459813.232,9891036.99,-0.9858018,116.638801
WB08-INV10,8,13,3,9891037.825,459821.741,-0.9857943,116.6388774,78.39,20.296,199.3,-6.97,0.132,459828.678,9891036.99,-0.9858019,116.6389398
WB08-INV10,9,14,3,9891037.825,459837.187,-0.9857943,116.6390163,80.59,23.145,225.4,-16.93,0.113,459844.124,9891036.99,-0.9858019,116.6390786
WB08-INV10,10,6,2,9891037.825,459852.633,-0.9857943,116.6391551,85.07,15.548,243.5,-13.98,0.226,459859.57,9891036.99,-0.9858019,116.6392175
WB08-INV10,11,15,4,9891029.125,459821.741,-0.985873,116.6388774,75.72,15.886,212.3,-8.65,0.082,459828.678,9891028.29,-0.9858806,116.6389398
WB08-INV10,12,7,2,9891029.125,459837.187,-0.985873,116.6390163,77.9,22.328,239.2,-19.43,0.233,459844.124,9891028.29,-0.9858806,116.6390786
WB08-INV10,13,8,2,9891029.125,459852.633,-0.985873,116.6391551,83.28,21.081,226.6,-15.65,0.08,459859.57,9891028.29,-0.9858806,116.6392174
WB08-INV10,14,9,2,9891029.125,459868.079,-0.985873,116.6392939,87.79,24.673,230.7,-19.57,0.22,459875.016,9891028.29,-0.9858806,116.6393563
WB08-INV10,15,25,6,9891020.625,459790.849,-0.9859499,116.6385998,72.87,7.144,332.8,-3.28,0.217,459797.786,9891019.79,-0.9859574,116.6386621
WB08-INV10,16,16,4,9891020.625,459837.484,-0.9859499,116.6390189,77.56,13.817,274.0,-13.78,0.099,459844.421,9891019.79,-0.9859575,116.6390813
WB08-INV10,17,17,4,9891020.625,459852.633,-0.9859499,116.6391551,81.53,18.021,232.4,-14.45,0.073,459859.57,9891019.79,-0.9859575,116.6392174
WB08-INV10,18,26,6,9891013.125,459790.849,-0.9860177,116.6385998,72.55,9.886,257.8,-9.67,0.105,459797.786,9891012.29,-0.9860253,116.6386621
WB08-INV10,19,27,6,9891013.125,459806.295,-0.9860177,116.6387386,74.9,8.439,314.4,-6.05,0.059,459813.232,9891012.29,-0.9860253,116.6388009
WB08-INV10,20,28,6,9891013.125,459821.741,-0.9860178,116.6388774,76.57,13.985,321.4,-8.83,0.056,459828.678,9891012.29,-0.9860253,116.6389398
WB08-INV10,21,20,5,9891013.125,459837.187,-0.9860178,116.6390162,78.83,11.247,311.0,-8.54,0.119,459844.124,9891012.29,-0.9860253,116.6390786
WB08-INV10,22,18,4,9891013.125,459852.633,-0.9860178,116.6391551,81.17,13.621,214.9,-7.89,0.15,459859.57,9891012.29,-0.9860253,116.6392174
WB08-INV10,23,21,5,9891004.625,459790.849,-0.9860946,116.6385998,72.26,11.601,236.4,-9.7,0.064,459797.786,9891003.79,-0.9861022,116.6386621
WB08-INV10,24,22,5,9891004.625,459806.295,-0.9860946,116.6387386,74.81,9.054,228.2,-6.77,0.042,459813.232,9891003.79,-0.9861022,116.6388009
WB08-INV10,25,23,5,9891004.625,459821.741,-0.9860947,116.6388774,76.7,13.033,260.1,-12.85,0.062,459828.678,9891003.79,-0.9861022,116.6389398
WB08-INV11,1,1,1,9890996.325,459790.849,-0.9861697,116.6385997,71.13,12.319,227.5,-9.15,0.055,459797.786,9890995.49,-0.9861773,116.6386621
WB08-INV11,2,2,1,9890996.325,459806.295,-0.9861697,116.6387386,73.62,12.482,220.2,-8.13,0.046,459813.232,9890995.49,-0.9861773,116.6388009
WB08-INV11,3,10,3,9890996.325,459821.741,-0.9861697,116.6388774,75.94,15.932,240.0,-13.89,0.109,459828.678,9890995.49,-0.9861773,116.6389398
WB08-INV11,4,6,2,9890996.325,459837.187,-0.9861698,116.6390162,79.31,6.684,192.6,-1.46,0.135,459844.124,9890995.49,-0.9861773,116.6390786
WB08-INV11,5,11,3,9890996.325,459852.633,-0.9861698,116.6391551,79.67,6.958,187.7,-0.94,0.31,459859.57,9890995.49,-0.9861773,116.6392174
WB08-INV11,6,3,1,9890987.825,459790.849,-0.9862466,116.6385997,70.28,10.599,222.9,-7.26,0.068,459797.786,9890986.99,-0.9862542,116.6386621
WB08-INV11,7,4,1,9890987.825,459806.295,-0.9862466,116.6387386,72.37,9.992,240.8,-8.74,0.05,459813.232,9890986.99,-0.9862542,116.6388009
WB08-INV11,8,12,3,9890987.825,459821.741,-0.9862466,116.6388774,74.86,15.15,245.4,-13.83,0.067,459828.678,9890986.99,-0.9862542,116.6389397
WB08-INV11,9,7,2,9890987.825,459837.187,-0.9862467,116.6390162,78.52,8.18,175.7,0.62,0.216,459844.124,9890986.99,-0.9862542,116.6390786
WB08-INV11,10,13,3,9890987.825,459852.633,-0.9862467,116.639155,78.19,10.271,193.4,-2.4,0.427,459859.57,9890986.99,-0.9862542,116.6392174
WB08-INV11,11,15,4,9890979.325,459806.295,-0.9863235,116.6387386,72.13,8.157,256.5,-7.93,0.034,459813.232,9890978.49,-0.9863311,116.6388009
WB08-INV11,12,16,4,9890979.325,459821.741,-0.9863235,116.6388774,74.35,11.685,249.4,-10.96,0.044,459828.678,9890978.49,-0.9863311,116.6389397
WB08-INV11,13,8,2,9890979.325,459837.187,-0.9863236,116.6390162,77.43,9.253,152.7,4.27,0.288,459844.124,9890978.49,-0.9863311,116.6390786
WB08-INV11,14,25,6,9890979.325,459852.633,-0.9863236,116.639155,76.21,11.773,230.5,-9.14,0.431,459859.57,9890978.49,-0.9863311,116.6392174
WB08-INV11,15,26,6,9890970.725,459806.295,-0.9864013,116.6387386,71.73,9.313,222.5,-6.32,0.058,459813.232,9890969.89,-0.9864089,116.6388009
WB08-INV11,16,17,4,9890970.725,459821.741,-0.9864013,116.6388774,73.66,13.438,239.4,-11.62,0.05,459828.678,9890969.89,-0.9864089,116.6389397
WB08-INV11,17,9,2,9890970.725,459837.24,-0.9864014,116.6390167,76.79,9.981,136.1,6.96,0.274,459844.124,9890969.89,-0.9864089,116.6390786
WB08-INV11,18,18,4,9890970.725,459852.686,-0.9864014,116.6391555,74.72,14.193,247.8,-13.18,0.351,459859.57,9890969.89,-0.9864089,116.6392174
WB08-INV11,19,27,6,9890962.725,459806.242,-0.9864737,116.6387381,70.89,6.957,229.8,-5.32,0.098,459813.232,9890961.89,-0.9864813,116.6388009
WB08-INV11,20,28,6,9890962.725,459821.741,-0.9864737,116.6388774,72.58,11.877,242.6,-10.58,0.058,459828.678,9890961.89,-0.9864813,116.6389397
WB08-INV11,21,20,5,9890962.725,459837.187,-0.9864737,116.6390162,75.53,9.571,138.2,6.41,0.286,459844.124,9890961.89,-0.9864813,116.6390785
WB08-INV11,22,21,5,9890962.725,459852.633,-0.9864738,116.639155,73.76,14.442,231.1,-11.33,0.245,459859.57,9890961.89,-0.9864813,116.6392174
WB08-INV11,23,22,5,9890962.725,459868.079,-0.9864738,116.6392939,76.44,13.091,194.3,-3.29,0.076,459875.016,9890961.89,-0.9864813,116.6393562
WB08-INV11,24,23,5,9890962.725,459883.525,-0.9864738,116.6394327,77.39,18.155,171.1,2.9,0.055,459890.462,9890961.89,-0.9864814,116.639495
WB08-INV12,1,1,1,9890954.625,459806.242,-0.986547,116.6387381,69.9,10.553,237.9,-8.97,0.061,459813.232,9890953.79,-0.9865546,116.6388009
WB08-INV12,2,25,6,9890954.625,459821.688,-0.986547,116.6388769,72.16,10.12,237.7,-8.58,0.061,459828.678,9890953.79,-0.9865546,116.6389397
WB08-INV12,3,6,2,9890954.625,459837.134,-0.986547,116.6390157,74.58,11.361,148.9,5.93,0.231,459844.124,9890953.79,-0.9865546,116.6390785
WB08-INV12,4,15,4,9890954.552,459852.644,-0.9865477,116.6391551,72.81,12.451,231.1,-9.75,0.335,459859.635,9890953.716,-0.9865553,116.6392179
WB08-INV12,5,27,6,9890954.625,459868.026,-0.9865471,116.6392934,75.03,10.309,186.5,-1.18,0.14,459875.016,9890953.79,-0.9865546,116.6393562
WB08-INV12,6,20,5,9890954.625,459883.472,-0.9865471,116.6394322,75.36,14.382,162.4,4.43,0.087,459890.462,9890953.79,-0.9865546,116.639495
WB08-INV12,7,2,1,9890946.825,459806.242,-0.9866176,116.6387381,69.03,12.214,240.8,-10.7,0.169,459813.232,9890945.99,-0.9866251,116.6388009
WB08-INV12,8,10,3,9890946.825,459821.688,-0.9866176,116.6388769,71.79,7.547,212.5,-4.07,0.113,459828.678,9890945.99,-0.9866251,116.6389397
WB08-INV12,9,7,2,9890946.825,459837.134,-0.9866176,116.6390157,72.91,15.264,161.6,4.92,0.135,459844.124,9890945.99,-0.9866252,116.6390785
WB08-INV12,10,16,4,9890946.825,459853.08,-0.9866176,116.639159,71.25,13.896,247.6,-12.88,0.16,459860.07,9890945.99,-0.9866252,116.6392219
WB08-INV12,11,26,6,9890946.825,459868.026,-0.9866176,116.6392934,74.28,9.945,157.5,3.84,0.229,459875.016,9890945.99,-0.9866252,116.6393562
WB08-INV12,12,21,5,9890946.825,459883.472,-0.9866176,116.6394322,73.27,16.086,166.7,3.8,0.124,459890.462,9890945.99,-0.9866252,116.639495
WB08-INV12,13,3,1,9890939.425,459806.242,-0.9866845,116.638738,68.45,9.991,239.2,-8.6,0.114,459813.232,9890938.59,-0.9866921,116.6388009
WB08-INV12,14,11,3,9890939.425,459821.688,-0.9866845,116.6388769,70.88,10.718,194.1,-2.64,0.115,459828.678,9890938.59,-0.9866921,116.6389397
WB08-INV12,15,8,2,9890939.425,459837.634,-0.9866845,116.6390202,71.44,12.109,156.1,4.97,0.085,459844.624,9890938.59,-0.9866921,116.639083
WB08-INV12,16,17,4,9890939.425,459852.58,-0.9866846,116.6391545,70.28,13.1,247.9,-12.17,0.093,459859.57,9890938.59,-0.9866921,116.6392174
WB08-INV12,17,28,6,9890939.425,459868.026,-0.9866846,116.6392934,73.3,14.101,152.7,6.57,0.183,459875.016,9890938.59,-0.9866921,116.6393562
WB08-INV12,18,4,1,9890932.225,459806.242,-0.9867496,116.638738,68.08,7.373,226.7,-5.38,0.075,459813.232,9890931.39,-0.9867572,116.6388009
WB08-INV12,19,12,3,9890932.225,459821.688,-0.9867497,116.6388769,69.61,14.013,186.4,-1.59,0.051,459828.678,9890931.39,-0.9867572,116.6389397
WB08-INV12,20,9,2,9890932.258,459837.305,-0.9867494,116.6390172,69.97,8.352,167.2,1.86,0.134,459844.296,9890931.423,-0.9867569,116.6390801
WB08-INV12,21,18,4,9890932.258,459852.58,-0.9867494,116.6391545,69.71,12.842,224.3,-9.05,0.123,459859.57,9890931.39,-0.9867573,116.6392173
WB08-INV12,22,13,3,9890924.958,459806.242,-0.9868154,116.638738,67.91,4.949,202.6,-1.91,0.051,459813.232,9890924.09,-0.9868233,116.6388009
WB08-INV12,23,14,3,9890924.958,459821.688,-0.9868154,116.6388769,68.5,6.566,175.4,0.53,0.057,459828.678,9890924.09,-0.9868233,116.6389397
WB08-INV12,24,22,5,9890924.958,459852.948,-0.9868154,116.6391578,69.05,9.752,209.7,-4.87,0.108,459859.939,9890923.965,-0.9868244,116.6392207
WB08-INV12,25,23,5,9890917.651,459853.189,-0.9868816,116.63916,68.46,6.946,191.9,-1.44,0.051,459860.179,9890916.658,-0.9868905,116.6392228
WB08-INV13,1,1,1,9891081.225,459837.187,-0.9854017,116.6390163,87.35,17.19,326.3,-9.74,0.042,459844.124,9891080.39,-0.9854092,116.6390787
WB08-INV13,2,2,1,9891081.225,459852.633,-0.9854017,116.6391551,89.99,14.982,330.6,-7.48,0.071,459859.57,9891080.39,-0.9854092,116.6392175
WB08-INV13,3,3,1,9891081.225,459868.079,-0.9854017,116.639294,92.01,11.332,352.3,-1.54,0.156,459875.016,9891080.39,-0.9854093,116.6393563
WB08-INV13,4,6,2,9891081.225,459883.525,-0.9854017,116.6394328,92.26,15.453,25.5,6.79,0.045,459890.462,9891080.39,-0.9854093,116.6394951
WB08-INV13,5,7,2,9891081.225,459898.971,-0.9854017,116.6395716,90.38,11.537,36.0,6.84,0.055,459905.908,9891080.39,-0.9854093,116.639634
WB08-INV13,6,15,4,9891081.225,459914.417,-0.9854017,116.6397104,88.52,11.37,57.2,9.59,0.05,459921.354,9891080.39,-0.9854093,116.6397728
WB08-INV13,7,16,4,9891081.225,459929.863,-0.9854018,116.6398493,85.86,13.474,72.0,12.84,0.031,459936.8,9891080.39,-0.9854093,116.6399116
WB08-INV13,8,10,3,9891081.177,459945.407,-0.9854022,116.639989,82.37,,,,0.88,459952.345,9891080.341,-0.9854098,116.6400513
WB08-INV13,9,4,1,9891073.425,459852.633,-0.9854722,116.6391551,91.77,12.046,325.4,-6.91,0.088,459859.57,9891072.59,-0.9854798,116.6392175
WB08-INV13,10,14,3,9891073.425,459868.079,-0.9854723,116.639294,93.49,9.154,348.3,-1.87,0.085,459875.016,9891072.59,-0.9854798,116.6393563
WB08-INV13,11,8,2,9891073.425,459883.525,-0.9854723,116.6394328,93.79,11.833,31.9,6.32,0.082,459890.462,9891072.59,-0.9854798,116.6394951
WB08-INV13,12,9,2,9891073.425,459898.971,-0.9854723,116.6395716,91.99,12.685,48.7,9.6,0.034,459905.908,9891072.59,-0.9854799,116.639634
WB08-INV13,13,17,4,9891073.425,459914.417,-0.9854723,116.6397104,89.46,12.419,60.4,10.84,0.09,459921.354,9891072.59,-0.9854799,116.6397728
WB08-INV13,14,18,4,9891073.425,459929.863,-0.9854723,116.6398493,86.43,14.588,78.3,14.3,0.037,459936.8,9891072.59,-0.9854799,116.6399116
WB08-INV13,15,11,3,9891073.425,459945.309,-0.9854723,116.6399881,82.57,,,,0.681,459952.458,9891072.502,-0.9854807,116.6400524
WB08-INV13,16,12,3,9891065.125,459868.079,-0.9855473,116.639294,94.96,,,,0.573,459875.016,9891064.29,-0.9855549,116.6393563
WB08-INV13,17,25,6,9891065.125,459883.525,-0.9855474,116.6394328,95.04,12.389,30.4,6.34,0.259,459890.462,9891064.29,-0.9855549,116.6394951
WB08-INV13,18,26,6,9891065.125,459898.971,-0.9855474,116.6395716,93.4,13.198,52.1,10.48,0.041,459905.908,9891064.29,-0.9855549,116.639634
WB08-INV13,19,27,6,9891065.125,459914.417,-0.9855474,116.6397104,90.53,14.173,62.2,12.59,0.068,459921.354,9891064.29,-0.985555,116.6397728
WB08-INV13,20,28,6,9891065.125,459929.863,-0.9855474,116.6398493,87.02,16.264,62.4,14.5,0.061,459936.8,9891064.29,-0.985555,116.6399116
WB08-INV13,21,13,3,9891065.125,459945.309,-0.9855474,116.6399881,83.22,,,,0.526,459952.472,9891064.445,-0.9855536,116.6400525
WB08-INV13,22,20,5,9891056.025,459883.525,-0.9856297,116.6394328,97.82,,,,0.619,459890.462,9891055.19,-0.9856373,116.6394951
WB08-INV13,23,21,5,9891056.025,459898.971,-0.9856297,116.6395716,94.3,11.391,59.0,9.8,0.055,459905.908,9891055.19,-0.9856373,116.6396339
WB08-INV13,24,22,5,9891056.025,459914.417,-0.9856297,116.6397104,91.64,14.12,54.7,11.6,0.045,459921.354,9891055.19,-0.9856373,116.6397728
WB08-INV13,25,23,5,9891056.025,459929.863,-0.9856297,116.6398492,88.44,16.594,53.7,13.5,0.054,459936.8,9891055.19,-0.9856373,116.6399116
WB08-INV14,1,1,1,9891056.007,459945.368,-0.9856299,116.6399886,84.76,22.245,299.7,-19.56,0.363,459952.349,9891055.225,-0.985637,116.6400513
WB08-INV14,2,10,3,9891047.073,459898.928,-0.9857107,116.6395712,94.91,8.252,53.8,6.68,0.086,459905.908,9891046.29,-0.9857178,116.6396339
WB08-INV14,3,11,3,9891047.073,459914.374,-0.9857107,116.63971,92.92,15.098,42.2,10.27,0.053,459921.354,9891046.29,-0.9857178,116.6397728
WB08-INV14,4,12,3,9891047.125,459929.863,-0.9857103,116.6398492,90.11,17.783,38.0,11.17,0.142,459936.8,9891046.29,-0.9857178,116.6399116
WB08-INV14,5,2,1,9891047.178,459945.352,-0.9857098,116.6399885,87.48,20.688,324.1,-12.49,0.255,459952.29,9891046.343,-0.9857174,116.6400508
WB08-INV14,6,6,2,9891037.825,459914.417,-0.9857944,116.6397104,94.24,11.371,35.3,6.63,0.126,459921.354,9891036.99,-0.9858019,116.6397728
WB08-INV14,7,7,2,9891037.825,459929.863,-0.9857944,116.6398492,92.28,18.172,19.3,6.19,0.101,459936.8,9891036.99,-0.985802,116.6399116
WB08-INV14,8,3,1,9891037.825,459945.558,-0.9857944,116.6399903,90.68,19.033,329.5,-9.93,0.242,459952.495,9891036.947,-0.9858024,116.6400526
WB08-INV14,9,13,3,9891029.168,459929.863,-0.9858727,116.6398492,94.13,9.634,17.7,2.95,0.069,459936.8,9891028.29,-0.9858807,116.6399116
WB08-INV14,10,4,1,9891029.049,459945.558,-0.9858738,116.6399903,93.29,14.364,324.6,-8.44,0.129,459952.495,9891028.171,-0.9858818,116.6400526
WB08-INV14,11,15,4,9891020.668,459868.079,-0.9859496,116.6392939,85.66,23.902,228.5,-18.36,0.063,459875.016,9891019.79,-0.9859575,116.6393563
WB08-INV14,12,16,4,9891020.625,459883.525,-0.98595,116.6394327,90.71,18.351,228.5,-13.95,0.063,459890.462,9891019.79,-0.9859575,116.6394951
WB08-INV14,13,8,2,9891020.625,459898.971,-0.98595,116.6395716,94.53,7.897,225.7,-5.67,0.141,459905.908,9891019.79,-0.9859575,116.6396339
WB08-INV14,14,17,4,9891013.125,459868.079,-0.9860178,116.6392939,83.74,23.167,229.2,-17.95,0.06,459875.016,9891012.29,-0.9860254,116.6393563
WB08-INV14,15,18,4,9891013.125,459883.525,-0.9860178,116.6394327,88.72,20.041,229.0,-15.39,0.096,459890.462,9891012.29,-0.9860254,116.6394951
WB08-INV14,16,20,5,9891013.125,459898.971,-0.9860178,116.6395716,92.98,16.301,200.9,-5.96,0.09,459905.908,9891012.29,-0.9860254,116.6396339
WB08-INV14,17,9,2,9891013.125,459914.417,-0.9860178,116.6397104,94.6,14.614,193.7,-3.53,0.102,459921.354,9891012.29,-0.9860254,116.6397727
WB08-INV14,18,25,6,9891004.625,459836.787,-0.9860947,116.6390126,79.95,4.475,215.3,-2.59,0.126,459844.124,9891003.79,-0.9861022,116.6390786
WB08-INV14,19,26,6,9891004.625,459852.633,-0.9860947,116.6391551,80.47,7.328,195.9,-2.02,0.305,459859.57,9891003.79,-0.9861022,116.6392174
WB08-INV14,20,27,6,9891004.625,459868.079,-0.9860947,116.6392939,81.5,21.422,229.5,-16.61,0.09,459875.016,9891003.79,-0.9861023,116.6393562
WB08-INV14,21,28,6,9891004.625,459883.525,-0.9860947,116.6394327,86.13,21.885,229.8,-17.06,0.171,459890.462,9891003.79,-0.9861023,116.6394951
WB08-INV14,22,21,5,9891004.625,459898.971,-0.9860947,116.6395715,90.63,18.048,190.8,-3.49,0.119,459905.908,9891003.79,-0.9861023,116.6396339
WB08-INV14,23,22,5,9891004.625,459914.417,-0.9860947,116.6397104,91.76,22.684,192.4,-5.13,0.09,459921.354,9891003.79,-0.9861023,116.6397727
WB08-INV14,24,23,5,9891004.625,459929.863,-0.9860948,116.6398492,93.03,24.388,189.9,-4.46,0.116,459936.8,9891003.79,-0.9861023,116.6399116
WB08-INV15,1,1,1,9890996.325,459868.079,-0.9861698,116.6392939,80.21,15.386,244.7,-13.97,0.077,459875.016,9890995.49,-0.9861774,116.6393562
WB08-INV15,2,10,3,9890996.325,459883.525,-0.9861698,116.6394327,84.3,20.205,229.3,-15.59,0.171,459890.462,9890995.49,-0.9861774,116.6394951
WB08-INV15,3,11,3,9890996.325,459898.971,-0.9861698,116.6395715,88.35,19.458,182.4,-0.85,0.073,459905.908,9890995.49,-0.9861774,116.6396339
WB08-INV15,4,15,4,9890996.325,459914.417,-0.9861698,116.6397104,88.6,21.68,184.1,-1.63,0.096,459921.354,9890995.49,-0.9861774,116.6397727
WB08-INV15,5,16,4,9890996.325,459929.863,-0.9861698,116.6398492,89.26,25.261,185.6,-2.64,0.102,459936.8,9890995.49,-0.9861774,116.6399115
WB08-INV15,6,25,6,9890996.325,459945.309,-0.9861699,116.639988,89.95,20.889,207.8,-10.09,0.139,459952.246,9890995.49,-0.9861774,116.6400504
WB08-INV15,7,2,1,9890987.825,459868.079,-0.9862467,116.6392939,79.23,13.646,238.3,-11.67,0.061,459875.016,9890986.99,-0.9862543,116.6393562
WB08-INV15,8,12,3,9890987.825,459883.525,-0.9862467,116.6394327,82.57,17.904,216.9,-10.98,0.183,459890.462,9890986.99,-0.9862543,116.6394951
WB08-INV15,9,13,3,9890987.825,459898.971,-0.9862467,116.6395715,85.44,19.483,181.9,-0.67,0.063,459905.908,9890986.99,-0.9862543,116.6396339
WB08-INV15,10,17,4,9890987.825,459914.417,-0.9862467,116.6397104,85.69,19.843,180.0,0.0,0.115,459921.354,9890986.99,-0.9862543,116.6397727
WB08-INV15,11,18,4,9890987.825,459929.863,-0.9862468,116.6398492,85.54,26.51,176.0,1.99,0.217,459936.8,9890986.99,-0.9862543,116.6399115
WB08-INV15,12,26,6,9890987.825,459945.309,-0.9862468,116.639988,85.52,25.832,215.3,-15.63,0.139,459952.246,9890986.99,-0.9862543,116.6400504
WB08-INV15,13,3,1,9890979.325,459868.079,-0.9863236,116.6392939,78.46,11.307,248.1,-10.51,0.113,459875.016,9890978.49,-0.9863312,116.6393562
WB08-INV15,14,14,3,9890979.325,459883.525,-0.9863236,116.6394327,81.37,14.566,198.9,-4.81,0.155,459890.462,9890978.49,-0.9863312,116.639495
WB08-INV15,15,6,2,9890979.325,459898.971,-0.9863236,116.6395715,82.83,19.943,171.9,2.93,0.091,459905.908,9890978.49,-0.9863312,116.6396339
WB08-INV15,16,7,2,9890979.325,459914.417,-0.9863236,116.6397103,82.32,23.391,176.8,1.38,0.138,459921.354,9890978.49,-0.9863312,116.6397727
WB08-INV15,17,4,1,9890970.725,459868.079,-0.9864014,116.6392939,77.77,13.661,213.8,-7.7,0.082,459875.016,9890969.89,-0.986409,116.6393562
WB08-INV15,18,8,2,9890970.725,459883.525,-0.9864014,116.6394327,79.82,18.539,178.0,0.67,0.074,459890.462,9890969.89,-0.986409,116.639495
WB08-INV15,19,9,2,9890970.725,459898.571,-0.9864014,116.6395679,79.71,22.975,172.1,3.33,0.122,459905.908,9890969.89,-0.986409,116.6396339
WB08-INV15,20,27,6,9890970.725,459914.417,-0.9864014,116.6397103,79.21,21.369,175.4,1.8,0.143,459921.354,9890969.89,-0.986409,116.6397727
WB08-INV15,21,28,6,9890962.725,459945.309,-0.9864738,116.639988,79.08,18.151,234.0,-14.85,0.1,459952.246,9890961.89,-0.9864814,116.6400503
WB08-INV15,22,20,5,9890954.625,459945.309,-0.9865471,116.639988,77.77,16.281,272.9,-16.26,0.09,459952.246,9890953.79,-0.9865547,116.6400503
WB08-INV15,23,21,5,9890946.825,459929.863,-0.9866177,116.6398491,74.95,19.25,312.3,-14.48,0.073,459936.8,9890945.99,-0.9866252,116.6399115
WB08-INV15,24,22,5,9890946.825,459945.309,-0.9866177,116.639988,78.73,13.294,297.8,-11.81,0.068,459952.246,9890945.99,-0.9866253,116.6400503
WB08-INV15,25,23,5,9890939.425,459945.309,-0.9866846,116.639988,79.86,8.325,279.3,-8.22,0.063,459952.246,9890938.59,-0.9866922,116.6400503
WB08-INV16,1,1,1,9890939.425,459914.417,-0.9866846,116.6397103,72.65,17.624,300.6,-15.29,0.158,459921.354,9890938.59,-0.9866922,116.6397727
WB08-INV16,2,2,1,9890939.425,459929.863,-0.9866846,116.6398491,76.58,14.1,300.9,-12.16,0.068,459936.8,9890938.59,-0.9866922,116.6399115
WB08-INV16,3,10,3,9890932.225,459898.971,-0.9867497,116.6395715,71.43,12.611,316.5,-8.76,0.055,459905.908,9890931.39,-0.9867573,116.6396338
WB08-INV16,4,3,1,9890932.225,459914.417,-0.9867498,116.6397103,73.85,12.539,285.1,-12.12,0.119,459921.354,9890931.39,-0.9867573,116.6397727
WB08-INV16,5,4,1,9890932.225,459929.863,-0.9867498,116.6398491,77.29,10.659,256.1,-10.35,0.06,459936.8,9890931.39,-0.9867573,116.6399115
WB08-INV16,6,6,2,9890932.225,459945.309,-0.9867498,116.639988,80.08,7.984,220.8,-5.24,0.091,459952.246,9890931.39,-0.9867574,116.6400503
WB08-INV16,7,11,3,9890924.925,459898.971,-0.9868158,116.6395715,72.15,7.496,269.4,-7.5,0.037,459905.908,9890924.09,-0.9868233,116.6396338
WB08-INV16,8,12,3,9890924.925,459914.417,-0.9868158,116.6397103,74.3,9.377,266.3,-9.36,0.052,459921.354,9890924.09,-0.9868234,116.6397726
WB08-INV16,9,15,4,9890924.925,459929.863,-0.9868158,116.6398491,76.92,11.033,231.9,-8.72,0.083,459936.8,9890924.09,-0.9868234,116.6399115
WB08-INV16,10,7,2,9890924.925,459945.309,-0.9868158,116.6399879,79.17,14.356,188.7,-2.22,0.063,459952.246,9890924.09,-0.9868234,116.6400503
WB08-INV16,11,13,3,9890917.625,459883.525,-0.9868818,116.6394326,70.24,6.1,266.1,-6.09,0.076,459890.462,9890916.79,-0.9868894,116.639495
WB08-INV16,12,14,3,9890917.625,459898.971,-0.9868818,116.6395715,72.01,8.423,243.9,-7.57,0.056,459905.908,9890916.79,-0.9868894,116.6396338
WB08-INV16,13,16,4,9890917.625,459914.417,-0.9868818,116.6397103,74.13,8.512,243.8,-7.65,0.053,459921.354,9890916.79,-0.9868894,116.6397726
WB08-INV16,14,17,4,9890917.625,459929.863,-0.9868819,116.6398491,76.26,10.626,209.0,-5.2,0.125,459936.8,9890916.79,-0.9868894,116.6399115
WB08-INV16,15,8,2,9890917.625,459945.309,-0.9868819,116.6399879,77.68,13.834,182.1,-0.52,0.056,459952.246,9890916.79,-0.9868894,116.6400503
WB08-INV16,16,25,6,9890910.125,459883.525,-0.9869497,116.6394326,70.07,6.96,224.4,-4.88,0.048,459890.462,9890909.29,-0.9869572,116.639495
WB08-INV16,17,26,6,9890910.125,459898.971,-0.9869497,116.6395715,71.46,9.688,233.4,-7.8,0.057,459905.908,9890909.29,-0.9869572,116.6396338
WB08-INV16,18,20,5,9890910.125,459914.417,-0.9869497,116.6397103,73.56,9.846,225.5,-7.06,0.079,459921.354,9890909.29,-0.9869573,116.6397726
WB08-INV16,19,18,4,9890910.125,459929.863,-0.9869497,116.6398491,75.4,12.512,181.8,-0.4,0.102,459936.8,9890909.29,-0.9869573,116.6399115
WB08-INV16,20,9,2,9890910.125,459945.309,-0.9869497,116.6399879,75.63,11.918,198.7,-3.87,0.086,459952.246,9890909.29,-0.9869573,116.6400503
WB08-INV16,21,27,6,9890902.825,459883.525,-0.9870157,116.6394326,69.43,9.125,214.9,-5.25,0.059,459890.462,9890901.99,-0.9870233,116.639495
WB08-INV16,22,28,6,9890902.825,459898.971,-0.9870157,116.6395714,70.78,9.394,227.8,-6.99,0.044,459905.908,9890901.99,-0.9870233,116.6396338
WB08-INV16,23,21,5,9890902.825,459914.417,-0.9870157,116.6397103,72.68,9.735,211.9,-5.18,0.119,459921.354,9890901.99,-0.9870233,116.6397726
WB08-INV16,24,22,5,9890902.825,459929.863,-0.9870158,116.6398491,74.06,10.768,179.2,0.15,0.06,459936.8,9890901.99,-0.9870233,116.6399115
WB08-INV16,25,23,5,9890902.825,459945.309,-0.9870158,116.6399879,74.04,10.359,232.8,-8.28,0.168,459952.246,9890901.99,-0.9870233,116.6400503
WB08-INV17,1,1,1,9890895.525,459883.525,-0.9870818,116.6394326,68.5,7.885,213.6,-4.38,0.081,459890.462,9890894.69,-0.9870893,116.639495
WB08-INV17,2,2,1,9890895.525,459898.971,-0.9870818,116.6395714,69.85,11.47,216.6,-6.9,0.043,459905.908,9890894.69,-0.9870893,116.6396338
WB08-INV17,3,3,1,9890895.525,459914.417,-0.9870818,116.6397103,71.65,10.609,205.4,-4.59,0.092,459921.354,9890894.69,-0.9870893,116.6397726
WB08-INV17,4,10,3,9890895.525,459929.863,-0.9870818,116.6398491,72.76,7.914,187.8,-1.08,0.038,459936.8,9890894.69,-0.9870894,116.6399114
WB08-INV17,5,11,3,9890895.525,459945.309,-0.9870818,116.6399879,73.07,11.982,237.6,-10.16,0.154,459952.246,9890894.69,-0.9870894,116.6400503
WB08-INV17,6,4,1,9890888.225,459898.971,-0.9871478,116.6395714,68.92,8.868,212.9,-4.84,0.063,459905.908,9890887.39,-0.9871554,116.6396338
WB08-INV17,7,12,3,9890888.225,459914.417,-0.9871478,116.6397103,70.39,10.024,206.3,-4.48,0.072,459921.354,9890887.39,-0.9871554,116.6397726
WB08-INV17,8,13,3,9890888.225,459929.863,-0.9871478,116.6398491,71.52,6.102,211.8,-3.22,0.068,459936.8,9890887.39,-0.9871554,116.6399114
WB08-INV17,9,14,3,9890888.225,459945.309,-0.9871479,116.6399879,72.38,9.594,280.7,-9.43,0.068,459952.246,9890887.39,-0.9871554,116.6400503
WB08-INV17,10,6,2,9890881.225,459914.417,-0.9872112,116.6397103,69.44,8.364,213.1,-4.59,0.032,459921.354,9890880.39,-0.9872187,116.6397726
WB08-INV17,11,7,2,9890881.225,459929.863,-0.9872112,116.6398491,70.66,7.048,254.6,-6.8,0.097,459936.8,9890880.39,-0.9872187,116.6399114
WB08-INV17,12,8,2,9890881.225,459945.309,-0.9872112,116.6399879,72.54,11.974,295.6,-10.83,0.083,459952.246,9890880.39,-0.9872188,116.6400503
WB08-INV17,13,9,2,9890874.525,459929.863,-0.9872718,116.6398491,70.37,9.114,279.0,-9.0,0.043,459936.8,9890873.69,-0.9872794,116.6399114
WB08-INV17,14,15,4,9890874.525,459945.309,-0.9872718,116.6399879,72.74,12.979,274.8,-12.94,0.064,459952.246,9890873.69,-0.9872794,116.6400503
WB08-INV17,15,16,4,9890867.825,459929.863,-0.9873324,116.6398491,70.23,10.236,274.3,-10.21,0.053,459936.8,9890866.99,-0.98734,116.6399114
WB08-INV17,16,17,4,9890867.825,459945.309,-0.9873324,116.6399879,73.07,10.531,268.5,-10.53,0.062,459952.246,9890866.99,-0.98734,116.6400502
WB08-INV17,17,18,4,9890861.725,459929.863,-0.9873876,116.6398491,70.17,11.059,256.3,-10.75,0.034,459936.8,9890860.89,-0.9873952,116.6399114
WB08-INV17,18,25,6,9890861.725,459945.309,-0.9873876,116.6399879,73.12,10.184,231.9,-8.05,0.05,459952.246,9890860.89,-0.9873952,116.6400502
WB08-INV17,19,26,6,9890855.225,459929.863,-0.9874464,116.6398491,69.88,10.033,254.8,-9.69,0.035,459936.8,9890854.39,-0.987454,116.6399114
WB08-INV17,20,27,6,9890855.225,459945.309,-0.9874464,116.6399879,72.52,8.433,234.2,-6.86,0.038,459952.246,9890854.39,-0.987454,116.6400502
WB08-INV17,21,28,6,9890848.825,459929.863,-0.9875043,116.639849,69.52,11.374,236.8,-9.55,0.039,459936.8,9890847.99,-0.9875119,116.6399114
WB08-INV17,22,20,5,9890848.825,459945.309,-0.9875043,116.6399879,71.95,8.675,237.4,-7.32,0.038,459952.246,9890847.99,-0.9875119,116.6400502
WB08-INV17,23,21,5,9890842.425,459945.309,-0.9875622,116.6399879,71.23,9.803,244.6,-8.87,0.045,459952.246,9890841.59,-0.9875698,116.6400502
WB08-INV17,24,22,5,9890836.025,459945.309,-0.9876201,116.6399879,70.54,12.019,231.8,-9.5,0.067,459952.246,9890835.19,-0.9876277,116.6400502
WB08-INV17,25,23,5,9890829.425,459946.251,-0.9876798,116.6399963,69.83,12.59,221.0,-8.34,0.095,459953.189,9890828.59,-0.9876874,116.6400587
WB09-INV01,1,1,1,9891391.902,459460.575,-0.9825906,116.6356317,91.14,22.825,265.9,-22.77,0.494,459467.512,9891391.067,-0.9825981,116.635694
WB09-INV01,2,2,1,9891391.902,459476.021,-0.9825906,116.6357705,97.94,19.678,289.8,-18.6,0.278,459482.958,9891391.067,-0.9825981,116.6358329
WB09-INV01,3,10,3,9891391.902,459491.467,-0.9825906,116.6359093,103.36,10.389,296.3,-9.33,0.072,459498.404,9891391.067,-0.9825982,116.6359717
WB09-INV01,4,11,3,9891391.902,459506.913,-0.9825906,116.6360482,105.77,4.813,338.5,-1.77,0.128,459513.85,9891391.067,-0.9825982,116.6361105
WB09-INV01,5,3,1,9891384.502,459460.575,-0.9826575,116.6356317,90.25,25.981,233.7,-21.44,0.346,459467.512,9891383.667,-0.9826651,116.635694
WB09-INV01,6,4,1,9891384.502,459476.021,-0.9826575,116.6357705,96.26,36.564,216.4,-23.76,0.37,459482.958,9891383.667,-0.9826651,116.6358328
WB09-INV01,7,12,3,9891384.502,459491.467,-0.9826575,116.6359093,102.99,16.24,218.0,-10.17,0.094,459498.404,9891383.667,-0.9826651,116.6359717
WB09-INV01,8,13,3,9891384.502,459506.913,-0.9826576,116.6360481,105.62,6.379,212.4,-3.43,0.128,459513.85,9891383.667,-0.9826651,116.6361105
WB09-INV01,9,6,2,9891375.402,459460.575,-0.9827398,116.6356317,88.95,16.331,239.4,-14.16,0.333,459467.512,9891374.567,-0.9827474,116.635694
WB09-INV01,10,7,2,9891375.402,459476.021,-0.9827399,116.6357705,93.13,25.409,216.9,-15.92,0.136,459482.958,9891374.567,-0.9827474,116.6358328
WB09-INV01,11,8,2,9891375.402,459491.467,-0.9827399,116.6359093,98.43,29.394,214.8,-17.82,0.382,459498.404,9891374.567,-0.9827474,116.6359717
WB09-INV01,12,9,2,9891375.402,459506.913,-0.9827399,116.6360481,103.41,23.17,198.4,-7.69,0.161,459513.85,9891374.567,-0.9827475,116.6361105
WB09-INV01,13,25,6,9891375.402,459522.359,-0.9827399,116.636187,105.69,4.909,219.4,-3.12,0.137,459529.296,9891374.567,-0.9827475,116.6362493
WB09-INV01,14,5,2,9891366.702,459460.575,-0.9828186,116.6356316,88.76,9.482,225.1,-6.75,0.143,459467.512,9891365.867,-0.9828261,116.635694
WB09-INV01,15,16,4,9891366.702,459476.021,-0.9828186,116.6357705,90.63,21.692,215.6,-13.04,0.192,459482.958,9891365.867,-0.9828261,116.6358328
WB09-INV01,16,17,4,9891366.702,459491.467,-0.9828186,116.6359093,94.68,28.486,205.9,-13.33,0.308,459498.404,9891365.867,-0.9828261,116.6359717
WB09-INV01,17,18,4,9891366.702,459506.913,-0.9828186,116.6360481,98.38,24.359,218.1,-15.61,0.259,459513.85,9891365.867,-0.9828262,116.6361105
WB09-INV01,18,26,6,9891366.702,459522.359,-0.9828186,116.636187,102.68,22.555,221.3,-15.33,0.177,459529.296,9891365.867,-0.9828262,116.6362493
WB09-INV01,19,27,6,9891366.702,459537.805,-0.9828186,116.6363258,106.38,2.789,294.8,-2.53,0.08,459544.742,9891365.867,-0.9828262,116.6363881
WB09-INV01,20,28,6,9891366.702,459553.251,-0.9828186,116.6364646,106.96,2.642,12.6,0.58,0.06,459560.188,9891365.867,-0.9828262,116.636527
WB09-INV01,21,20,5,9891357.102,459460.575,-0.9829054,116.6356316,87.26,14.415,216.1,-8.61,0.091,459467.512,9891356.267,-0.982913,116.635694
WB09-INV01,22,21,5,9891357.102,459476.021,-0.9829054,116.6357705,89.57,12.426,194.4,-3.14,0.331,459482.958,9891356.267,-0.982913,116.6358328
WB09-INV01,23,22,5,9891357.102,459491.467,-0.9829054,116.6359093,91.44,23.331,216.3,-14.32,0.206,459498.404,9891356.267,-0.982913,116.6359716
WB09-INV01,24,23,5,9891357.102,459506.913,-0.9829054,116.6360481,95.0,20.342,217.4,-12.69,0.316,459513.85,9891356.267,-0.982913,116.6361105
WB09-INV02,1,1,1,9891357.102,459522.359,-0.9829055,116.6361869,98.92,26.948,243.9,-24.54,0.166,459529.296,9891356.267,-0.982913,116.6362493
WB09-INV02,2,2,1,9891357.102,459537.805,-0.9829055,116.6363258,105.4,8.287,244.5,-7.49,0.21,459544.742,9891356.267,-0.982913,116.6363881
WB09-INV02,3,10,3,9891347.302,459460.575,-0.9829941,116.6356316,84.81,12.749,222.9,-8.76,0.146,459467.512,9891346.467,-0.9830016,116.635694
WB09-INV02,4,11,3,9891347.302,459476.021,-0.9829941,116.6357705,87.47,12.165,163.6,3.48,0.365,459482.958,9891346.467,-0.9830016,116.6358328
WB09-INV02,5,12,3,9891347.302,459491.467,-0.9829941,116.6359093,87.12,20.988,211.9,-11.46,0.189,459498.404,9891346.467,-0.9830017,116.6359716
WB09-INV02,6,13,3,9891347.302,459506.913,-0.9829941,116.6360481,90.56,30.683,233.6,-25.53,0.359,459513.85,9891346.467,-0.9830017,116.6361105
WB09-INV02,7,3,1,9891347.302,459522.359,-0.9829941,116.6361869,97.06,25.739,261.8,-25.51,0.356,459529.296,9891346.467,-0.9830017,116.6362493
WB09-INV02,8,4,1,9891347.302,459537.805,-0.9829941,116.6363258,104.47,9.86,228.9,-7.46,0.298,459544.742,9891346.467,-0.9830017,116.6363881
WB09-INV02,9,14,3,9891337.902,459460.575,-0.9830791,116.6356316,84.41,6.72,222.6,-4.56,0.158,459467.512,9891337.067,-0.9830867,116.635694
WB09-INV02,10,6,2,9891337.902,459506.913,-0.9830792,116.6360481,88.22,,,,0.669,459513.85,9891337.067,-0.9830867,116.6361105
WB09-INV02,11,7,2,9891337.902,459522.359,-0.9830792,116.6361869,95.66,31.734,225.5,-23.8,0.44,459529.296,9891337.067,-0.9830867,116.6362493
WB09-INV02,12,8,2,9891337.902,459537.805,-0.9830792,116.6363258,102.23,19.666,227.8,-14.83,0.256,459544.742,9891337.067,-0.9830868,116.6363881
WB09-INV02,13,9,2,9891327.002,459506.913,-0.9831778,116.6360481,85.69,24.814,253.6,-23.92,0.487,459513.85,9891326.167,-0.9831853,116.6361104
WB09-INV02,14,15,4,9891327.002,459522.359,-0.9831778,116.6361869,93.01,19.35,231.7,-15.41,0.395,459529.296,9891326.167,-0.9831853,116.6362493
WB09-INV02,15,16,4,9891327.002,459537.805,-0.9831778,116.6363257,97.61,31.99,241.3,-28.72,0.286,459544.742,9891326.167,-0.9831854,116.6363881
WB09-INV02,16,25,6,9891318.602,459506.913,-0.9832538,116.6360481,86.41,,,,0.507,459513.85,9891317.767,-0.9832613,116.6361104
WB09-INV02,17,17,4,9891318.602,459522.359,-0.9832538,116.6361869,91.12,17.938,234.5,-14.76,0.443,459529.296,9891317.767,-0.9832613,116.6362493
WB09-INV02,18,18,4,9891318.602,459537.805,-0.9832538,116.6363257,95.81,,,,0.594,459544.742,9891317.767,-0.9832614,116.6363881
WB09-INV02,19,26,6,9891310.302,459491.467,-0.9833288,116.6359092,80.7,22.142,234.5,-18.33,0.344,459498.404,9891309.467,-0.9833364,116.6359716
WB09-INV02,20,27,6,9891310.302,459506.913,-0.9833289,116.6360481,85.72,14.255,218.0,-8.89,0.346,459513.85,9891309.467,-0.9833364,116.6361104
WB09-INV02,21,28,6,9891310.302,459522.359,-0.9833289,116.6361869,88.68,,,,0.661,459529.296,9891309.467,-0.9833364,116.6362493
WB09-INV02,22,20,5,9891310.302,459537.805,-0.9833289,116.6363257,93.5,23.531,242.8,-21.17,0.37,459544.742,9891309.467,-0.9833365,116.6363881
WB09-INV02,23,21,5,9891300.302,459506.913,-0.9834193,116.6360481,82.1,18.982,243.2,-17.07,0.35,459513.85,9891299.467,-0.9834269,116.6361104
WB09-INV02,24,22,5,9891300.302,459522.359,-0.9834193,116.6361869,87.36,23.081,239.9,-20.24,0.339,459529.296,9891299.467,-0.9834269,116.6362492
WB09-INV02,25,23,5,9891300.302,459537.805,-0.9834194,116.6363257,92.52,18.617,238.8,-16.07,0.083,459544.742,9891299.467,-0.9834269,116.6363881
WB09-INV03,1,1,1,9891310.302,459451.037,-0.9833288,116.6355459,84.0,,,,0.511,459457.974,9891309.467,-0.9833364,116.6356082
WB09-INV03,2,2,1,9891300.302,459451.037,-0.9834193,116.6355459,86.59,,,,0.847,459457.974,9891299.467,-0.9834268,116.6356082
WB09-INV03,3,3,1,9891300.302,459466.483,-0.9834193,116.6356847,84.38,10.931,17.7,3.36,0.272,459473.42,9891299.467,-0.9834269,116.635747
WB09-INV03,4,4,1,9891291.802,459451.037,-0.9834962,116.6355458,89.98,,,,0.527,459457.974,9891290.967,-0.9835037,116.6356082
WB09-INV03,5,10,3,9891291.802,459466.393,-0.9834962,116.6356839,90.39,31.421,23.9,13.9,0.424,459473.33,9891290.967,-0.9835038,116.6357462
WB09-INV03,6,11,3,9891291.802,459481.839,-0.9834962,116.6358227,84.95,,,,0.678,459488.776,9891290.967,-0.9835038,116.635885
WB09-INV03,7,12,3,9891285.002,459450.947,-0.9835577,116.635545,92.58,20.795,336.6,-8.58,0.351,459457.884,9891284.167,-0.9835653,116.6356074
WB09-INV03,8,13,3,9891285.002,459466.393,-0.9835577,116.6356839,93.93,34.932,33.7,21.18,0.32,459473.33,9891284.167,-0.9835653,116.6357462
WB09-INV03,9,14,3,9891285.002,459481.839,-0.9835577,116.6358227,88.72,21.082,60.9,18.62,0.298,459488.776,9891284.167,-0.9835653,116.635885
WB09-INV03,10,6,2,9891275.225,459451.037,-0.9836461,116.6355458,95.09,19.819,333.0,-9.29,0.413,459457.974,9891274.39,-0.9836537,116.6356082
WB09-INV03,11,7,2,9891275.225,459466.483,-0.9836462,116.6356847,97.94,21.605,35.7,13.01,0.363,459473.42,9891274.39,-0.9836537,116.635747
WB09-INV03,12,8,2,9891275.225,459481.929,-0.9836462,116.6358235,93.52,33.452,42.0,23.85,0.479,459488.866,9891274.39,-0.9836537,116.6358858
WB09-INV03,13,9,2,9891267.925,459451.037,-0.9837122,116.6355458,97.41,16.575,327.5,-9.09,0.39,459457.974,9891267.09,-0.9837198,116.6356082
WB09-INV03,14,15,4,9891267.925,459466.483,-0.9837122,116.6356846,99.31,24.188,26.9,11.49,0.313,459473.42,9891267.09,-0.9837198,116.635747
WB09-INV03,15,16,4,9891267.925,459481.929,-0.9837122,116.6358235,96.88,25.136,41.7,17.33,0.427,459488.866,9891267.09,-0.9837198,116.6358858
WB09-INV03,16,17,4,9891267.925,459497.375,-0.9837122,116.6359623,92.21,38.42,33.8,23.81,0.213,459504.312,9891267.09,-0.9837198,116.6360247
WB09-INV03,17,18,4,9891260.825,459435.591,-0.9837764,116.635407,91.79,29.007,293.2,-27.0,0.444,459442.528,9891259.99,-0.983784,116.6354693
WB09-INV03,18,25,6,9891260.825,459451.037,-0.9837764,116.6355458,99.48,14.211,315.0,-10.15,0.29,459457.974,9891259.99,-0.983784,116.6356082
WB09-INV03,19,26,6,9891260.825,459466.483,-0.9837764,116.6356846,101.47,22.718,27.1,10.8,0.213,459473.42,9891259.99,-0.983784,116.635747
WB09-INV03,20,20,5,9891260.825,459482.379,-0.9837765,116.6358275,98.64,20.007,40.0,13.17,0.4,459488.866,9891259.99,-0.983784,116.6358858
WB09-INV03,21,21,5,9891260.825,459497.375,-0.9837765,116.6359623,93.72,20.973,42.8,14.6,0.417,459504.312,9891259.99,-0.983784,116.6360246
WB09-INV03,22,22,5,9891260.825,459512.821,-0.9837765,116.6361011,89.28,28.92,27.6,14.36,0.258,459519.758,9891259.99,-0.983784,116.6361635
WB09-INV03,23,27,6,9891254.225,459435.591,-0.9838361,116.635407,93.08,24.058,286.5,-23.17,0.248,459442.528,9891253.39,-0.9838437,116.6354693
WB09-INV03,24,28,6,9891254.225,459451.037,-0.9838361,116.6355458,99.25,22.865,323.5,-14.08,0.472,459457.974,9891253.39,-0.9838437,116.6356082
WB09-INV03,25,23,5,9891254.225,459466.483,-0.9838361,116.6356846,103.44,17.532,27.7,8.35,0.297,459473.42,9891253.39,-0.9838437,116.635747
WB09-INV04,1,1,1,9891254.225,459481.929,-0.9838362,116.6358235,100.75,26.966,43.4,19.27,0.214,459488.866,9891253.39,-0.9838437,116.6358858
WB09-INV04,2,2,1,9891254.225,459497.375,-0.9838362,116.6359623,96.32,26.703,46.7,20.11,0.466,459504.312,9891253.39,-0.9838437,116.6360246
WB09-INV04,3,3,1,9891254.225,459512.821,-0.9838362,116.6361011,91.31,20.756,14.0,5.24,0.374,459519.758,9891253.39,-0.9838438,116.6361635
WB09-INV04,4,10,3,9891247.925,459435.591,-0.9838931,116.635407,94.3,,,,0.536,459442.528,9891247.09,-0.9839007,116.6354693
WB09-INV04,5,11,3,9891247.925,459451.037,-0.9838931,116.6355458,101.79,19.638,313.9,-14.42,0.309,459457.974,9891247.09,-0.9839007,116.6356082
WB09-INV04,6,6,2,9891247.925,459466.483,-0.9838931,116.6356846,105.5,18.968,40.3,12.53,0.293,459473.42,9891247.09,-0.9839007,116.635747
WB09-INV04,7,4,1,9891247.925,459481.929,-0.9838932,116.6358235,102.64,19.585,51.6,15.58,0.413,459488.866,9891247.09,-0.9839007,116.6358858
WB09-INV04,8,7,2,9891247.925,459497.375,-0.9838932,116.6359623,97.62,20.706,39.1,13.41,0.294,459504.312,9891247.09,-0.9839007,116.6360246
WB09-INV04,9,8,2,9891247.925,459512.821,-0.9838932,116.6361011,93.57,,,,0.503,459519.758,9891247.09,-0.9839008,116.6361635
WB09-INV04,10,9,2,9891247.925,459528.267,-0.9838932,116.6362399,91.68,7.282,321.5,-4.55,0.205,459535.204,9891247.09,-0.9839008,116.6363023
WB09-INV04,11,12,3,9891241.725,459435.591,-0.9839492,116.635407,97.4,21.558,301.9,-18.54,0.467,459442.528,9891240.89,-0.9839568,116.6354693
WB09-INV04,12,13,3,9891241.725,459451.037,-0.9839492,116.6355458,102.94,,,,0.503,459457.974,9891240.89,-0.9839568,116.6356082
WB09-INV04,13,15,4,9891241.725,459466.483,-0.9839492,116.6356846,106.71,7.273,59.9,6.3,0.11,459473.42,9891240.89,-0.9839568,116.635747
WB09-INV04,14,16,4,9891241.725,459481.929,-0.9839493,116.6358235,104.88,24.3,48.1,18.58,0.464,459488.866,9891240.89,-0.9839568,116.6358858
WB09-INV04,15,17,4,9891241.725,459497.375,-0.9839493,116.6359623,100.48,29.884,29.0,15.57,0.299,459504.312,9891240.89,-0.9839568,116.6360246
WB09-INV04,16,18,4,9891241.725,459512.821,-0.9839493,116.6361011,96.08,,,,0.505,459519.758,9891240.89,-0.9839568,116.6361635
WB09-INV04,17,20,5,9891241.725,459528.267,-0.9839493,116.6362399,94.32,23.566,358.2,-0.78,0.204,459535.204,9891240.89,-0.9839569,116.6363023
WB09-INV04,18,25,6,9891235.125,459435.591,-0.9840089,116.635407,98.2,30.094,314.3,-22.53,0.358,459442.528,9891234.29,-0.9840165,116.6354693
WB09-INV04,19,26,6,9891235.125,459451.037,-0.9840089,116.6355458,105.17,6.916,196.0,-1.91,0.29,459457.974,9891234.29,-0.9840165,116.6356081
WB09-INV04,20,27,6,9891235.125,459466.483,-0.9840089,116.6356846,106.19,12.122,162.2,3.76,0.084,459473.42,9891234.29,-0.9840165,116.635747
WB09-INV04,21,28,6,9891235.125,459481.929,-0.984009,116.6358234,104.98,6.749,61.1,5.91,0.29,459488.866,9891234.29,-0.9840165,116.6358858
WB09-INV04,22,21,5,9891235.125,459497.375,-0.984009,116.6359623,102.79,29.892,18.2,10.18,0.361,459504.312,9891234.29,-0.9840165,116.6360246
WB09-INV04,23,22,5,9891235.125,459512.821,-0.984009,116.6361011,99.49,19.432,25.6,8.67,0.283,459519.758,9891234.29,-0.9840166,116.6361635
WB09-INV04,24,23,5,9891235.125,459528.267,-0.984009,116.6362399,97.35,21.315,358.5,-0.59,0.395,459535.204,9891234.29,-0.9840166,116.6363023
WB09-INV05,1,1,1,9891228.825,459435.591,-0.9840659,116.635407,101.25,14.466,298.1,-12.82,0.29,459442.528,9891227.99,-0.9840735,116.6354693
WB09-INV05,2,2,1,9891228.825,459451.037,-0.9840659,116.6355458,104.87,11.288,189.1,-1.81,0.187,459457.974,9891227.99,-0.9840735,116.6356081
WB09-INV05,3,3,1,9891228.825,459466.877,-0.9840659,116.6356882,105.14,1.244,21.4,0.45,0.119,459473.42,9891227.99,-0.9840735,116.635747
WB09-INV05,4,4,1,9891228.825,459482.323,-0.984066,116.635827,104.6,7.237,50.9,5.63,0.217,459488.866,9891227.99,-0.9840735,116.6358858
WB09-INV05,5,10,3,9891228.825,459497.769,-0.984066,116.6359658,103.58,5.176,75.7,5.02,0.225,459504.312,9891227.99,-0.9840735,116.6360246
WB09-INV05,6,11,3,9891228.825,459513.215,-0.984066,116.6361046,102.32,25.603,16.2,7.61,0.264,459519.758,9891227.99,-0.9840736,116.6361634
WB09-INV05,7,12,3,9891228.825,459528.661,-0.984066,116.6362435,100.3,30.452,356.5,-2.06,0.209,459535.204,9891227.99,-0.9840736,116.6363023
WB09-INV05,8,13,3,9891221.525,459435.985,-0.984132,116.6354105,103.23,13.161,167.3,2.94,0.243,459442.528,9891220.69,-0.9841395,116.6354693
WB09-INV05,9,6,2,9891221.525,459451.931,-0.984132,116.6355538,103.11,15.558,185.4,-1.5,0.237,459457.974,9891220.69,-0.9841395,116.6356081
WB09-INV05,10,7,2,9891221.525,459466.522,-0.984132,116.635685,103.49,25.337,186.9,-3.26,0.061,459473.42,9891220.69,-0.9841396,116.635747
WB09-INV05,11,8,2,9891221.525,459481.426,-0.984132,116.6358189,104.44,16.873,191.5,-3.46,0.302,459488.866,9891220.69,-0.9841396,116.6358858
WB09-INV05,12,15,4,9891221.525,459496.872,-0.984132,116.6359577,104.86,12.68,36.6,7.64,0.278,459504.312,9891220.69,-0.9841396,116.6360246
WB09-INV05,13,16,4,9891221.525,459512.737,-0.984132,116.6361003,102.76,2.909,169.3,0.54,0.038,459519.758,9891220.69,-0.9841396,116.6361634
WB09-INV05,14,17,4,9891221.525,459528.183,-0.984132,116.6362392,102.72,2.929,283.7,-2.85,0.076,459535.204,9891220.69,-0.9841396,116.6363023
WB09-INV05,15,9,2,9891212.825,459435.852,-0.9842107,116.6354093,100.99,9.325,192.6,-2.05,0.17,459442.528,9891211.99,-0.9842182,116.6354693
WB09-INV05,16,25,6,9891212.825,459450.522,-0.9842107,116.6355411,101.39,21.963,165.0,5.96,0.094,459457.974,9891211.99,-0.9842182,116.6356081
WB09-INV05,17,18,4,9891212.825,459465.968,-0.9842107,116.63568,99.82,22.985,185.3,-2.24,0.068,459473.42,9891211.99,-0.9842183,116.6357469
WB09-INV05,18,26,6,9891212.365,459482.95,-0.9842149,116.6358326,100.5,23.331,201.1,-8.83,0.053,459488.866,9891211.99,-0.9842183,116.6358858
WB09-INV05,19,27,6,9891212.825,459496.86,-0.9842107,116.6359576,102.67,17.106,198.9,-5.69,0.173,459504.312,9891211.99,-0.9842183,116.6360246
WB09-INV05,20,20,5,9891212.825,459512.306,-0.9842107,116.6360964,103.99,10.663,50.4,8.25,0.305,459519.758,9891211.99,-0.9842183,116.6361634
WB09-INV05,21,28,6,9891212.825,459527.752,-0.9842108,116.6362353,102.1,12.373,193.3,-2.89,0.361,459535.204,9891211.99,-0.9842183,116.6363023
WB09-INV05,22,21,5,9891203.874,459436.244,-0.9842917,116.6354128,100.2,19.629,152.3,9.41,0.142,459442.528,9891203.29,-0.9842969,116.6354693
WB09-INV05,23,22,5,9891203.874,459451.69,-0.9842917,116.6355516,97.74,18.42,166.9,4.32,0.065,459457.974,9891203.29,-0.984297,116.6356081
WB09-INV05,24,23,5,9891203.874,459467.136,-0.9842917,116.6356905,96.6,18.45,178.7,0.43,0.109,459473.42,9891203.29,-0.984297,116.6357469
WB09-INV06,1,1,1,9891194.685,459435.731,-0.9843748,116.6354082,97.91,18.526,146.2,10.56,0.089,459442.528,9891194.49,-0.9843766,116.6354693
WB09-INV06,2,2,1,9891194.685,459451.177,-0.9843748,116.635547,95.12,23.43,165.2,6.32,0.1,459457.974,9891194.49,-0.9843766,116.6356081
WB09-INV06,3,3,1,9891194.685,459466.623,-0.9843748,116.6356858,93.42,22.015,179.5,0.2,0.13,459473.42,9891194.49,-0.9843766,116.6357469
WB09-INV06,4,4,1,9891185.685,459435.731,-0.9844562,116.6354082,95.4,23.659,141.4,15.29,0.076,459442.528,9891185.49,-0.984458,116.6354693
WB09-INV06,5,10,3,9891185.685,459451.177,-0.9844562,116.635547,91.33,24.195,164.6,6.8,0.178,459457.974,9891185.49,-0.984458,116.6356081
WB09-INV06,6,11,3,9891185.685,459466.623,-0.9844562,116.6356858,89.52,23.922,180.5,-0.22,0.159,459473.42,9891185.49,-0.984458,116.6357469
WB09-INV06,7,6,2,9891176.685,459435.731,-0.9845376,116.6354082,93.35,23.006,122.2,19.76,0.113,459442.528,9891176.49,-0.9845394,116.6354693
WB09-INV06,8,12,3,9891176.685,459451.177,-0.9845376,116.635547,87.94,19.381,157.7,7.6,0.11,459457.974,9891176.49,-0.9845394,116.6356081
WB09-INV06,9,13,3,9891176.685,459466.623,-0.9845377,116.6356858,85.92,23.101,173.9,2.6,0.141,459473.42,9891176.49,-0.9845394,116.6357469
WB09-INV06,10,7,2,9891167.885,459435.731,-0.9846172,116.6354082,91.99,22.012,104.3,21.39,0.1,459442.528,9891167.69,-0.984619,116.6354693
WB09-INV06,11,8,2,9891167.885,459451.177,-0.9846173,116.635547,86.0,20.387,142.1,12.86,0.269,459457.974,9891167.69,-0.984619,116.6356081
WB09-INV06,12,9,2,9891167.885,459466.623,-0.9846173,116.6356858,82.7,21.374,170.7,3.62,0.138,459473.42,9891167.69,-0.984619,116.6357469
WB09-INV06,13,16,4,9891158.685,459435.731,-0.9847005,116.6354082,91.35,22.152,101.0,21.78,0.044,459442.528,9891158.49,-0.9847023,116.6354692
WB09-INV06,14,17,4,9891158.685,459451.177,-0.9847005,116.635547,85.15,22.048,101.1,21.67,0.094,459457.974,9891158.49,-0.9847023,116.6356081
WB09-INV06,15,18,4,9891150.485,459435.731,-0.9847747,116.6354081,90.52,21.886,111.8,20.45,0.072,459442.528,9891150.29,-0.9847764,116.6354692
WB09-INV06,16,25,6,9891150.485,459451.177,-0.9847747,116.635547,84.87,20.765,92.2,20.75,0.057,459457.974,9891150.29,-0.9847765,116.6356081
WB09-INV06,17,26,6,9891141.185,459435.731,-0.9848588,116.6354081,88.33,22.886,130.4,17.82,0.106,459442.528,9891140.99,-0.9848606,116.6354692
WB09-INV06,18,27,6,9891141.185,459451.177,-0.9848588,116.635547,83.52,16.214,112.7,15.02,0.108,459457.974,9891140.99,-0.9848606,116.6356081
WB09-INV06,19,28,6,9891133.885,459435.731,-0.9849248,116.6354081,85.9,22.653,138.2,15.55,0.087,459442.528,9891133.69,-0.9849266,116.6354692
WB09-INV06,20,20,5,9891133.885,459451.177,-0.9849249,116.635547,81.7,16.684,143.5,10.11,0.102,459457.974,9891133.69,-0.9849266,116.635608
WB09-INV06,21,21,5,9891125.251,459436.055,-0.985003,116.635411,82.87,18.904,132.0,14.28,0.095,459442.852,9891125.056,-0.9850047,116.6354721
WB09-INV06,22,22,5,9891117.222,459436.055,-0.9850756,116.635411,81.9,17.9,112.0,16.67,0.098,459442.711,9891117.027,-0.9850774,116.6354708
WB09-INV06,23,23,5,9891108.485,459436.055,-0.9851546,116.635411,81.65,19.209,81.6,19.02,0.187,459442.528,9891108.29,-0.9851564,116.6354692
WB09-INV07,1,1,1,9891204.125,459481.929,-0.9842894,116.6358234,96.82,21.967,207.5,-10.55,0.036,459488.866,9891203.29,-0.984297,116.6358858
WB09-INV07,2,2,1,9891204.125,459497.375,-0.9842894,116.6359622,99.58,18.854,205.2,-8.27,0.054,459504.312,9891203.29,-0.984297,116.6360246
WB09-INV07,3,6,2,9891204.125,459512.821,-0.9842895,116.6361011,101.76,29.668,179.9,0.06,0.204,459519.758,9891203.29,-0.984297,116.6361634
WB09-INV07,4,7,2,9891204.125,459528.267,-0.9842895,116.6362399,101.67,8.99,158.0,3.39,0.38,459535.204,9891203.29,-0.984297,116.6363022
WB09-INV07,5,8,2,9891204.125,459543.713,-0.9842895,116.6363787,100.39,25.618,203.5,-10.82,0.463,459550.65,9891203.29,-0.984297,116.6364411
WB09-INV07,6,9,2,9891204.125,459559.159,-0.9842895,116.6365175,103.35,16.204,169.1,3.15,0.256,459566.096,9891203.29,-0.9842971,116.6365799
WB09-INV07,7,3,1,9891195.325,459481.929,-0.984369,116.6358234,93.87,21.274,211.0,-11.34,0.056,459488.866,9891194.49,-0.9843766,116.6358858
WB09-INV07,8,4,1,9891195.325,459497.375,-0.9843691,116.6359622,97.1,15.096,205.2,-6.55,0.203,459504.312,9891194.49,-0.9843766,116.6360246
WB09-INV07,9,10,3,9891195.325,459512.821,-0.9843691,116.6361011,98.41,20.604,147.6,11.39,0.17,459519.758,9891194.49,-0.9843766,116.6361634
WB09-INV07,10,11,3,9891195.325,459528.267,-0.9843691,116.6362399,96.01,17.911,204.7,-7.69,0.288,459535.204,9891194.49,-0.9843766,116.6363022
WB09-INV07,11,12,3,9891195.325,459543.713,-0.9843691,116.6363787,98.42,13.783,168.6,2.78,0.326,459550.65,9891194.49,-0.9843767,116.6364411
WB09-INV07,12,15,4,9891186.325,459481.929,-0.9844505,116.6358234,90.38,27.156,219.2,-17.96,0.243,459488.866,9891185.49,-0.984458,116.6358857
WB09-INV07,13,16,4,9891186.325,459497.375,-0.9844505,116.6359622,95.32,17.127,204.4,-7.25,0.295,459504.312,9891185.49,-0.984458,116.6360246
WB09-INV07,14,17,4,9891186.325,459512.821,-0.9844505,116.6361011,96.68,16.219,143.4,9.84,0.175,459519.758,9891185.49,-0.9844581,116.6361634
WB09-INV07,15,13,3,9891186.325,459528.267,-0.9844505,116.6362399,94.23,14.212,170.5,2.39,0.075,459535.204,9891185.49,-0.9844581,116.6363022
WB09-INV07,16,18,4,9891177.325,459497.375,-0.9845319,116.6359622,92.41,17.796,206.7,-8.21,0.247,459504.312,9891176.49,-0.9845395,116.6360246
WB09-INV07,17,25,6,9891177.325,459512.821,-0.9845319,116.636101,94.07,21.536,152.7,10.26,0.112,459519.758,9891176.49,-0.9845395,116.6361634
WB09-INV07,18,14,3,9891177.325,459528.267,-0.9845319,116.6362399,91.37,19.647,177.0,1.07,0.09,459535.204,9891176.49,-0.9845395,116.6363022
WB09-INV07,19,26,6,9891168.525,459497.375,-0.9846115,116.6359622,89.23,20.229,203.3,-8.29,0.338,459504.312,9891167.69,-0.9846191,116.6360246
WB09-INV07,20,27,6,9891168.525,459512.821,-0.9846115,116.636101,90.96,22.403,148.1,12.29,0.207,459519.758,9891167.69,-0.9846191,116.6361634
WB09-INV07,21,28,6,9891168.525,459528.267,-0.9846115,116.6362399,88.17,30.698,174.9,3.02,0.448,459535.204,9891167.69,-0.9846191,116.6363022
WB09-INV07,22,20,5,9891159.325,459497.375,-0.9846947,116.6359622,85.86,20.181,209.0,-10.1,0.412,459504.312,9891158.49,-0.9847023,116.6360246
WB09-INV07,23,21,5,9891159.325,459512.821,-0.9846948,116.636101,88.09,26.135,133.9,19.47,0.41,459519.758,9891158.49,-0.9847023,116.6361634
WB09-INV07,24,22,5,9891151.125,459497.375,-0.9847689,116.6359622,83.2,20.765,210.3,-10.83,0.329,459504.312,9891150.29,-0.9847765,116.6360245
WB09-INV07,25,23,5,9891141.825,459497.375,-0.9848531,116.6359622,80.49,20.53,201.9,-7.95,0.347,459504.312,9891140.99,-0.9848606,116.6360245
WB09-INV08,1,1,1,9891394.725,459590.051,-0.9825651,116.6367954,103.94,5.343,90.9,5.34,0.206,459596.988,9891393.89,-0.9825727,116.6368577
WB09-INV08,2,2,1,9891394.725,459605.497,-0.9825652,116.6369342,102.17,14.413,114.5,13.16,0.057,459612.434,9891393.89,-0.9825727,116.6369966
WB09-INV08,3,10,3,9891394.725,459620.943,-0.9825652,116.637073,98.7,,,,1.171,459627.88,9891393.89,-0.9825727,116.6371354
WB09-INV08,4,3,1,9891394.331,459637.341,-0.9825688,116.6372204,95.77,16.757,93.3,16.73,0.26,459643.326,9891393.89,-0.9825728,116.6372742
WB09-INV08,5,4,1,9891387.825,459590.051,-0.9826276,116.6367954,104.31,10.103,107.7,9.63,0.103,459596.988,9891386.99,-0.9826351,116.6368577
WB09-INV08,6,11,3,9891387.825,459605.497,-0.9826276,116.6369342,101.71,14.233,105.2,13.75,0.092,459612.434,9891386.99,-0.9826352,116.6369966
WB09-INV08,7,15,4,9891387.825,459620.943,-0.9826276,116.637073,98.05,13.045,131.7,9.81,0.089,459627.88,9891386.99,-0.9826352,116.6371354
WB09-INV08,8,16,4,9891387.825,459636.389,-0.9826276,116.6372119,95.31,15.211,115.3,13.81,0.206,459643.326,9891386.99,-0.9826352,116.6372742
WB09-INV08,9,25,6,9891387.966,459653.308,-0.9826264,116.6373639,90.38,23.829,95.6,23.73,0.06,459658.772,9891386.99,-0.9826352,116.637413
WB09-INV08,10,6,2,9891379.225,459574.605,-0.9827054,116.6366565,104.71,5.696,43.1,3.9,0.269,459581.542,9891378.39,-0.9827129,116.6367189
WB09-INV08,11,7,2,9891379.225,459590.551,-0.9827054,116.6367999,103.85,11.075,127.1,8.87,0.166,459596.988,9891378.39,-0.9827129,116.6368577
WB09-INV08,12,12,3,9891379.225,459605.497,-0.9827054,116.6369342,101.09,14.57,117.6,12.97,0.106,459612.434,9891378.39,-0.982713,116.6369966
WB09-INV08,13,13,3,9891379.225,459620.943,-0.9827054,116.637073,97.57,11.98,114.9,10.89,0.199,459627.88,9891378.39,-0.982713,116.6371354
WB09-INV08,14,17,4,9891379.225,459636.389,-0.9827054,116.6372119,94.71,10.968,90.0,10.97,0.123,459643.326,9891378.39,-0.982713,116.6372742
WB09-INV08,15,18,4,9891379.225,459651.835,-0.9827054,116.6373507,90.86,25.562,66.2,23.64,0.201,459658.772,9891378.39,-0.982713,116.637413
WB09-INV08,16,26,6,9891379.225,459667.281,-0.9827055,116.6374895,84.09,25.936,357.1,-1.41,0.222,459674.218,9891378.39,-0.982713,116.6375519
WB09-INV08,17,27,6,9891379.225,459682.727,-0.9827055,116.6376283,84.39,22.157,7.3,2.96,0.089,459689.664,9891378.39,-0.982713,116.6376907
WB09-INV08,18,28,6,9891379.225,459698.173,-0.9827055,116.6377672,83.62,23.668,27.1,11.29,0.114,459705.11,9891378.39,-0.9827131,116.6378295
WB09-INV08,19,20,5,9891390.105,459718.889,-0.9826071,116.6379534,79.74,15.769,189.0,-2.53,0.026,459725.827,9891389.269,-0.9826146,116.6380157
WB09-INV08,20,21,5,9891390.105,459733.835,-0.9826071,116.6380877,80.37,16.784,146.7,9.4,0.224,459741.273,9891389.269,-0.9826147,116.6381545
WB09-INV08,21,8,2,9891371.71,459578.837,-0.9827734,116.6366946,105.29,9.323,108.4,8.85,0.411,459581.542,9891370.99,-0.9827799,116.6367189
WB09-INV08,22,9,2,9891371.825,459590.495,-0.9827723,116.6367994,102.68,15.263,138.9,10.17,0.11,459596.988,9891370.99,-0.9827799,116.6368577
WB09-INV08,23,22,5,9891371.825,459605.941,-0.9827723,116.6369382,99.84,14.363,117.6,12.79,0.116,459612.434,9891370.99,-0.9827799,116.6369965
WB09-INV08,24,23,5,9891371.825,459620.887,-0.9827724,116.6370725,96.52,13.426,127.2,10.77,0.147,459627.88,9891370.99,-0.9827799,116.6371354
WB09-INV09,1,1,1,9891364.325,459574.605,-0.9828402,116.6366565,105.88,19.142,114.6,17.52,0.348,459581.542,9891363.49,-0.9828477,116.6367189
WB09-INV09,2,2,1,9891364.325,459590.051,-0.9828402,116.6367954,101.47,10.656,132.8,7.86,0.209,459596.988,9891363.49,-0.9828477,116.6368577
WB09-INV09,3,3,1,9891364.325,459605.497,-0.9828402,116.6369342,98.68,13.485,123.5,11.31,0.092,459612.434,9891363.49,-0.9828478,116.6369965
WB09-INV09,4,4,1,9891364.325,459620.943,-0.9828402,116.637073,95.29,14.821,133.3,10.9,0.246,459627.88,9891363.49,-0.9828478,116.6371354
WB09-INV09,5,10,3,9891364.325,459636.389,-0.9828402,116.6372118,92.72,7.188,154.9,3.06,0.059,459643.326,9891363.49,-0.9828478,116.6372742
WB09-INV09,6,11,3,9891364.325,459651.835,-0.9828402,116.6373507,91.91,5.717,94.5,5.7,0.07,459658.772,9891363.49,-0.9828478,116.637413
WB09-INV09,7,12,3,9891356.625,459559.159,-0.9829098,116.6365177,107.07,5.071,123.5,4.23,0.172,459566.096,9891355.79,-0.9829174,116.6365801
WB09-INV09,8,13,3,9891356.625,459574.605,-0.9829098,116.6366565,105.88,23.813,105.0,23.09,0.335,459581.542,9891355.79,-0.9829174,116.6367189
WB09-INV09,9,14,3,9891356.625,459590.051,-0.9829098,116.6367954,99.8,5.437,130.7,4.13,0.201,459596.988,9891355.79,-0.9829174,116.6368577
WB09-INV09,10,6,2,9891356.625,459605.497,-0.9829099,116.6369342,98.18,18.066,124.7,15.01,0.11,459612.434,9891355.79,-0.9829174,116.6369965
WB09-INV09,11,7,2,9891356.625,459620.943,-0.9829099,116.637073,94.15,18.828,131.4,14.35,0.227,459627.88,9891355.79,-0.9829174,116.6371354
WB09-INV09,12,8,2,9891356.625,459636.389,-0.9829099,116.6372118,90.96,9.088,189.0,-1.43,0.144,459643.326,9891355.79,-0.9829175,116.6372742
WB09-INV09,13,9,2,9891356.625,459651.835,-0.9829099,116.6373507,91.25,5.24,136.1,3.64,0.054,459658.772,9891355.79,-0.9829175,116.637413
WB09-INV09,14,15,4,9891347.625,459559.159,-0.9829912,116.6365177,106.26,6.605,149.6,3.35,0.24,459566.096,9891346.79,-0.9829988,116.63658
WB09-INV09,15,16,4,9891347.625,459574.605,-0.9829913,116.6366565,104.74,20.759,107.6,19.86,0.251,459581.542,9891346.79,-0.9829988,116.6367189
WB09-INV09,16,17,4,9891347.625,459590.051,-0.9829913,116.6367953,99.12,13.666,146.2,7.7,0.308,459596.988,9891346.79,-0.9829988,116.6368577
WB09-INV09,17,18,4,9891347.625,459605.497,-0.9829913,116.6369342,96.64,21.649,124.7,18.07,0.071,459612.434,9891346.79,-0.9829988,116.6369965
WB09-INV09,18,25,6,9891339.525,459559.159,-0.9830645,116.6365177,105.45,5.771,131.3,4.34,0.281,459566.096,9891338.69,-0.9830721,116.63658
WB09-INV09,19,26,6,9891339.525,459574.605,-0.9830645,116.6366565,104.01,20.847,96.8,20.71,0.26,459581.542,9891338.69,-0.9830721,116.6367189
WB09-INV09,20,27,6,9891339.525,459590.051,-0.9830645,116.6367953,98.43,11.998,116.4,10.78,0.232,459596.988,9891338.69,-0.9830721,116.6368577
WB09-INV09,21,28,6,9891339.525,459605.497,-0.9830646,116.6369342,94.83,18.932,110.7,17.79,0.081,459612.434,9891338.69,-0.9830721,116.6369965
WB09-INV09,22,20,5,9891331.025,459559.159,-0.9831414,116.6365177,104.67,9.636,148.6,5.06,0.219,459566.096,9891330.19,-0.983149,116.63658
WB09-INV09,23,21,5,9891331.025,459574.605,-0.9831414,116.6366565,102.99,16.594,95.1,16.53,0.451,459581.542,9891330.19,-0.983149,116.6367189
WB09-INV09,24,22,5,9891331.025,459590.051,-0.9831415,116.6367953,97.73,11.553,103.1,11.26,0.171,459596.988,9891330.19,-0.983149,116.6368577
WB09-INV09,25,23,5,9891331.025,459605.497,-0.9831415,116.6369342,94.3,19.0,104.3,18.45,0.052,459612.434,9891330.19,-0.983149,116.6369965
WB09-INV10,1,1,1,9891323.325,459559.159,-0.9832111,116.6365177,104.26,6.36,117.9,5.63,0.148,459566.096,9891322.49,-0.9832186,116.63658
WB09-INV10,2,2,1,9891323.325,459574.605,-0.9832111,116.6366565,102.45,11.661,102.4,11.4,0.237,459581.542,9891322.49,-0.9832187,116.6367188
WB09-INV10,3,3,1,9891323.325,459590.051,-0.9832111,116.6367953,98.39,17.403,97.0,17.28,0.302,459596.988,9891322.49,-0.9832187,116.6368577
WB09-INV10,4,4,1,9891323.325,459605.497,-0.9832111,116.6369341,93.56,20.135,113.8,18.54,0.101,459612.434,9891322.49,-0.9832187,116.6369965
WB09-INV10,5,6,2,9891315.025,459559.159,-0.9832862,116.6365177,103.94,5.742,113.4,5.27,0.173,459566.096,9891314.19,-0.9832937,116.63658
WB09-INV10,6,7,2,9891315.025,459574.555,-0.9832862,116.636656,102.32,9.961,74.1,9.59,0.094,459581.542,9891314.19,-0.9832938,116.6367188
WB09-INV10,7,10,3,9891315.025,459590.051,-0.9832862,116.6367953,99.34,25.743,60.7,22.81,0.291,459596.988,9891314.19,-0.9832938,116.6368577
WB09-INV10,8,11,3,9891315.025,459605.497,-0.9832862,116.6369341,93.08,25.929,48.2,19.92,0.304,459612.434,9891314.19,-0.9832938,116.6369965
WB09-INV10,9,12,3,9891315.025,459620.943,-0.9832862,116.637073,88.4,23.121,29.4,11.84,0.407,459627.88,9891314.19,-0.9832938,116.6371353
WB09-INV10,10,8,2,9891307.125,459559.159,-0.9833576,116.6365176,101.98,,,,0.584,459566.096,9891306.29,-0.9833652,116.63658
WB09-INV10,11,9,2,9891307.125,459574.605,-0.9833577,116.6366565,102.35,8.924,58.0,7.59,0.146,459581.542,9891306.29,-0.9833652,116.6367188
WB09-INV10,12,13,3,9891307.125,459590.051,-0.9833577,116.6367953,100.16,17.546,82.1,17.39,0.15,459596.988,9891306.29,-0.9833652,116.6368577
WB09-INV10,13,16,4,9891307.125,459605.497,-0.9833577,116.6369341,95.2,18.138,47.6,13.6,0.158,459612.434,9891306.29,-0.9833653,116.6369965
WB09-INV10,14,17,4,9891307.125,459620.943,-0.9833577,116.637073,90.71,18.297,47.3,13.66,0.246,459627.88,9891306.29,-0.9833653,116.6371353
WB09-INV10,15,18,4,9891307.125,459636.389,-0.9833577,116.6372118,87.13,3.496,69.3,3.27,0.08,459643.326,9891306.29,-0.9833653,116.6372741
WB09-INV10,16,20,5,9891307.125,459651.835,-0.9833577,116.6373506,86.34,11.371,40.2,7.4,0.105,459658.772,9891306.29,-0.9833653,116.637413
WB09-INV10,17,25,6,9891300.525,459559.159,-0.9834174,116.6365176,99.82,15.93,235.7,-13.27,0.418,459566.096,9891299.69,-0.9834249,116.63658
WB09-INV10,18,26,6,9891300.122,459579.071,-0.983421,116.6366966,102.07,5.544,34.8,3.17,0.122,459581.542,9891299.69,-0.9834249,116.6367188
WB09-INV10,19,27,6,9891300.525,459590.051,-0.9834174,116.6367953,101.26,23.252,48.5,17.84,0.168,459596.988,9891299.69,-0.983425,116.6368576
WB09-INV10,20,28,6,9891300.525,459605.497,-0.9834174,116.6369341,96.17,16.506,57.7,14.06,0.288,459612.434,9891299.69,-0.983425,116.6369965
WB09-INV10,21,21,5,9891300.525,459620.943,-0.9834174,116.6370729,92.44,19.958,40.1,13.17,0.154,459627.88,9891299.69,-0.983425,116.6371353
WB09-INV10,22,22,5,9891300.525,459636.389,-0.9834174,116.6372118,88.54,14.702,37.7,9.12,0.127,459643.326,9891299.69,-0.983425,116.6372741
WB09-INV10,23,23,5,9891300.525,459651.835,-0.9834174,116.6373506,86.45,4.59,30.6,2.34,0.091,459658.772,9891299.69,-0.983425,116.637413
WB09-INV11,1,1,1,9891291.325,459522.309,-0.9835006,116.6361864,85.58,19.8,252.2,-18.92,0.256,459529.296,9891290.967,-0.9835038,116.6362492
WB09-INV11,2,2,1,9891291.325,459537.755,-0.9835006,116.6363253,90.81,17.813,239.3,-15.44,0.035,459544.742,9891290.967,-0.9835038,116.6363881
WB09-INV11,3,3,1,9891291.325,459553.201,-0.9835006,116.6364641,95.14,24.261,234.2,-20.08,0.108,459560.188,9891290.967,-0.9835038,116.6365269
WB09-INV11,4,6,2,9891290.849,459574.555,-0.9835049,116.636656,102.44,2.092,210.8,-1.07,0.291,459581.542,9891290.49,-0.9835082,116.6367188
WB09-INV11,5,7,2,9891290.849,459590.001,-0.9835049,116.6367948,102.36,15.421,34.5,8.88,0.185,459596.988,9891290.49,-0.9835082,116.6368576
WB09-INV11,6,15,4,9891290.849,459605.447,-0.9835049,116.6369337,99.99,28.59,55.0,24.06,0.35,459612.434,9891290.49,-0.9835082,116.6369965
WB09-INV11,7,16,4,9891290.849,459620.893,-0.983505,116.6370725,93.5,7.361,64.7,6.66,0.325,459627.88,9891290.49,-0.9835082,116.6371353
WB09-INV11,8,4,1,9891284.525,459537.755,-0.9835621,116.6363253,90.26,16.854,234.6,-13.87,0.088,459544.742,9891284.167,-0.9835653,116.6363881
WB09-INV11,9,10,3,9891277.625,459537.755,-0.9836245,116.6363252,88.84,16.727,228.5,-12.68,0.057,459544.742,9891277.267,-0.9836278,116.636388
WB09-INV11,10,11,3,9891277.625,459553.201,-0.9836245,116.6364641,92.39,20.484,236.9,-17.38,0.053,459560.188,9891277.267,-0.9836278,116.6365269
WB09-INV11,11,8,2,9891282.949,459574.555,-0.9835764,116.636656,100.33,10.097,228.0,-7.54,0.379,459581.542,9891282.59,-0.9835796,116.6367188
WB09-INV11,12,9,2,9891282.949,459590.001,-0.9835764,116.6367948,102.48,4.64,22.3,1.76,0.31,459596.988,9891282.59,-0.9835797,116.6368576
WB09-INV11,13,17,4,9891282.949,459605.447,-0.9835764,116.6369337,101.64,29.135,54.5,24.41,0.343,459612.434,9891282.59,-0.9835797,116.6369965
WB09-INV11,14,18,4,9891282.949,459620.893,-0.9835764,116.6370725,95.14,15.105,62.8,13.5,0.489,459627.88,9891282.59,-0.9835797,116.6371353
WB09-INV11,15,25,6,9891274.749,459574.555,-0.9836506,116.636656,98.78,14.955,251.1,-14.18,0.08,459581.542,9891274.39,-0.9836538,116.6367188
WB09-INV11,16,26,6,9891274.749,459590.001,-0.9836506,116.6367948,102.46,4.487,280.0,-4.42,0.088,459596.988,9891274.39,-0.9836538,116.6368576
WB09-INV11,17,20,5,9891274.749,459605.447,-0.9836506,116.6369336,103.5,22.928,54.0,18.89,0.496,459612.434,9891274.39,-0.9836539,116.6369965
WB09-INV11,18,21,5,9891274.749,459620.893,-0.9836506,116.6370725,97.55,,,,0.525,459627.88,9891274.39,-0.9836539,116.6371353
WB09-INV11,19,12,3,9891269.825,459537.755,-0.9836951,116.6363252,87.54,14.658,226.3,-10.71,0.034,459544.742,9891269.467,-0.9836983,116.636388
WB09-INV11,20,13,3,9891269.825,459553.201,-0.9836951,116.6364641,90.63,20.998,238.0,-18.03,0.103,459560.188,9891269.467,-0.9836983,116.6365269
WB09-INV11,21,27,6,9891267.449,459574.555,-0.9837166,116.636656,97.8,16.882,271.0,-16.88,0.121,459581.542,9891267.09,-0.9837199,116.6367188
WB09-INV11,22,28,6,9891267.449,459590.001,-0.9837166,116.6367948,102.66,7.285,322.5,-4.45,0.135,459596.988,9891267.09,-0.9837199,116.6368576
WB09-INV11,23,22,5,9891267.449,459605.447,-0.9837167,116.6369336,104.14,13.225,52.7,10.59,0.354,459612.434,9891267.09,-0.9837199,116.6369964
WB09-INV11,24,23,5,9891267.449,459620.893,-0.9837167,116.6370725,100.49,30.903,67.1,28.87,0.492,459627.88,9891267.09,-0.9837199,116.6371353
WB09-INV12,1,1,1,9891262.902,459537.755,-0.9837577,116.6363252,86.65,12.129,284.2,-11.77,0.103,459544.742,9891262.067,-0.9837653,116.636388
WB09-INV12,2,2,1,9891262.902,459553.201,-0.9837577,116.6364641,90.05,19.51,284.2,-18.96,0.16,459560.188,9891262.067,-0.9837653,116.6365269
WB09-INV12,3,3,1,9891256.702,459537.755,-0.9838138,116.6363252,87.51,25.468,335.1,-11.34,0.2,459544.742,9891255.867,-0.9838214,116.636388
WB09-INV12,4,4,1,9891256.702,459553.201,-0.9838138,116.636464,90.73,23.26,319.4,-15.63,0.338,459560.188,9891255.867,-0.9838214,116.6365269
WB09-INV12,5,10,3,9891250.502,459553.201,-0.9838699,116.636464,93.63,,,,0.592,459560.188,9891249.667,-0.9838775,116.6365268
WB09-INV12,6,11,3,9891260.825,459574.555,-0.9837765,116.636656,98.3,19.448,289.7,-18.39,0.117,459581.542,9891259.99,-0.9837841,116.6367188
WB09-INV12,7,12,3,9891260.825,459590.001,-0.9837766,116.6367948,103.32,5.732,324.4,-3.34,0.161,459596.988,9891259.99,-0.9837841,116.6368576
WB09-INV12,8,6,2,9891260.825,459605.447,-0.9837766,116.6369336,104.56,9.75,78.7,9.56,0.276,459612.434,9891259.99,-0.9837841,116.6369964
WB09-INV12,9,7,2,9891260.825,459620.893,-0.9837766,116.6370725,101.62,,,,0.523,459627.88,9891259.99,-0.9837842,116.6371353
WB09-INV12,10,13,3,9891254.225,459574.555,-0.9838363,116.636656,99.84,21.652,317.1,-15.12,0.278,459581.542,9891253.39,-0.9838438,116.6367188
WB09-INV12,11,,,9891254.225,459590.001,-0.9838363,116.6367948,104.28,2.528,328.8,-1.31,0.055,459596.988,9891253.39,-0.9838438,116.6368576
WB09-INV12,12,8,2,9891254.225,459605.447,-0.9838363,116.6369336,104.61,,,,0.551,459612.434,9891253.39,-0.9838438,116.6369964
WB09-INV12,13,9,2,9891254.225,459620.893,-0.9838363,116.6370725,100.78,,,,0.575,459627.88,9891253.39,-0.9838439,116.6371353
WB09-INV12,14,17,4,9891247.925,459574.555,-0.9838932,116.636656,102.68,10.996,318.3,-7.37,0.141,459581.542,9891247.09,-0.9839008,116.6367188
WB09-INV12,15,18,4,9891247.925,459590.001,-0.9838933,116.6367948,104.79,0.268,152.9,0.12,0.059,459596.988,9891247.09,-0.9839008,116.6368576
WB09-INV12,16,25,6,9891247.925,459605.447,-0.9838933,116.6369336,104.69,,,,0.556,459612.434,9891247.09,-0.9839008,116.6369964
WB09-INV12,17,20,5,9891247.925,459620.893,-0.9838933,116.6370724,98.94,17.078,49.7,13.19,0.338,459627.88,9891247.09,-0.9839009,116.6371353
WB09-INV12,18,26,6,9891241.725,459543.663,-0.9839493,116.6363783,95.19,32.079,327.4,-18.66,0.425,459550.65,9891240.89,-0.9839569,116.6364411
WB09-INV12,19,27,6,9891241.725,459559.109,-0.9839493,116.6365171,99.82,23.527,324.5,-14.19,0.214,459566.096,9891240.89,-0.9839569,116.6365799
WB09-INV12,20,28,6,9891241.713,459574.555,-0.9839495,116.636656,104.03,6.09,343.2,-1.77,0.166,459581.542,9891240.89,-0.9839569,116.6367188
WB09-INV12,21,21,5,9891241.725,459590.001,-0.9839494,116.6367948,104.64,0.872,39.7,0.56,0.059,459596.988,9891240.89,-0.9839569,116.6368576
WB09-INV12,22,22,5,9891241.725,459605.447,-0.9839494,116.6369336,104.31,25.895,113.5,24.0,0.222,459612.434,9891240.89,-0.9839569,116.6369964
WB09-INV12,23,23,5,9891241.725,459620.893,-0.9839494,116.6370724,98.11,12.081,4.4,0.94,0.49,459627.88,9891240.89,-0.983957,116.6371352
WB09-INV13,1,1,1,9891234.987,459543.663,-0.9840103,116.6363783,97.87,27.079,321.0,-17.84,0.16,459550.65,9891234.29,-0.9840166,116.6364411
WB09-INV13,2,2,1,9891234.987,459559.109,-0.9840103,116.6365171,102.82,13.158,315.6,-9.29,0.1,459566.096,9891234.29,-0.9840166,116.6365799
WB09-INV13,3,10,3,9891234.987,459574.555,-0.9840103,116.636656,105.19,2.626,40.4,1.7,0.058,459581.542,9891234.29,-0.9840166,116.6367188
WB09-INV13,4,11,3,9891234.987,459590.001,-0.9840103,116.6367948,104.82,3.145,92.0,3.14,0.138,459596.988,9891234.29,-0.9840166,116.6368576
WB09-INV13,5,25,6,9891234.987,459605.447,-0.9840103,116.6369336,103.73,,,,0.594,459612.434,9891234.29,-0.9840166,116.6369964
WB09-INV13,6,20,5,9891234.987,459620.893,-0.9840103,116.6370724,98.11,,,,0.848,459627.88,9891234.29,-0.9840167,116.6371352
WB09-INV13,7,3,1,9891228.687,459543.663,-0.9840673,116.6363783,101.23,16.124,322.2,-10.05,0.19,459550.65,9891227.99,-0.9840736,116.6364411
WB09-INV13,8,4,1,9891228.687,459559.109,-0.9840673,116.6365171,104.08,6.281,304.3,-5.2,0.097,459566.096,9891227.99,-0.9840736,116.6365799
WB09-INV13,9,12,3,9891228.687,459574.555,-0.9840673,116.6366559,105.3,0.681,96.7,0.68,0.041,459581.542,9891227.99,-0.9840736,116.6367188
WB09-INV13,10,13,3,9891228.687,459590.001,-0.9840673,116.6367948,105.05,10.774,126.5,8.7,0.345,459596.988,9891227.99,-0.9840736,116.6368576
WB09-INV13,11,26,6,9891228.687,459604.947,-0.9840673,116.6369291,102.56,,,,0.77,459612.434,9891227.99,-0.9840736,116.6369964
WB09-INV13,12,21,5,9891228.687,459620.893,-0.9840673,116.6370724,97.74,,,,0.812,459627.88,9891227.99,-0.9840737,116.6371352
WB09-INV13,13,6,2,9891221.387,459543.663,-0.9841333,116.6363783,103.42,6.193,312.6,-4.57,0.105,459550.65,9891220.69,-0.9841396,116.6364411
WB09-INV13,14,7,2,9891221.387,459559.109,-0.9841333,116.6365171,104.67,2.747,232.0,-2.17,0.126,459566.096,9891220.69,-0.9841396,116.6365799
WB09-INV13,15,15,4,9891221.274,459577.994,-0.9841344,116.6366869,105.0,4.149,189.3,-0.67,0.068,459581.542,9891220.69,-0.9841397,116.6367187
WB09-INV13,16,16,4,9891221.387,459590.001,-0.9841334,116.6367948,104.92,23.424,124.8,19.58,0.398,459596.988,9891220.69,-0.9841397,116.6368576
WB09-INV13,17,27,6,9891221.387,459605.513,-0.9841334,116.6369342,99.36,,,,0.805,459612.501,9891220.69,-0.9841397,116.636997
WB09-INV13,18,28,6,9891221.387,459620.893,-0.9841334,116.6370724,97.99,24.646,127.6,19.98,0.416,459627.88,9891220.69,-0.9841397,116.6371352
WB09-INV13,19,8,2,9891212.687,459543.663,-0.984212,116.6363783,103.51,8.32,210.7,-4.27,0.187,459550.65,9891211.99,-0.9842183,116.6364411
WB09-INV13,20,9,2,9891212.687,459559.109,-0.984212,116.6365171,104.43,5.571,169.7,1.0,0.221,459566.096,9891211.99,-0.9842184,116.6365799
WB09-INV13,21,17,4,9891212.687,459574.555,-0.9842121,116.6366559,103.72,8.649,184.0,-0.61,0.338,459581.542,9891211.99,-0.9842184,116.6367187
WB09-INV13,22,18,4,9891212.687,459590.001,-0.9842121,116.6367948,103.4,34.831,129.9,28.09,0.384,459596.988,9891211.99,-0.9842184,116.6368576
WB09-INV13,23,22,5,9891212.687,459605.447,-0.9842121,116.6369336,95.53,13.356,190.1,-2.38,0.263,459612.434,9891211.99,-0.9842184,116.6369964
WB09-INV13,24,23,5,9891212.687,459620.893,-0.9842121,116.6370724,95.09,13.038,135.4,9.24,0.27,459627.88,9891211.99,-0.9842184,116.6371352
WB09-INV14,1,1,1,9891371.825,459636.389,-0.9827724,116.6372118,93.93,8.081,125.2,6.62,0.097,459643.326,9891370.99,-0.9827799,116.6372742
WB09-INV14,2,2,1,9891371.825,459651.835,-0.9827724,116.6373507,91.78,18.395,42.4,12.64,0.187,459658.772,9891370.99,-0.98278,116.637413
WB09-INV14,3,3,1,9891371.825,459667.281,-0.9827724,116.6374895,88.02,18.839,1.6,0.55,0.146,459674.218,9891370.99,-0.98278,116.6375519
WB09-INV14,4,10,3,9891371.825,459682.727,-0.9827724,116.6376283,87.63,15.613,24.8,6.69,0.06,459689.664,9891370.99,-0.98278,116.6376907
WB09-INV14,5,11,3,9891371.825,459698.173,-0.9827724,116.6377672,85.82,16.869,27.6,8.0,0.114,459705.11,9891370.99,-0.98278,116.6378295
WB09-INV14,6,12,3,9891371.825,459713.619,-0.9827724,116.637906,83.35,22.314,33.8,12.86,0.071,459720.556,9891370.99,-0.98278,116.6379683
WB09-INV14,7,4,1,9891364.325,459667.281,-0.9828403,116.6374895,90.25,5.742,50.0,4.4,0.045,459674.218,9891363.49,-0.9828478,116.6375518
WB09-INV14,8,5,2,9891364.325,459682.727,-0.9828403,116.6376283,89.03,7.276,60.8,6.36,0.056,459689.664,9891363.49,-0.9828478,116.6376907
WB09-INV14,9,13,3,9891364.325,459698.173,-0.9828403,116.6377671,87.31,11.368,46.3,8.27,0.073,459705.11,9891363.49,-0.9828479,116.6378295
WB09-INV14,10,14,3,9891364.325,459713.619,-0.9828403,116.637906,85.0,11.581,53.2,9.32,0.079,459720.556,9891363.49,-0.9828479,116.6379683
WB09-INV14,11,6,2,9891356.492,459670.56,-0.9829111,116.637519,89.99,5.287,130.6,4.02,0.036,459674.218,9891355.79,-0.9829175,116.6375518
WB09-INV14,12,7,2,9891356.625,459682.727,-0.9829099,116.6376283,89.07,5.974,101.7,5.85,0.05,459689.664,9891355.79,-0.9829175,116.6376907
WB09-INV14,13,8,2,9891356.625,459698.173,-0.98291,116.6377671,87.42,6.752,95.3,6.72,0.101,459705.11,9891355.79,-0.9829175,116.6378295
WB09-INV14,14,9,2,9891356.625,459713.619,-0.98291,116.637906,85.37,8.89,83.0,8.82,0.046,459720.556,9891355.79,-0.9829175,116.6379683
WB09-INV14,15,15,4,9891347.625,459636.389,-0.9829913,116.6372118,88.25,14.009,207.0,-6.46,0.34,459643.326,9891346.79,-0.9829989,116.6372742
WB09-INV14,16,16,4,9891347.625,459651.835,-0.9829913,116.6373506,89.82,11.079,172.4,1.48,0.079,459658.772,9891346.79,-0.9829989,116.637413
WB09-INV14,17,17,4,9891347.625,459667.281,-0.9829913,116.6374895,89.22,8.588,165.8,2.12,0.046,459674.218,9891346.79,-0.9829989,116.6375518
WB09-INV14,18,18,4,9891347.625,459682.727,-0.9829914,116.6376283,88.62,6.826,139.6,4.44,0.041,459689.664,9891346.79,-0.9829989,116.6376907
WB09-INV14,19,25,6,9891347.625,459698.173,-0.9829914,116.6377671,87.4,10.202,126.5,8.23,0.053,459705.11,9891346.79,-0.9829989,116.6378295
WB09-INV14,20,26,6,9891347.625,459713.619,-0.9829914,116.637906,85.3,7.848,110.9,7.34,0.077,459720.556,9891346.79,-0.982999,116.6379683
WB09-INV14,21,20,5,9891339.525,459667.281,-0.9830646,116.6374895,87.25,15.706,185.1,-1.43,0.098,459674.218,9891338.69,-0.9830722,116.6375518
WB09-INV14,22,21,5,9891339.525,459682.727,-0.9830646,116.6376283,87.51,9.279,159.4,3.29,0.142,459689.664,9891338.69,-0.9830722,116.6376906
WB09-INV14,23,27,6,9891339.525,459698.173,-0.9830647,116.6377671,86.44,9.957,127.1,7.97,0.051,459705.11,9891338.69,-0.9830722,116.6378295
WB09-INV14,24,28,6,9891339.525,459713.619,-0.9830647,116.6379059,84.37,19.152,153.1,8.93,0.239,459720.556,9891338.69,-0.9830722,116.6379683
WB09-INV14,25,22,5,9891331.025,459682.727,-0.9831415,116.6376283,85.2,15.614,182.4,-0.67,0.245,459689.664,9891330.19,-0.9831491,116.6376906
WB09-INV14,26,23,5,9891331.025,459698.173,-0.9831416,116.6377671,85.02,15.455,152.0,7.4,0.065,459705.11,9891330.19,-0.9831491,116.6378295
WB09-INV15,1,1,1,9891291.325,459636.339,-0.9835007,116.6372113,91.29,16.672,43.7,11.69,0.087,459643.326,9891290.49,-0.9835082,116.6372741
WB09-INV15,2,2,1,9891291.325,459651.785,-0.9835007,116.6373501,88.06,12.502,31.8,6.66,0.126,459658.772,9891290.49,-0.9835082,116.6374129
WB09-INV15,3,6,2,9891291.325,459667.231,-0.9835007,116.637489,86.19,8.261,42.7,5.62,0.071,459674.218,9891290.49,-0.9835083,116.6375518
WB09-INV15,4,7,2,9891291.325,459682.677,-0.9835007,116.6376278,84.83,8.666,24.7,3.64,0.103,459689.664,9891290.49,-0.9835083,116.6376906
WB09-INV15,5,8,2,9891291.325,459698.123,-0.9835007,116.6377666,83.89,8.225,43.7,5.7,0.085,459705.11,9891290.49,-0.9835083,116.6378294
WB09-INV15,6,9,2,9891291.325,459713.569,-0.9835007,116.6379055,82.49,13.426,56.3,11.23,0.15,459720.556,9891290.49,-0.9835083,116.6379683
WB09-INV15,7,3,1,9891283.425,459636.339,-0.9835721,116.6372113,91.96,11.067,45.8,7.98,0.195,459643.326,9891282.59,-0.9835797,116.6372741
WB09-INV15,8,4,1,9891283.425,459651.785,-0.9835722,116.6373501,89.88,16.405,27.7,7.79,0.082,459658.772,9891282.59,-0.9835797,116.6374129
WB09-INV15,9,10,3,9891283.425,459667.231,-0.9835722,116.637489,87.72,11.927,13.5,2.82,0.211,459674.218,9891282.59,-0.9835797,116.6375518
WB09-INV15,10,11,3,9891283.425,459682.677,-0.9835722,116.6376278,86.82,13.908,44.8,9.9,0.159,459689.664,9891282.59,-0.9835797,116.6376906
WB09-INV15,11,12,3,9891283.425,459698.123,-0.9835722,116.6377666,84.31,4.606,70.3,4.34,0.055,459705.11,9891282.59,-0.9835798,116.6378294
WB09-INV15,12,13,3,9891283.425,459713.569,-0.9835722,116.6379054,83.35,9.026,55.2,7.43,0.201,459720.556,9891282.59,-0.9835798,116.6379682
WB09-INV15,13,14,3,9891275.225,459636.339,-0.9836463,116.6372113,92.34,5.788,48.3,4.33,0.111,459643.326,9891274.39,-0.9836539,116.6372741
WB09-INV15,14,15,4,9891275.225,459651.785,-0.9836463,116.6373501,91.18,8.63,41.2,5.71,0.105,459658.772,9891274.39,-0.9836539,116.6374129
WB09-INV15,15,16,4,9891275.225,459667.231,-0.9836464,116.637489,89.4,10.91,37.6,6.71,0.179,459674.218,9891274.39,-0.9836539,116.6375518
WB09-INV15,16,17,4,9891275.225,459682.677,-0.9836464,116.6376278,87.94,12.493,45.5,8.98,0.144,459689.664,9891274.39,-0.9836539,116.6376906
WB09-INV15,17,18,4,9891275.225,459698.123,-0.9836464,116.6377666,85.48,12.594,37.2,7.69,0.096,459705.11,9891274.39,-0.983654,116.6378294
WB09-INV15,18,25,6,9891275.225,459713.569,-0.9836464,116.6379054,83.38,4.644,56.3,3.87,0.128,459720.556,9891274.39,-0.983654,116.6379682
WB09-INV15,19,26,6,9891275.225,459729.015,-0.9836464,116.6380443,82.23,9.806,75.3,9.49,0.06,459736.002,9891274.39,-0.983654,116.6381071
WB09-INV15,20,27,6,9891267.925,459636.339,-0.9837124,116.6372113,92.72,5.251,22.9,2.05,0.142,459643.326,9891267.09,-0.9837199,116.6372741
WB09-INV15,21,28,6,9891267.925,459651.785,-0.9837124,116.6373501,92.43,10.608,49.0,8.05,0.122,459658.772,9891267.09,-0.9837199,116.6374129
WB09-INV15,22,20,5,9891267.925,459667.231,-0.9837124,116.6374889,90.52,12.352,35.4,7.23,0.142,459674.218,9891267.09,-0.98372,116.6375518
WB09-INV15,23,21,5,9891267.925,459682.677,-0.9837124,116.6376278,89.02,10.344,55.5,8.55,0.232,459689.664,9891267.09,-0.98372,116.6376906
WB09-INV15,24,22,5,9891267.925,459698.123,-0.9837124,116.6377666,86.4,8.077,22.3,3.08,0.232,459705.11,9891267.09,-0.98372,116.6378294
WB09-INV15,25,23,5,9891267.925,459713.569,-0.9837124,116.6379054,85.13,17.979,42.2,12.3,0.131,459720.556,9891267.09,-0.98372,116.6379682
WB09-INV16,1,1,1,9891267.925,459729.015,-0.9837125,116.6380443,82.14,10.47,82.2,10.38,0.097,459736.002,9891267.09,-0.98372,116.6381071
WB09-INV16,2,6,2,9891260.825,459636.339,-0.9837766,116.6372113,93.36,6.483,40.8,4.25,0.242,459643.326,9891259.99,-0.9837842,116.6372741
WB09-INV16,3,7,2,9891260.825,459651.785,-0.9837766,116.6373501,92.77,7.6,82.4,7.53,0.128,459658.772,9891259.99,-0.9837842,116.6374129
WB09-INV16,4,8,2,9891260.825,459667.681,-0.9837766,116.637493,91.08,6.606,87.1,6.6,0.134,459674.218,9891259.99,-0.9837842,116.6375517
WB09-INV16,5,9,2,9891260.825,459682.677,-0.9837766,116.6376278,89.5,12.579,109.1,11.91,0.173,459689.664,9891259.99,-0.9837842,116.6376906
WB09-INV16,6,10,3,9891260.825,459698.123,-0.9837767,116.6377666,86.33,0.506,272.7,-0.51,0.148,459705.11,9891259.99,-0.9837842,116.6378294
WB09-INV16,7,2,1,9891260.825,459713.569,-0.9837767,116.6379054,86.13,10.492,71.2,9.94,0.174,459720.556,9891259.99,-0.9837842,116.6379682
WB09-INV16,8,3,1,9891260.825,459729.015,-0.9837767,116.6380442,83.3,19.269,52.8,15.56,0.183,459736.002,9891259.99,-0.9837843,116.6381071
WB09-INV16,9,4,1,9891260.825,459745.022,-0.9837767,116.6381881,79.59,10.494,55.0,8.63,0.077,459751.448,9891259.99,-0.9837843,116.6382459
WB09-INV16,10,15,4,9891254.225,459636.9,-0.9838363,116.6372163,94.04,6.816,77.2,6.65,0.26,459643.326,9891253.39,-0.9838439,116.6372741
WB09-INV16,11,16,4,9891254.225,459652.346,-0.9838363,116.6373552,92.36,9.601,136.0,6.7,0.113,459658.772,9891253.39,-0.9838439,116.6374129
WB09-INV16,12,11,3,9891254.225,459667.792,-0.9838363,116.637494,90.69,6.129,137.5,4.15,0.067,459674.218,9891253.39,-0.9838439,116.6375517
WB09-INV16,13,12,3,9891254.225,459683.688,-0.9838364,116.6376369,89.35,11.42,65.3,10.4,0.15,459689.664,9891253.39,-0.9838439,116.6376906
WB09-INV16,14,13,3,9891254.225,459698.684,-0.9838364,116.6377716,86.33,2.898,74.7,2.8,0.156,459705.11,9891253.39,-0.9838439,116.6378294
WB09-INV16,15,14,3,9891254.225,459714.13,-0.9838364,116.6379105,85.68,3.312,83.5,3.29,0.057,459720.556,9891253.39,-0.983844,116.6379682
WB09-INV16,16,25,6,9891254.225,459729.576,-0.9838364,116.6380493,84.71,15.428,65.2,14.06,0.124,459736.002,9891253.39,-0.983844,116.638107
WB09-INV16,17,26,6,9891254.225,459745.022,-0.9838364,116.6381881,80.82,14.529,46.9,10.72,0.094,459751.448,9891253.39,-0.983844,116.6382459
WB09-INV16,18,17,4,9891247.925,459636.9,-0.9838933,116.6372163,94.86,11.343,53.8,9.2,0.151,459643.326,9891247.09,-0.9839009,116.6372741
WB09-INV16,19,18,4,9891247.925,459652.346,-0.9838933,116.6373551,92.2,8.148,93.6,8.13,0.06,459658.772,9891247.09,-0.9839009,116.6374129
WB09-INV16,20,20,5,9891247.925,459667.792,-0.9838933,116.637494,90.3,4.236,108.0,4.03,0.034,459674.218,9891247.09,-0.9839009,116.6375517
WB09-INV16,21,21,5,9891247.925,459683.688,-0.9838934,116.6376368,89.09,5.195,108.3,4.93,0.101,459689.664,9891247.09,-0.9839009,116.6376906
WB09-INV16,22,22,5,9891247.925,459698.684,-0.9838934,116.6377716,87.19,6.647,74.4,6.4,0.215,459705.11,9891247.09,-0.9839009,116.6378294
WB09-INV16,23,23,5,9891247.925,459714.13,-0.9838934,116.6379105,85.68,4.995,122.5,4.22,0.072,459720.556,9891247.09,-0.983901,116.6379682
WB09-INV16,24,27,6,9891247.925,459729.576,-0.9838934,116.6380493,84.38,9.978,102.9,9.73,0.136,459736.002,9891247.09,-0.983901,116.638107
WB09-INV16,25,28,6,9891247.925,459745.022,-0.9838934,116.6381881,81.54,13.34,45.1,9.53,0.048,459751.448,9891247.09,-0.983901,116.6382459
WB09-INV17,1,1,1,9891241.725,459636.9,-0.9839494,116.6372163,96.67,16.378,93.6,16.35,0.243,459643.326,9891240.89,-0.983957,116.6372741
WB09-INV17,2,2,1,9891241.725,459652.346,-0.9839494,116.6373551,92.24,6.423,81.2,6.35,0.196,459658.772,9891240.89,-0.983957,116.6374129
WB09-INV17,3,10,3,9891241.725,459667.792,-0.9839494,116.637494,90.52,10.854,34.3,6.17,0.24,459674.218,9891240.89,-0.983957,116.6375517
WB09-INV17,4,16,4,9891241.725,459683.238,-0.9839494,116.6376328,88.86,5.825,112.1,5.4,0.114,459689.664,9891240.89,-0.983957,116.6376906
WB09-INV17,5,6,2,9891241.725,459698.684,-0.9839495,116.6377716,87.12,8.561,73.7,8.22,0.145,459705.11,9891240.89,-0.983957,116.6378294
WB09-INV17,6,25,6,9891241.725,459714.13,-0.9839495,116.6379104,85.31,5.141,130.0,3.94,0.095,459720.556,9891240.89,-0.983957,116.6379682
WB09-INV17,7,26,6,9891241.725,459729.576,-0.9839495,116.6380493,84.02,6.648,54.3,5.41,0.132,459736.002,9891240.89,-0.9839571,116.638107
WB09-INV17,8,27,6,9891241.725,459745.022,-0.9839495,116.6381881,82.59,10.617,77.1,10.35,0.08,459751.448,9891240.89,-0.9839571,116.6382459
WB09-INV17,9,3,1,9891235.125,459636.9,-0.9840091,116.6372163,96.41,18.008,115.8,16.31,0.355,459643.326,9891234.29,-0.9840167,116.6372741
WB09-INV17,10,7,2,9891235.125,459652.346,-0.9840091,116.6373551,91.85,2.835,58.3,2.41,0.182,459658.772,9891234.29,-0.9840167,116.6374129
WB09-INV17,11,11,3,9891235.125,459667.792,-0.9840091,116.637494,91.72,10.578,84.1,10.52,0.404,459674.218,9891234.29,-0.9840167,116.6375517
WB09-INV17,12,17,4,9891235.125,459683.688,-0.9840092,116.6376368,88.95,4.714,47.3,3.47,0.088,459689.664,9891234.29,-0.9840167,116.6376905
WB09-INV17,13,8,2,9891235.125,459698.684,-0.9840092,116.6377716,88.21,14.5,76.2,14.1,0.205,459705.11,9891234.29,-0.9840167,116.6378294
WB09-INV17,14,28,6,9891235.125,459714.13,-0.9840092,116.6379104,85.14,2.731,72.6,2.61,0.15,459720.556,9891234.29,-0.9840168,116.6379682
WB09-INV17,15,20,5,9891235.125,459729.576,-0.9840092,116.6380493,84.09,6.35,119.4,5.54,0.061,459736.002,9891234.29,-0.9840168,116.638107
WB09-INV17,16,21,5,9891235.125,459745.022,-0.9840092,116.6381881,82.51,9.71,114.9,8.82,0.111,459751.448,9891234.29,-0.9840168,116.6382459
WB09-INV17,17,4,1,9891228.825,459636.9,-0.9840661,116.6372163,94.42,5.992,106.9,5.73,0.377,459643.326,9891227.99,-0.9840737,116.6372741
WB09-INV17,18,12,3,9891228.825,459652.346,-0.9840661,116.6373551,92.48,7.881,87.6,7.87,0.288,459658.772,9891227.99,-0.9840737,116.6374129
WB09-INV17,19,13,3,9891228.825,459667.792,-0.9840661,116.637494,91.04,10.969,142.0,6.8,0.177,459674.218,9891227.99,-0.9840737,116.6375517
WB09-INV17,20,18,4,9891228.751,459685.579,-0.9840668,116.6376538,88.91,2.459,45.2,1.75,0.123,459689.664,9891227.99,-0.9840737,116.6376905
WB09-INV17,21,9,2,9891228.825,459698.684,-0.9840662,116.6377716,88.62,15.893,76.1,15.45,0.19,459705.11,9891227.99,-0.9840737,116.6378294
WB09-INV17,22,22,5,9891228.825,459714.13,-0.9840662,116.6379104,85.27,3.372,117.0,3.01,0.092,459720.556,9891227.99,-0.9840738,116.6379682
WB09-INV17,23,23,5,9891228.825,459729.576,-0.9840662,116.6380493,84.15,7.09,64.4,6.4,0.067,459736.002,9891227.99,-0.9840738,116.638107
WB09-INV18,1,1,1,9891221.525,459636.389,-0.9841322,116.6372117,93.07,7.762,318.9,-5.12,0.244,459643.326,9891220.69,-0.9841397,116.6372741
WB09-INV18,2,10,3,9891221.525,459651.835,-0.9841322,116.6373505,93.44,11.347,88.6,11.34,0.343,459658.772,9891220.69,-0.9841397,116.6374129
WB09-INV18,3,6,2,9891221.525,459667.281,-0.9841322,116.6374894,90.48,3.772,79.4,3.71,0.048,459674.218,9891220.69,-0.9841397,116.6375517
WB09-INV18,4,15,4,9891221.525,459683.177,-0.9841322,116.6376322,89.3,2.469,50.6,1.91,0.089,459689.664,9891220.69,-0.9841398,116.6376905
WB09-INV18,5,25,6,9891221.525,459698.173,-0.9841322,116.637767,88.8,15.56,94.7,15.51,0.134,459705.11,9891220.69,-0.9841398,116.6378294
WB09-INV18,6,16,4,9891221.525,459713.619,-0.9841322,116.6379058,84.95,2.271,79.4,2.23,0.054,459720.556,9891220.69,-0.9841398,116.6379682
WB09-INV18,7,20,5,9891221.525,459729.065,-0.9841322,116.6380447,84.33,6.25,85.2,6.23,0.127,459736.002,9891220.69,-0.9841398,116.638107
WB09-INV18,8,2,1,9891212.825,459636.389,-0.9842109,116.6372117,92.93,12.253,161.1,4.02,0.432,459643.326,9891211.99,-0.9842184,116.637274
WB09-INV18,9,11,3,9891212.825,459651.835,-0.9842109,116.6373505,91.94,7.54,135.0,5.35,0.178,459658.772,9891211.99,-0.9842184,116.6374129
WB09-INV18,10,7,2,9891212.825,459667.281,-0.9842109,116.6374893,90.33,3.694,50.2,2.84,0.082,459674.218,9891211.99,-0.9842185,116.6375517
WB09-INV18,11,17,4,9891212.825,459682.727,-0.9842109,116.6376282,89.33,3.662,73.9,3.52,0.187,459689.664,9891211.99,-0.9842185,116.6376905
WB09-INV18,12,18,4,9891212.825,459698.173,-0.9842109,116.637767,88.38,14.575,95.8,14.5,0.149,459705.11,9891211.99,-0.9842185,116.6378294
WB09-INV18,13,21,5,9891212.825,459713.619,-0.9842109,116.6379058,84.89,4.851,152.7,2.23,0.066,459720.556,9891211.99,-0.9842185,116.6379682
WB09-INV18,14,22,5,9891212.825,459729.065,-0.984211,116.6380447,84.05,8.142,120.1,7.06,0.086,459736.002,9891211.99,-0.9842185,116.638107
WB09-INV18,15,3,1,9891204.125,459574.605,-0.9842895,116.6366564,101.93,,,,0.511,459581.542,9891203.29,-0.9842971,116.6367187
WB09-INV18,16,12,3,9891204.125,459590.051,-0.9842895,116.6367952,100.47,29.544,120.2,26.1,0.467,459596.988,9891203.29,-0.9842971,116.6368576
WB09-INV18,17,4,1,9891204.125,459605.497,-0.9842895,116.636934,93.68,1.851,227.5,-1.36,0.101,459612.434,9891203.29,-0.9842971,116.6369964
WB09-INV18,18,13,3,9891204.125,459620.943,-0.9842896,116.6370729,93.85,7.107,98.2,7.04,0.155,459627.88,9891203.29,-0.9842971,116.6371352
WB09-INV18,19,14,3,9891204.125,459636.389,-0.9842896,116.6372117,92.29,6.688,126.2,5.41,0.092,459643.326,9891203.29,-0.9842971,116.637274
WB09-INV18,20,8,2,9891204.125,459651.835,-0.9842896,116.6373505,91.01,3.131,103.3,3.05,0.04,459658.772,9891203.29,-0.9842972,116.6374129
WB09-INV18,21,9,2,9891204.125,459667.281,-0.9842896,116.6374893,90.32,2.012,86.5,2.01,0.22,459674.218,9891203.29,-0.9842972,116.6375517
WB09-INV18,22,26,6,9891204.125,459682.727,-0.9842896,116.6376282,89.37,6.17,138.9,4.06,0.107,459689.664,9891203.29,-0.9842972,116.6376905
WB09-INV18,23,27,6,9891204.125,459698.173,-0.9842896,116.637767,87.9,14.448,115.8,13.06,0.109,459705.11,9891203.29,-0.9842972,116.6378293
WB09-INV18,24,28,6,9891204.125,459713.619,-0.9842896,116.6379058,84.39,8.181,130.1,6.28,0.092,459720.556,9891203.29,-0.9842972,116.6379682
WB09-INV18,25,23,5,9891204.125,459729.065,-0.9842897,116.6380446,82.94,15.098,155.6,6.36,0.067,459736.002,9891203.29,-0.9842972,116.638107
WB09-INV19,1,1,1,9891195.325,459574.605,-0.9843691,116.6366564,99.79,,,,0.566,459581.542,9891194.49,-0.9843767,116.6367187
WB09-INV19,2,2,1,9891195.325,459590.051,-0.9843691,116.6367952,97.45,17.644,103.1,17.21,0.182,459596.988,9891194.49,-0.9843767,116.6368575
WB09-INV19,3,3,1,9891195.325,459605.497,-0.9843692,116.636934,92.98,8.178,209.4,-4.04,0.181,459612.434,9891194.49,-0.9843767,116.6369964
WB09-INV19,4,4,1,9891195.325,459620.943,-0.9843692,116.6370728,93.78,14.29,150.9,7.06,0.201,459627.88,9891194.49,-0.9843767,116.6371352
WB09-INV19,5,6,2,9891195.325,459636.389,-0.9843692,116.6372117,92.01,6.653,127.7,5.27,0.113,459643.326,9891194.49,-0.9843768,116.637274
WB09-INV19,6,7,2,9891195.325,459651.835,-0.9843692,116.6373505,90.86,3.621,10.4,0.65,0.135,459658.772,9891194.49,-0.9843768,116.6374129
WB09-INV19,7,15,4,9891195.325,459667.281,-0.9843692,116.6374893,90.48,16.158,145.9,9.23,0.161,459674.218,9891194.49,-0.9843768,116.6375517
WB09-INV19,8,16,4,9891195.325,459682.727,-0.9843692,116.6376282,88.18,15.296,152.0,7.32,0.061,459689.664,9891194.49,-0.9843768,116.6376905
WB09-INV19,9,25,6,9891195.325,459698.173,-0.9843692,116.637767,86.13,7.023,104.9,6.79,0.081,459705.11,9891194.49,-0.9843768,116.6378293
WB09-INV19,10,26,6,9891195.325,459714.416,-0.9843693,116.637913,84.15,7.728,81.8,7.65,0.041,459720.556,9891194.49,-0.9843768,116.6379682
WB09-INV19,11,27,6,9891195.325,459729.862,-0.9843693,116.6380518,81.99,9.342,70.1,8.79,0.059,459736.002,9891194.49,-0.9843768,116.638107
WB09-INV19,12,10,3,9891186.325,459574.923,-0.9844506,116.6366592,97.05,17.825,174.0,1.93,0.417,459581.542,9891185.49,-0.9844581,116.6367187
WB09-INV19,13,11,3,9891186.325,459590.369,-0.9844506,116.636798,95.64,19.428,130.1,15.1,0.229,459596.988,9891185.49,-0.9844581,116.6368575
WB09-INV19,14,12,3,9891186.325,459605.815,-0.9844506,116.6369369,91.47,10.71,221.2,-7.1,0.232,459612.434,9891185.49,-0.9844581,116.6369964
WB09-INV19,15,13,3,9891186.325,459621.261,-0.9844506,116.6370757,91.98,2.583,125.1,2.11,0.293,459627.88,9891185.49,-0.9844582,116.6371352
WB09-INV19,16,8,2,9891186.325,459636.707,-0.9844506,116.6372145,91.52,8.655,118.1,7.65,0.101,459643.326,9891185.49,-0.9844582,116.637274
WB09-INV19,17,9,2,9891186.325,459652.153,-0.9844506,116.6373534,89.99,16.781,159.4,6.06,0.138,459658.772,9891185.49,-0.9844582,116.6374128
WB09-INV19,18,17,4,9891186.325,459667.599,-0.9844506,116.6374922,88.26,12.29,140.1,7.96,0.139,459674.218,9891185.49,-0.9844582,116.6375517
WB09-INV19,19,18,4,9891186.325,459683.045,-0.9844507,116.637631,86.18,3.048,135.0,2.16,0.059,459689.664,9891185.49,-0.9844582,116.6376905
WB09-INV19,20,20,5,9891186.325,459698.491,-0.9844507,116.6377698,85.67,7.441,133.7,5.39,0.082,459705.11,9891185.49,-0.9844582,116.6378293
WB09-INV19,21,21,5,9891186.325,459713.937,-0.9844507,116.6379087,84.21,8.496,121.7,7.24,0.095,459720.556,9891185.49,-0.9844583,116.6379682
WB09-INV19,22,28,6,9891186.325,459729.383,-0.9844507,116.6380475,82.49,7.24,110.2,6.8,0.063,459736.002,9891185.49,-0.9844583,116.638107
WB09-INV19,23,22,5,9891177.325,459698.491,-0.9845321,116.6377698,84.66,12.53,142.5,7.7,0.087,459705.11,9891176.49,-0.9845397,116.6378293
WB09-INV19,24,23,5,9891177.325,459713.937,-0.9845321,116.6379087,82.38,14.419,158.4,5.41,0.063,459720.556,9891176.49,-0.9845397,116.6379681
WB09-INV20,1,1,1,9891102.425,459435.591,-0.9852095,116.6354068,82.02,17.665,88.4,17.66,0.08,459442.528,9891101.59,-0.985217,116.6354692
WB09-INV20,2,2,1,9891102.425,459451.037,-0.9852095,116.6355457,76.84,19.403,64.1,17.58,0.145,459457.974,9891101.59,-0.985217,116.635608
WB09-INV20,3,3,1,9891095.625,459435.591,-0.985271,116.6354068,82.13,17.346,82.4,17.2,0.047,459442.528,9891094.79,-0.9852786,116.6354692
WB09-INV20,4,4,1,9891095.625,459451.037,-0.985271,116.6355457,77.33,17.569,84.1,17.48,0.09,459457.974,9891094.79,-0.9852786,116.635608
WB09-INV20,5,10,3,9891088.925,459435.591,-0.9853316,116.6354068,82.49,17.502,84.0,17.41,0.075,459442.528,9891088.09,-0.9853392,116.6354692
WB09-INV20,6,11,3,9891088.925,459451.037,-0.9853316,116.6355456,77.53,18.874,93.5,18.84,0.1,459457.974,9891088.09,-0.9853392,116.635608
WB09-INV20,7,12,3,9891081.225,459435.591,-0.9854013,116.6354068,82.03,15.722,100.2,15.49,0.138,459442.528,9891080.39,-0.9854088,116.6354692
WB09-INV20,8,13,3,9891081.225,459451.037,-0.9854013,116.6355456,77.75,19.996,91.8,19.99,0.106,459457.974,9891080.39,-0.9854088,116.635608
WB09-INV20,9,6,2,9891073.425,459435.591,-0.9854718,116.6354068,81.2,14.817,110.6,13.91,0.134,459442.528,9891072.59,-0.9854794,116.6354692
WB09-INV20,10,7,2,9891073.425,459451.037,-0.9854718,116.6355456,77.43,20.601,94.1,20.55,0.186,459457.974,9891072.59,-0.9854794,116.635608
WB09-INV20,11,8,2,9891065.125,459435.591,-0.9855469,116.6354068,79.9,9.753,108.0,9.28,0.118,459442.528,9891064.29,-0.9855545,116.6354692
WB09-INV20,12,9,2,9891065.125,459451.037,-0.9855469,116.6355456,77.34,20.534,90.8,20.53,0.109,459457.974,9891064.29,-0.9855545,116.635608
WB09-INV20,13,15,4,9891056.025,459435.591,-0.9856293,116.6354068,79.04,8.444,126.0,6.85,0.087,459442.528,9891055.19,-0.9856368,116.6354691
WB09-INV20,14,16,4,9891056.025,459451.037,-0.9856293,116.6355456,76.88,17.812,96.0,17.72,0.076,459457.974,9891055.19,-0.9856368,116.635608
WB09-INV20,15,17,4,9891047.125,459435.591,-0.9857098,116.6354068,77.74,7.857,152.8,3.61,0.162,459442.528,9891046.29,-0.9857173,116.6354691
WB09-INV20,16,18,4,9891047.125,459451.037,-0.9857098,116.6355456,76.29,18.696,110.7,17.57,0.053,459457.974,9891046.29,-0.9857174,116.635608
WB09-INV20,17,25,6,9891037.825,459435.591,-0.9857939,116.6354068,76.39,13.72,152.3,6.47,0.187,459442.528,9891036.99,-0.9858015,116.6354691
WB09-INV20,18,26,6,9891037.825,459451.037,-0.9857939,116.6355456,74.52,20.252,126.2,16.58,0.11,459457.974,9891036.99,-0.9858015,116.635608
WB09-INV20,19,27,6,9891029.125,459435.591,-0.9858726,116.6354068,74.58,13.055,148.2,6.97,0.226,459442.528,9891028.29,-0.9858802,116.6354691
WB09-INV20,20,28,6,9891029.125,459451.037,-0.9858726,116.6355456,72.67,17.989,123.0,15.23,0.091,459457.974,9891028.29,-0.9858802,116.6356079
WB09-INV20,21,20,5,9891020.625,459435.591,-0.9859495,116.6354068,72.6,13.48,158.2,5.09,0.152,459442.528,9891019.79,-0.9859571,116.6354691
WB09-INV20,22,21,5,9891020.625,459451.45,-0.9859495,116.6355493,70.96,15.73,118.8,13.86,0.067,459457.974,9891019.79,-0.9859571,116.6356079
WB09-INV20,23,22,5,9891013.125,459435.591,-0.9860174,116.6354067,70.9,13.668,165.5,3.48,0.041,459442.528,9891012.29,-0.9860249,116.6354691
WB09-INV20,24,23,5,9891004.625,459435.591,-0.9860943,116.6354067,68.63,14.243,171.7,2.1,0.077,459442.528,9891003.79,-0.9861018,116.6354691
WB10-INV01,1,1,1,9891394.559,459776.601,-0.9825668,116.6384721,77.46,24.38,332.8,-11.7,0.192,459783.538,9891393.724,-0.9825744,116.6385344
WB10-INV01,2,10,3,9891394.559,459791.547,-0.9825669,116.6386064,80.12,22.559,3.0,1.25,0.295,459798.984,9891393.724,-0.9825744,116.6386733
WB10-INV01,3,11,3,9891394.559,459807.493,-0.9825669,116.6387497,80.15,16.211,293.3,-14.95,0.34,459814.43,9891393.724,-0.9825744,116.6388121
WB10-INV01,4,2,1,9891388.559,459776.601,-0.9826211,116.6384721,79.11,17.305,313.6,-12.71,0.18,459783.538,9891387.724,-0.9826287,116.6385344
WB10-INV01,5,12,3,9891388.559,459792.047,-0.9826211,116.6386109,82.02,18.362,10.4,3.43,0.044,459798.984,9891387.724,-0.9826287,116.6386732
WB10-INV01,6,13,3,9891388.559,459807.493,-0.9826211,116.6387497,81.27,17.903,314.1,-13.06,0.264,459814.43,9891387.724,-0.9826287,116.6388121
WB10-INV01,7,3,1,9891382.559,459776.601,-0.9826754,116.6384721,80.94,17.035,325.9,-9.75,0.155,459783.538,9891381.724,-0.982683,116.6385344
WB10-INV01,8,6,2,9891382.559,459792.047,-0.9826754,116.6386109,83.8,20.173,3.8,1.39,0.187,459798.984,9891381.724,-0.982683,116.6386732
WB10-INV01,9,7,2,9891382.559,459807.493,-0.9826754,116.6387497,83.3,22.519,333.8,-10.37,0.221,459814.43,9891381.724,-0.982683,116.6388121
WB10-INV01,10,15,4,9891376.459,459761.155,-0.9827306,116.6383332,76.45,21.032,273.3,-21.0,0.132,459768.092,9891375.624,-0.9827381,116.6383956
WB10-INV01,11,4,1,9891376.459,459776.601,-0.9827306,116.6384721,82.19,16.697,310.0,-12.94,0.214,459783.538,9891375.624,-0.9827382,116.6385344
WB10-INV01,12,8,2,9891376.459,459792.047,-0.9827306,116.6386109,84.94,19.51,340.6,-6.71,0.265,459798.984,9891375.624,-0.9827382,116.6386732
WB10-INV01,13,9,2,9891376.459,459807.493,-0.9827306,116.6387497,86.37,28.641,349.3,-5.79,0.211,459814.43,9891375.624,-0.9827382,116.6388121
WB10-INV01,14,16,4,9891370.359,459761.155,-0.9827858,116.6383332,76.87,20.712,279.2,-20.47,0.085,459768.092,9891369.524,-0.9827933,116.6383956
WB10-INV01,15,25,6,9891370.359,459776.601,-0.9827858,116.6384721,82.52,18.845,290.7,-17.71,0.089,459783.538,9891369.524,-0.9827933,116.6385344
WB10-INV01,16,26,6,9891370.359,459792.047,-0.9827858,116.6386109,87.09,20.052,343.1,-6.06,0.242,459798.984,9891369.524,-0.9827934,116.6386732
WB10-INV01,17,27,6,9891370.359,459807.493,-0.9827858,116.6387497,89.2,16.481,337.7,-6.41,0.232,459814.43,9891369.524,-0.9827934,116.6388121
WB10-INV01,18,17,4,9891364.259,459761.155,-0.9828409,116.6383332,77.18,19.992,272.3,-19.98,0.107,459768.092,9891363.424,-0.9828485,116.6383956
WB10-INV01,19,18,4,9891364.259,459776.601,-0.982841,116.638472,82.7,20.793,278.0,-20.61,0.076,459783.538,9891363.424,-0.9828485,116.6385344
WB10-INV01,20,28,6,9891364.259,459792.047,-0.982841,116.6386109,88.35,17.896,313.4,-13.2,0.155,459798.984,9891363.424,-0.9828485,116.6386732
WB10-INV01,21,20,5,9891364.259,459807.493,-0.982841,116.6387497,91.55,13.613,350.7,-2.24,0.322,459814.43,9891363.424,-0.9828486,116.6388121
WB10-INV01,22,21,5,9891357.859,459776.601,-0.9828989,116.638472,82.89,22.248,272.9,-22.22,0.035,459783.538,9891357.024,-0.9829064,116.6385344
WB10-INV01,23,22,5,9891357.859,459792.047,-0.9828989,116.6386109,89.08,14.571,287.2,-13.95,0.266,459798.984,9891357.024,-0.9829064,116.6386732
WB10-INV01,24,23,5,9891357.859,459807.493,-0.9828989,116.6387497,92.55,5.701,324.4,-3.33,0.094,459814.43,9891357.024,-0.9829065,116.638812
WB10-INV02,1,1,1,9891351.659,459776.601,-0.982955,116.638472,83.19,21.101,275.7,-21.01,0.059,459783.538,9891350.824,-0.9829625,116.6385344
WB10-INV02,2,2,1,9891351.659,459792.047,-0.982955,116.6386109,89.22,15.084,274.0,-15.05,0.311,459798.984,9891350.824,-0.9829625,116.6386732
WB10-INV02,3,6,2,9891351.659,459807.493,-0.982955,116.6387497,92.83,2.866,291.8,-2.66,0.052,459814.43,9891350.824,-0.9829626,116.638812
WB10-INV02,4,3,1,9891345.359,459776.601,-0.983012,116.638472,83.57,20.541,282.0,-20.13,0.046,459783.538,9891344.524,-0.9830195,116.6385344
WB10-INV02,5,4,1,9891345.359,459792.047,-0.983012,116.6386109,89.34,14.125,280.8,-13.88,0.358,459798.984,9891344.524,-0.9830195,116.6386732
WB10-INV02,6,7,2,9891345.359,459807.493,-0.983012,116.6387497,92.79,4.464,312.8,-3.28,0.136,459814.43,9891344.524,-0.9830195,116.638812
WB10-INV02,7,10,3,9891339.059,459776.601,-0.983069,116.638472,83.98,21.197,281.6,-20.8,0.045,459783.538,9891338.224,-0.9830765,116.6385344
WB10-INV02,8,11,3,9891339.059,459792.047,-0.983069,116.6386108,89.88,12.42,278.3,-12.29,0.353,459798.984,9891338.224,-0.9830765,116.6386732
WB10-INV02,9,8,2,9891339.059,459807.493,-0.983069,116.6387497,92.96,7.793,244.9,-7.06,0.291,459814.43,9891338.224,-0.9830765,116.638812
WB10-INV02,10,12,3,9891332.159,459761.155,-0.9831314,116.6383332,78.84,21.684,291.4,-20.32,0.096,459768.092,9891331.324,-0.9831389,116.6383955
WB10-INV02,11,13,3,9891332.159,459776.601,-0.9831314,116.638472,84.65,22.104,285.0,-21.42,0.052,459783.538,9891331.324,-0.9831389,116.6385344
WB10-INV02,12,14,3,9891332.159,459792.047,-0.9831314,116.6386108,90.6,9.231,280.3,-9.08,0.245,459798.984,9891331.324,-0.983139,116.6386732
WB10-INV02,13,9,2,9891332.159,459807.493,-0.9831314,116.6387497,93.07,2.513,194.2,-0.62,0.057,459814.43,9891331.324,-0.983139,116.638812
WB10-INV02,14,15,4,9891324.759,459761.155,-0.9831983,116.6383332,79.9,19.539,285.4,-18.89,0.067,459768.092,9891323.924,-0.9832059,116.6383955
WB10-INV02,15,16,4,9891324.759,459776.601,-0.9831983,116.638472,85.26,21.801,285.5,-21.08,0.064,459783.538,9891323.924,-0.9832059,116.6385344
WB10-INV02,16,17,4,9891324.759,459792.047,-0.9831983,116.6386108,90.99,9.862,240.7,-8.62,0.18,459798.984,9891323.924,-0.9832059,116.6386732
WB10-INV02,17,5,2,9891324.759,459807.493,-0.9831984,116.6387497,94.1,10.396,155.6,4.33,0.221,459814.43,9891323.924,-0.9832059,116.638812
WB10-INV02,18,18,4,9891318.059,459761.155,-0.9832589,116.6383332,80.46,19.125,288.2,-18.23,0.085,459768.092,9891317.224,-0.9832665,116.6383955
WB10-INV02,19,25,6,9891318.059,459776.601,-0.9832589,116.638472,85.78,19.026,273.6,-18.99,0.208,459783.538,9891317.224,-0.9832665,116.6385344
WB10-INV02,20,26,6,9891318.059,459792.047,-0.983259,116.6386108,90.8,7.885,232.5,-6.27,0.069,459798.984,9891317.224,-0.9832665,116.6386732
WB10-INV02,21,20,5,9891318.059,459807.493,-0.983259,116.6387497,92.36,4.36,142.7,2.65,0.06,459814.43,9891317.224,-0.9832665,116.638812
WB10-INV02,22,27,6,9891311.259,459761.155,-0.9833204,116.6383332,81.64,18.014,289.8,-17.01,0.114,459768.092,9891310.424,-0.983328,116.6383955
WB10-INV02,23,28,6,9891311.259,459776.601,-0.9833205,116.638472,86.56,14.61,271.5,-14.61,0.175,459783.538,9891310.424,-0.983328,116.6385343
WB10-INV02,24,21,5,9891311.259,459792.047,-0.9833205,116.6386108,90.33,7.296,217.0,-4.41,0.107,459798.984,9891310.424,-0.983328,116.6386732
WB10-INV02,25,22,5,9891311.259,459807.493,-0.9833205,116.6387496,91.39,12.909,168.3,2.66,0.07,459814.43,9891310.424,-0.9833281,116.638812
WB10-INV02,26,23,5,9891311.259,459822.939,-0.9833205,116.6388885,90.6,13.049,166.3,3.14,0.075,459829.876,9891310.424,-0.9833281,116.6389508
WB10-INV03,1,1,1,9891303.959,459761.155,-0.9833865,116.6383332,82.53,15.693,278.1,-15.54,0.126,459768.092,9891303.124,-0.9833941,116.6383955
WB10-INV03,2,2,1,9891303.959,459776.601,-0.9833865,116.638472,86.9,12.173,262.0,-12.06,0.204,459783.538,9891303.124,-0.9833941,116.6385343
WB10-INV03,3,10,3,9891303.959,459792.047,-0.9833865,116.6386108,89.89,9.805,188.2,-1.41,0.102,459798.984,9891303.124,-0.9833941,116.6386732
WB10-INV03,4,11,3,9891303.959,459807.493,-0.9833865,116.6387496,90.31,12.311,152.2,5.81,0.089,459814.43,9891303.124,-0.9833941,116.638812
WB10-INV03,5,12,3,9891303.959,459822.939,-0.9833865,116.6388885,88.84,16.963,161.5,5.53,0.143,459829.876,9891303.124,-0.9833941,116.6389508
WB10-INV03,6,3,1,9891296.559,459761.155,-0.9834534,116.6383332,82.3,16.68,242.3,-14.86,0.064,459768.092,9891295.724,-0.983461,116.6383955
WB10-INV03,7,4,1,9891296.559,459776.601,-0.9834535,116.638472,86.35,15.095,218.2,-9.47,0.225,459783.538,9891295.724,-0.983461,116.6385343
WB10-INV03,8,13,3,9891296.559,459792.047,-0.9834535,116.6386108,88.66,18.6,171.2,2.95,0.061,459798.984,9891295.724,-0.983461,116.6386732
WB10-INV03,9,14,3,9891296.559,459807.493,-0.9834535,116.6387496,88.12,18.357,170.7,3.07,0.093,459814.43,9891295.724,-0.983461,116.638812
WB10-INV03,10,5,2,9891288.359,459761.155,-0.9835276,116.6383331,80.36,22.54,217.1,-14.06,0.093,459768.092,9891287.524,-0.9835352,116.6383955
WB10-INV03,11,6,2,9891288.359,459776.601,-0.9835276,116.638472,84.35,20.844,200.9,-7.73,0.153,459783.538,9891287.524,-0.9835352,116.6385343
WB10-INV03,12,7,2,9891288.359,459792.047,-0.9835277,116.6386108,86.29,13.98,164.0,3.93,0.084,459798.984,9891287.524,-0.9835352,116.6386732
WB10-INV03,13,8,2,9891288.359,459807.493,-0.9835277,116.6387496,85.32,14.522,177.8,0.57,0.071,459814.43,9891287.524,-0.9835352,116.638812
WB10-INV03,14,9,2,9891281.659,459776.601,-0.9835883,116.638472,82.02,20.186,204.8,-8.77,0.085,459783.538,9891280.824,-0.9835958,116.6385343
WB10-INV03,15,15,4,9891281.659,459792.047,-0.9835883,116.6386108,84.26,13.09,177.2,0.65,0.119,459798.984,9891280.824,-0.9835958,116.6386731
WB10-INV03,16,16,4,9891281.659,459807.493,-0.9835883,116.6387496,83.95,9.231,164.0,2.56,0.068,459814.43,9891280.824,-0.9835958,116.638812
WB10-INV03,17,17,4,9891275.659,459776.601,-0.9836425,116.638472,80.14,19.398,209.2,-9.75,0.093,459783.538,9891274.824,-0.9836501,116.6385343
WB10-INV03,18,18,4,9891275.659,459792.047,-0.9836426,116.6386108,82.43,18.508,182.7,-0.9,0.068,459798.984,9891274.824,-0.9836501,116.6386731
WB10-INV03,19,24,6,9891275.659,459807.493,-0.9836426,116.6387496,82.67,11.513,178.5,0.31,0.172,459814.43,9891274.824,-0.9836501,116.638812
WB10-INV03,20,25,6,9891269.659,459792.047,-0.9836968,116.6386108,80.5,17.418,181.1,-0.35,0.089,459798.984,9891268.824,-0.9837044,116.6386731
WB10-INV03,21,26,6,9891243.259,459776.601,-0.9839357,116.6384719,81.71,19.753,317.7,-13.59,0.126,459783.538,9891242.424,-0.9839432,116.6385343
WB10-INV03,22,27,6,9891243.259,459792.047,-0.9839357,116.6386108,84.92,19.088,356.1,-1.35,0.096,459798.984,9891242.424,-0.9839432,116.6386731
WB10-INV03,23,28,6,9891243.259,459807.493,-0.9839357,116.6387496,85.27,20.569,354.7,-1.99,0.064,459814.43,9891242.424,-0.9839433,116.6388119
WB10-INV03,24,20,5,9891236.759,459776.601,-0.9839945,116.6384719,82.91,21.173,307.5,-17.08,0.109,459783.538,9891235.924,-0.984002,116.6385343
WB10-INV03,25,21,5,9891236.759,459792.047,-0.9839945,116.6386107,87.09,19.633,353.0,-2.49,0.07,459798.984,9891235.924,-0.984002,116.6386731
WB10-INV03,26,22,5,9891236.759,459806.993,-0.9839945,116.6387451,87.66,22.095,354.2,-2.35,0.043,459814.43,9891235.924,-0.9840021,116.6388119
WB10-INV03,27,23,5,9891236.759,459822.939,-0.9839945,116.6388884,88.19,22.417,9.1,3.73,0.081,459829.876,9891235.924,-0.9840021,116.6389508
WB10-INV04,1,1,1,9891230.459,459776.651,-0.9840515,116.6384724,84.2,20.026,298.0,-17.84,0.048,459783.538,9891229.624,-0.984059,116.6385343
WB10-INV04,2,2,1,9891230.459,459792.047,-0.9840515,116.6386107,88.99,18.816,345.0,-5.04,0.07,459798.984,9891229.624,-0.984059,116.6386731
WB10-INV04,3,3,1,9891230.459,459807.493,-0.9840515,116.6387496,90.14,23.059,353.4,-2.8,0.056,459814.43,9891229.624,-0.9840591,116.6388119
WB10-INV04,4,4,1,9891230.459,459822.939,-0.9840515,116.6388884,90.74,21.663,7.7,3.05,0.064,459829.876,9891229.624,-0.9840591,116.6389507
WB10-INV04,5,10,3,9891230.459,459838.385,-0.9840515,116.6390272,89.84,21.816,6.5,2.59,0.217,459845.322,9891229.624,-0.9840591,116.6390896
WB10-INV04,6,11,3,9891230.459,459853.831,-0.9840515,116.639166,89.47,20.802,338.3,-8.0,0.076,459860.768,9891229.624,-0.9840591,116.6392284
WB10-INV04,7,12,3,9891230.459,459869.277,-0.9840516,116.6393049,91.83,16.972,318.2,-11.5,0.066,459876.214,9891229.624,-0.9840591,116.6393672
WB10-INV04,8,13,3,9891223.659,459776.601,-0.984113,116.6384719,85.33,20.614,297.6,-18.44,0.052,459783.538,9891222.824,-0.9841206,116.6385343
WB10-INV04,9,14,3,9891223.659,459792.047,-0.984113,116.6386107,90.75,19.233,334.6,-8.51,0.205,459798.984,9891222.824,-0.9841206,116.6386731
WB10-INV04,10,5,2,9891223.659,459807.493,-0.984113,116.6387496,92.91,19.757,351.1,-3.18,0.08,459814.43,9891222.824,-0.9841206,116.6388119
WB10-INV04,11,6,2,9891223.659,459822.939,-0.984113,116.6388884,93.63,19.778,9.4,3.36,0.064,459829.876,9891222.824,-0.9841206,116.6389507
WB10-INV04,12,7,2,9891223.659,459838.385,-0.984113,116.6390272,92.64,20.43,7.1,2.64,0.159,459845.322,9891222.824,-0.9841206,116.6390896
WB10-INV04,13,8,2,9891223.659,459853.831,-0.9841131,116.639166,92.16,20.175,342.7,-6.24,0.052,459860.768,9891222.824,-0.9841206,116.6392284
WB10-INV04,14,9,2,9891223.659,459869.277,-0.9841131,116.6393049,93.97,15.311,331.7,-7.4,0.121,459876.214,9891222.824,-0.9841206,116.6393672
WB10-INV04,15,15,4,9891215.959,459776.601,-0.9841826,116.6384719,86.41,19.713,287.8,-18.84,0.059,459783.538,9891215.124,-0.9841902,116.6385343
WB10-INV04,16,16,4,9891215.959,459792.047,-0.9841827,116.6386107,91.74,11.528,298.9,-10.12,0.292,459798.984,9891215.124,-0.9841902,116.6386731
WB10-INV04,17,25,6,9891215.959,459807.493,-0.9841827,116.6387496,94.74,7.357,336.9,-2.9,0.099,459814.43,9891215.124,-0.9841902,116.6388119
WB10-INV04,18,26,6,9891215.959,459822.939,-0.9841827,116.6388884,95.32,9.322,7.9,1.29,0.063,459829.876,9891215.124,-0.9841903,116.6389507
WB10-INV04,19,27,6,9891215.959,459838.385,-0.9841827,116.6390272,94.79,15.074,359.6,-0.11,0.075,459845.322,9891215.124,-0.9841903,116.6390896
WB10-INV04,20,28,6,9891215.959,459853.831,-0.9841827,116.639166,94.81,14.454,342.8,-4.36,0.036,459860.768,9891215.124,-0.9841903,116.6392284
WB10-INV04,21,17,4,9891207.059,459777.101,-0.9842632,116.6384764,87.3,19.496,279.9,-19.23,0.076,459783.538,9891206.224,-0.9842707,116.6385342
WB10-INV04,22,18,4,9891207.059,459792.547,-0.9842632,116.6386152,92.81,9.421,279.2,-9.3,0.205,459798.984,9891206.224,-0.9842707,116.6386731
WB10-INV04,23,20,5,9891207.059,459807.993,-0.9842632,116.638754,95.25,3.499,278.9,-3.46,0.04,459814.43,9891206.224,-0.9842708,116.6388119
WB10-INV04,24,21,5,9891207.059,459823.439,-0.9842632,116.6388929,96.16,4.917,341.6,-1.56,0.081,459829.876,9891206.224,-0.9842708,116.6389507
WB10-INV04,25,22,5,9891207.059,459838.885,-0.9842632,116.6390317,96.46,4.951,352.7,-0.63,0.028,459845.322,9891206.224,-0.9842708,116.6390896
WB10-INV04,26,23,5,9891207.059,459854.331,-0.9842632,116.6391705,96.59,4.287,336.2,-1.73,0.038,459860.768,9891206.224,-0.9842708,116.6392284
WB10-INV05,1,1,1,9891198.859,459776.601,-0.9843374,116.6384719,87.65,18.48,274.3,-18.43,0.144,459783.538,9891198.024,-0.9843449,116.6385342
WB10-INV05,2,2,1,9891198.859,459792.047,-0.9843374,116.6386107,92.65,9.746,261.1,-9.63,0.148,459798.984,9891198.024,-0.9843449,116.6386731
WB10-INV05,3,10,3,9891198.859,459807.493,-0.9843374,116.6387495,95.22,4.297,261.8,-4.25,0.024,459814.43,9891198.024,-0.984345,116.6388119
WB10-INV05,4,11,3,9891198.859,459822.939,-0.9843374,116.6388884,96.3,2.256,251.0,-2.13,0.059,459829.876,9891198.024,-0.984345,116.6389507
WB10-INV05,5,12,3,9891198.859,459838.385,-0.9843374,116.6390272,96.8,2.193,192.7,-0.48,0.033,459845.322,9891198.024,-0.984345,116.6390895
WB10-INV05,6,3,1,9891190.959,459776.601,-0.9844088,116.6384719,86.66,22.186,235.4,-18.56,0.151,459783.538,9891190.124,-0.9844164,116.6385342
WB10-INV05,7,4,1,9891190.959,459792.047,-0.9844088,116.6386107,91.84,15.468,233.4,-12.53,0.109,459798.984,9891190.124,-0.9844164,116.6386731
WB10-INV05,8,13,3,9891190.959,459807.493,-0.9844089,116.6387495,95.04,5.421,232.0,-4.28,0.049,459814.43,9891190.124,-0.9844164,116.6388119
WB10-INV05,9,14,3,9891190.959,459822.939,-0.9844089,116.6388884,96.17,3.098,203.7,-1.25,0.079,459829.876,9891190.124,-0.9844164,116.6389507
WB10-INV05,10,15,4,9891190.959,459838.385,-0.9844089,116.6390272,96.38,7.637,167.3,1.69,0.071,459845.322,9891190.124,-0.9844165,116.6390895
WB10-INV05,11,6,2,9891183.059,459776.601,-0.9844803,116.6384719,84.53,24.201,232.6,-19.65,0.161,459783.538,9891182.224,-0.9844879,116.6385342
WB10-INV05,12,7,2,9891183.059,459792.047,-0.9844803,116.6386107,89.92,19.487,227.0,-14.51,0.093,459798.984,9891182.224,-0.9844879,116.638673
WB10-INV05,13,16,4,9891183.059,459807.493,-0.9844803,116.6387495,93.97,10.764,219.1,-6.84,0.106,459814.43,9891182.224,-0.9844879,116.6388119
WB10-INV05,14,17,4,9891183.059,459822.939,-0.9844803,116.6388883,95.69,9.152,176.0,0.64,0.098,459829.876,9891182.224,-0.9844879,116.6389507
WB10-INV05,15,18,4,9891183.059,459838.385,-0.9844804,116.6390272,95.52,15.136,161.1,5.01,0.07,459845.322,9891182.224,-0.9844879,116.6390895
WB10-INV05,16,8,2,9891174.659,459776.601,-0.9845563,116.6384719,82.86,21.252,237.6,-18.18,0.131,459783.538,9891173.824,-0.9845639,116.6385342
WB10-INV05,17,9,2,9891174.659,459792.047,-0.9845563,116.6386107,87.84,20.576,231.8,-16.44,0.071,459798.984,9891173.824,-0.9845639,116.638673
WB10-INV05,18,25,6,9891174.659,459807.493,-0.9845563,116.6387495,92.19,13.807,219.0,-8.79,0.126,459814.43,9891173.824,-0.9845639,116.6388119
WB10-INV05,19,26,6,9891174.659,459822.939,-0.9845563,116.6388883,94.47,13.627,165.3,3.52,0.069,459829.876,9891173.824,-0.9845639,116.6389507
WB10-INV05,20,27,6,9891174.659,459838.385,-0.9845564,116.6390272,93.4,15.649,153.5,7.12,0.077,459845.322,9891173.824,-0.9845639,116.6390895
WB10-INV05,21,20,5,9891167.059,459776.601,-0.9846251,116.6384719,82.19,14.777,239.9,-12.86,0.104,459783.538,9891166.224,-0.9846326,116.6385342
WB10-INV05,22,21,5,9891167.059,459792.047,-0.9846251,116.6386107,86.04,20.892,231.2,-16.57,0.104,459798.984,9891166.224,-0.9846326,116.638673
WB10-INV05,23,22,5,9891167.059,459807.493,-0.9846251,116.6387495,90.5,17.455,209.9,-8.91,0.12,459814.43,9891166.224,-0.9846326,116.6388119
WB10-INV05,24,23,5,9891167.059,459822.939,-0.9846251,116.6388883,92.64,13.192,167.8,2.84,0.06,459829.876,9891166.224,-0.9846327,116.6389507
WB10-INV05,25,28,6,9891167.059,459838.385,-0.9846251,116.6390272,91.78,12.96,142.3,8.01,0.037,459845.322,9891166.224,-0.9846327,116.6390895
WB10-INV06,1,1,1,9891159.325,459729.065,-0.984695,116.6380446,82.97,11.198,9.8,1.93,0.039,459736.002,9891158.49,-0.9847025,116.638107
WB10-INV06,2,2,1,9891151.125,459713.619,-0.9847691,116.6379058,84.16,13.902,351.4,-2.12,0.106,459720.556,9891150.29,-0.9847767,116.6379681
WB10-INV06,3,3,1,9891151.125,459729.065,-0.9847692,116.6380446,84.67,12.465,14.5,3.17,0.069,459736.002,9891150.29,-0.9847767,116.6381069
WB10-INV06,4,4,1,9891151.125,459744.511,-0.9847692,116.6381834,83.89,11.871,47.7,8.84,0.066,459751.448,9891150.29,-0.9847767,116.6382458
WB10-INV06,5,10,3,9891141.825,459682.727,-0.9848533,116.6376281,85.64,19.345,356.4,-1.26,0.092,459689.664,9891140.99,-0.9848608,116.6376905
WB10-INV06,6,11,3,9891141.825,459698.173,-0.9848533,116.6377669,86.37,19.506,352.6,-2.61,0.086,459705.11,9891140.99,-0.9848608,116.6378293
WB10-INV06,7,12,3,9891141.825,459713.619,-0.9848533,116.6379058,86.99,16.676,356.9,-0.93,0.083,459720.556,9891140.99,-0.9848608,116.6379681
WB10-INV06,8,5,2,9891141.825,459729.065,-0.9848533,116.6380446,87.14,14.431,24.2,6.02,0.078,459736.002,9891140.99,-0.9848609,116.6381069
WB10-INV06,9,6,2,9891141.825,459744.511,-0.9848533,116.6381834,85.51,12.846,56.6,10.78,0.049,459751.448,9891140.99,-0.9848609,116.6382458
WB10-INV06,10,13,3,9891134.525,459682.727,-0.9849193,116.6376281,87.86,21.106,346.9,-5.0,0.121,459689.664,9891133.69,-0.9849269,116.6376904
WB10-INV06,11,14,3,9891134.525,459698.173,-0.9849193,116.6377669,88.96,20.513,355.2,-1.79,0.135,459705.11,9891133.69,-0.9849269,116.6378293
WB10-INV06,12,7,2,9891134.525,459713.619,-0.9849193,116.6379057,89.44,15.245,6.6,1.79,0.061,459720.556,9891133.69,-0.9849269,116.6379681
WB10-INV06,13,8,2,9891134.525,459729.487,-0.9849193,116.6380484,88.88,12.949,42.3,8.8,0.144,459736.002,9891133.69,-0.9849269,116.6381069
WB10-INV06,14,9,2,9891134.525,459744.933,-0.9849194,116.6381872,86.44,13.421,60.1,11.69,0.05,459751.448,9891133.69,-0.9849269,116.6382458
WB10-INV06,15,15,4,9891127.625,459683.149,-0.9849817,116.6376319,90.52,23.559,350.1,-4.29,0.13,459689.664,9891126.79,-0.9849893,116.6376904
WB10-INV06,16,16,4,9891127.625,459698.595,-0.9849817,116.6377707,91.76,18.871,358.6,-0.48,0.069,459705.11,9891126.79,-0.9849893,116.6378293
WB10-INV06,17,25,6,9891127.625,459714.041,-0.9849818,116.6379095,91.77,15.885,22.2,6.14,0.145,459720.556,9891126.79,-0.9849893,116.6379681
WB10-INV06,18,26,6,9891127.625,459729.487,-0.9849818,116.6380484,90.31,13.172,53.6,10.67,0.089,459736.002,9891126.79,-0.9849893,116.6381069
WB10-INV06,19,20,5,9891127.625,459744.933,-0.9849818,116.6381872,87.28,13.508,57.2,11.42,0.023,459751.448,9891126.79,-0.9849893,116.6382457
WB10-INV06,20,21,5,9891127.625,459760.379,-0.9849818,116.638326,84.03,15.132,51.6,11.97,0.047,459766.894,9891126.79,-0.9849894,116.6383846
WB10-INV06,21,17,4,9891121.425,459683.149,-0.9850378,116.6376319,93.43,20.134,355.4,-1.68,0.077,459689.664,9891120.59,-0.9850454,116.6376904
WB10-INV06,22,18,4,9891121.425,459698.595,-0.9850378,116.6377707,93.95,16.43,2.7,0.8,0.066,459705.11,9891120.59,-0.9850454,116.6378293
WB10-INV06,23,27,6,9891121.425,459714.041,-0.9850378,116.6379095,93.63,16.266,32.2,8.84,0.04,459720.556,9891120.59,-0.9850454,116.6379681
WB10-INV06,24,28,6,9891121.425,459728.987,-0.9850379,116.6380439,91.35,14.726,52.9,11.84,0.064,459736.002,9891120.59,-0.9850454,116.6381069
WB10-INV06,25,22,5,9891121.425,459744.433,-0.9850379,116.6381827,88.19,13.573,58.9,11.68,0.047,459751.448,9891120.59,-0.9850454,116.6382457
WB10-INV06,26,23,5,9891121.425,459759.879,-0.9850379,116.6383215,85.08,12.771,56.8,10.74,0.078,459766.894,9891120.59,-0.9850455,116.6383846
WB10-INV07,1,1,1,9891115.425,459698.173,-0.9850921,116.6377669,95.76,13.702,10.0,2.42,0.096,459705.11,9891114.59,-0.9850997,116.6378293
WB10-INV07,2,2,1,9891115.425,459713.619,-0.9850921,116.6379057,95.11,14.208,40.7,9.38,0.067,459720.556,9891114.59,-0.9850997,116.6379681
WB10-INV07,3,3,1,9891115.425,459729.065,-0.9850921,116.6380446,92.63,15.841,51.3,12.49,0.058,459736.002,9891114.59,-0.9850997,116.6381069
WB10-INV07,4,4,1,9891115.425,459744.511,-0.9850922,116.6381834,89.28,16.518,49.0,12.62,0.036,459751.448,9891114.59,-0.9850997,116.6382457
WB10-INV07,5,10,3,9891115.425,459759.957,-0.9850922,116.6383222,85.78,14.655,43.9,10.28,0.047,459766.894,9891114.59,-0.9850997,116.6383846
WB10-INV07,6,11,3,9891115.425,459775.403,-0.9850922,116.638461,83.11,10.607,41.0,7.0,0.052,459782.34,9891114.59,-0.9850998,116.6385234
WB10-INV07,7,6,2,9891109.125,459744.511,-0.9851492,116.6381834,90.28,13.112,59.4,11.34,0.047,459751.448,9891108.29,-0.9851567,116.6382457
WB10-INV07,8,12,3,9891109.125,459759.957,-0.9851492,116.6383222,87.25,13.855,49.8,10.67,0.07,459766.894,9891108.29,-0.9851567,116.6383846
WB10-INV07,9,13,3,9891109.125,459775.403,-0.9851492,116.638461,84.34,13.064,41.7,8.78,0.076,459782.34,9891108.29,-0.9851568,116.6385234
WB10-INV07,10,25,6,9891102.425,459821.741,-0.9852098,116.6388775,80.42,9.068,334.9,-3.87,0.14,459828.678,9891101.59,-0.9852174,116.6389399
WB10-INV07,11,26,6,9891102.425,459837.187,-0.9852099,116.6390163,81.48,16.637,309.7,-12.95,0.153,459844.124,9891101.59,-0.9852174,116.6390787
WB10-INV07,12,27,6,9891102.425,459852.633,-0.9852099,116.6391552,84.9,15.116,333.2,-6.94,0.164,459859.57,9891101.59,-0.9852174,116.6392175
WB10-INV07,13,15,4,9891095.625,459806.295,-0.9852714,116.6387387,82.94,10.377,19.9,3.57,0.117,459813.232,9891094.79,-0.9852789,116.638801
WB10-INV07,14,16,4,9891095.625,459821.741,-0.9852714,116.6388775,81.84,16.377,345.5,-4.21,0.161,459828.678,9891094.79,-0.9852789,116.6389399
WB10-INV07,15,20,5,9891095.625,459837.187,-0.9852714,116.6390163,83.08,20.115,322.7,-12.51,0.071,459844.124,9891094.79,-0.9852789,116.6390787
WB10-INV07,16,21,5,9891095.625,459852.633,-0.9852714,116.6391552,86.49,16.421,328.0,-8.88,0.101,459859.57,9891094.79,-0.985279,116.6392175
WB10-INV07,17,28,6,9891088.925,459821.741,-0.985332,116.6388775,83.54,16.809,337.8,-6.51,0.115,459828.678,9891088.09,-0.9853395,116.6389398
WB10-INV07,18,22,5,9891088.925,459837.187,-0.985332,116.6390163,85.21,18.825,327.0,-10.52,0.087,459844.124,9891088.09,-0.9853396,116.6390787
WB10-INV07,19,23,5,9891088.925,459852.633,-0.985332,116.6391551,88.15,15.425,323.1,-9.41,0.062,459859.57,9891088.09,-0.9853396,116.6392175
WB10-INV07,20,7,2,9891095.625,459711.233,-0.9852713,116.6378843,97.35,9.135,130.0,7.02,0.093,459718.17,9891094.79,-0.9852788,116.6379466
WB10-INV07,21,17,4,9891088.925,459698.173,-0.9853319,116.6377669,97.67,24.543,158.1,9.67,0.109,459705.11,9891088.09,-0.9853394,116.6378292
WB10-INV07,22,18,4,9891088.925,459713.619,-0.9853319,116.6379057,94.83,22.008,172.5,3.02,0.122,459720.556,9891088.09,-0.9853394,116.6379681
WB10-INV07,23,8,2,9891088.925,459729.065,-0.9853319,116.6380445,93.87,15.188,152.3,7.19,0.095,459736.002,9891088.09,-0.9853395,116.6381069
WB10-INV07,24,9,2,9891088.925,459744.511,-0.9853319,116.6381834,91.75,13.852,139.5,9.1,0.093,459751.448,9891088.09,-0.9853395,116.6382457
WB10-INV08,1,1,1,9891159.346,459776.604,-0.9846948,116.6384719,81.31,11.278,240.8,-9.88,0.16,459783.542,9891158.511,-0.9847024,116.6385342
WB10-INV08,2,2,1,9891159.459,459792.547,-0.9846938,116.6386152,84.49,20.161,224.4,-14.41,0.061,459798.984,9891158.624,-0.9847014,116.638673
WB10-INV08,3,3,1,9891159.459,459807.993,-0.9846938,116.638754,88.41,18.049,206.7,-8.33,0.101,459814.43,9891158.624,-0.9847014,116.6388119
WB10-INV08,4,4,1,9891159.459,459823.439,-0.9846939,116.6388928,90.48,14.544,178.6,0.36,0.081,459829.876,9891158.624,-0.9847014,116.6389507
WB10-INV08,5,10,3,9891159.459,459838.885,-0.9846939,116.6390316,90.21,14.407,146.6,8.05,0.079,459845.322,9891158.624,-0.9847014,116.6390895
WB10-INV08,6,11,3,9891159.459,459853.831,-0.9846939,116.639166,87.95,16.246,160.5,5.56,0.113,459860.768,9891158.624,-0.9847015,116.6392283
WB10-INV08,7,12,3,9891159.459,459869.277,-0.9846939,116.6393048,86.81,16.319,177.5,0.73,0.27,459876.214,9891158.624,-0.9847015,116.6393672
WB10-INV08,8,13,3,9891159.459,459884.723,-0.9846939,116.6394436,86.18,18.076,160.2,6.31,0.157,459891.66,9891158.624,-0.9847015,116.639506
WB10-INV08,9,14,3,9891159.459,459900.169,-0.9846939,116.6395825,84.65,16.723,158.4,6.31,0.153,459907.106,9891158.624,-0.9847015,116.6396448
WB10-INV08,10,6,2,9891151.559,459792.047,-0.9847653,116.6386107,82.92,17.514,219.0,-11.23,0.116,459798.984,9891150.724,-0.9847729,116.638673
WB10-INV08,11,7,2,9891151.559,459807.493,-0.9847653,116.6387495,85.92,21.302,202.5,-8.49,0.047,459814.43,9891150.724,-0.9847729,116.6388118
WB10-INV08,12,8,2,9891151.559,459822.939,-0.9847653,116.6388883,88.13,19.943,178.1,0.69,0.063,459829.876,9891150.724,-0.9847729,116.6389507
WB10-INV08,13,9,2,9891151.559,459838.385,-0.9847653,116.6390271,87.85,18.97,166.2,4.69,0.101,459845.322,9891150.724,-0.9847729,116.6390895
WB10-INV08,14,15,4,9891151.559,459853.831,-0.9847654,116.639166,86.29,19.096,153.5,8.78,0.208,459860.768,9891150.724,-0.9847729,116.6392283
WB10-INV08,15,16,4,9891151.559,459869.277,-0.9847654,116.6393048,84.44,16.675,177.5,0.75,0.313,459876.214,9891150.724,-0.9847729,116.6393672
WB10-INV08,16,17,4,9891151.581,459884.987,-0.9847652,116.639446,83.75,18.559,157.9,7.2,0.161,459891.924,9891150.745,-0.9847728,116.6395084
WB10-INV08,17,18,4,9891143.759,459792.047,-0.9848359,116.6386107,81.64,12.766,216.7,-7.71,0.079,459798.984,9891142.924,-0.9848434,116.638673
WB10-INV08,18,25,6,9891143.759,459807.493,-0.9848359,116.6387495,83.8,10.782,214.6,-6.17,0.131,459814.43,9891142.924,-0.9848434,116.6388118
WB10-INV08,19,26,6,9891143.759,459822.939,-0.9848359,116.6388883,85.26,17.311,174.2,1.8,0.108,459829.876,9891142.924,-0.9848435,116.6389507
WB10-INV08,20,27,6,9891143.759,459838.385,-0.9848359,116.6390271,84.88,21.315,174.0,2.34,0.076,459845.322,9891142.924,-0.9848435,116.6390895
WB10-INV08,21,28,6,9891143.735,459854.165,-0.9848361,116.639169,84.02,13.249,147.4,7.23,0.367,459861.102,9891142.899,-0.9848437,116.6392313
WB10-INV08,22,20,5,9891136.059,459807.483,-0.9849055,116.6387494,82.51,12.95,209.4,-6.44,0.175,459814.43,9891135.224,-0.9849131,116.6388118
WB10-INV08,23,21,5,9891136.059,459822.939,-0.9849056,116.6388883,83.88,8.423,139.7,5.47,0.138,459829.876,9891135.224,-0.9849131,116.6389507
WB10-INV08,24,22,5,9891128.959,459807.493,-0.9849698,116.6387495,80.28,15.081,223.9,-10.58,0.199,459814.43,9891128.124,-0.9849773,116.6388118
WB10-INV08,25,23,5,9891128.959,459822.939,-0.9849698,116.6388883,83.08,16.302,149.6,8.42,0.082,459829.876,9891128.124,-0.9849774,116.6389507
WB10-INV09,1,1,1,9891394.559,459822.939,-0.9825669,116.6388886,84.67,,,,0.544,459829.876,9891393.724,-0.9825744,116.6389509
WB10-INV09,2,2,1,9891394.559,459838.385,-0.9825669,116.6390274,92.08,13.373,257.4,-13.06,0.168,459845.322,9891393.724,-0.9825745,116.6390897
WB10-INV09,3,10,3,9891394.559,459853.831,-0.9825669,116.6391662,95.59,3.1,162.2,0.95,0.164,459860.768,9891393.724,-0.9825745,116.6392286
WB10-INV09,4,11,3,9891394.559,459869.277,-0.9825669,116.639305,95.18,9.079,114.1,8.3,0.244,459876.214,9891393.724,-0.9825745,116.6393674
WB10-INV09,5,12,3,9891394.559,459884.723,-0.9825669,116.6394439,93.38,,,,0.731,459891.66,9891393.724,-0.9825745,116.6395062
WB10-INV09,6,13,3,9891394.559,459900.169,-0.982567,116.6395827,88.6,19.693,111.4,18.43,0.405,459907.106,9891393.724,-0.9825745,116.639645
WB10-INV09,7,3,1,9891388.559,459822.939,-0.9826212,116.6388885,84.92,,,,0.581,459829.876,9891387.724,-0.9826287,116.6389509
WB10-INV09,8,4,1,9891388.559,459838.385,-0.9826212,116.6390274,91.93,12.673,270.2,-12.67,0.189,459845.322,9891387.724,-0.9826287,116.6390897
WB10-INV09,9,14,3,9891388.559,459853.831,-0.9826212,116.6391662,95.28,2.597,150.5,1.28,0.179,459860.768,9891387.724,-0.9826288,116.6392286
WB10-INV09,10,5,2,9891388.559,459869.277,-0.9826212,116.639305,94.81,,,,0.597,459876.214,9891387.724,-0.9826288,116.6393674
WB10-INV09,11,6,2,9891382.559,459822.439,-0.9826754,116.638884,86.17,22.533,305.6,-18.64,0.309,459829.876,9891381.724,-0.982683,116.6389509
WB10-INV09,12,7,2,9891382.559,459837.885,-0.9826755,116.6390229,92.11,11.332,279.9,-11.17,0.208,459845.322,9891381.724,-0.982683,116.6390897
WB10-INV09,13,8,2,9891382.559,459853.831,-0.9826755,116.6391662,95.21,3.854,137.2,2.62,0.169,459860.768,9891381.724,-0.982683,116.6392286
WB10-INV09,14,9,2,9891382.559,459869.277,-0.9826755,116.639305,94.38,17.949,108.3,17.1,0.468,459876.214,9891381.724,-0.9826831,116.6393674
WB10-INV09,15,15,4,9891376.459,459822.939,-0.9827306,116.6388885,88.38,19.639,319.0,-13.18,0.207,459829.876,9891375.624,-0.9827382,116.6389509
WB10-INV09,16,16,4,9891376.459,459838.385,-0.9827306,116.6390274,92.74,9.407,273.7,-9.39,0.246,459845.322,9891375.624,-0.9827382,116.6390897
WB10-INV09,17,25,6,9891376.459,459853.969,-0.9827307,116.6391674,95.03,3.999,129.9,3.07,0.106,459860.768,9891375.624,-0.9827382,116.6392285
WB10-INV09,18,26,6,9891376.459,459869.415,-0.9827307,116.6393063,94.1,,,,0.523,459876.214,9891375.624,-0.9827382,116.6393674
WB10-INV09,19,17,4,9891370.359,459822.939,-0.9827858,116.6388885,90.82,16.679,334.3,-7.4,0.1,459829.876,9891369.524,-0.9827934,116.6389509
WB10-INV09,20,18,4,9891370.359,459838.385,-0.9827858,116.6390274,92.97,7.984,284.7,-7.73,0.222,459845.322,9891369.524,-0.9827934,116.6390897
WB10-INV09,21,27,6,9891370.337,459853.845,-0.9827861,116.6391663,94.93,3.307,120.2,2.86,0.077,459860.768,9891369.524,-0.9827934,116.6392285
WB10-INV09,22,28,6,9891370.337,459869.291,-0.9827861,116.6393051,94.01,7.926,95.0,7.9,0.494,459876.214,9891369.524,-0.9827934,116.6393674
WB10-INV09,23,20,5,9891364.259,459822.939,-0.982841,116.6388885,92.52,9.842,325.0,-5.68,0.082,459829.876,9891363.424,-0.9828486,116.6389509
WB10-INV09,24,21,5,9891364.259,459838.385,-0.982841,116.6390274,94.0,2.935,289.6,-2.77,0.108,459845.322,9891363.424,-0.9828486,116.6390897
WB10-INV09,25,22,5,9891364.259,459853.845,-0.982841,116.6391663,94.76,5.959,118.4,5.25,0.286,459860.768,9891363.424,-0.9828486,116.6392285
WB10-INV09,26,23,5,9891364.259,459869.291,-0.9828411,116.6393051,92.33,2.666,22.2,1.01,0.204,459876.214,9891363.424,-0.9828486,116.6393674
WB10-INV10,1,1,1,9891357.859,459822.939,-0.9828989,116.6388885,93.4,5.622,324.5,-3.27,0.157,459829.876,9891357.024,-0.9829065,116.6389509
WB10-INV10,2,2,1,9891357.859,459838.385,-0.9828989,116.6390273,94.24,2.015,235.2,-1.65,0.034,459845.322,9891357.024,-0.9829065,116.6390897
WB10-INV10,3,3,1,9891357.859,459853.831,-0.9828989,116.6391662,94.62,7.27,118.2,6.41,0.329,459860.768,9891357.024,-0.9829065,116.6392285
WB10-INV10,4,4,1,9891357.859,459869.277,-0.982899,116.639305,92.3,4.105,56.7,3.43,0.385,459876.214,9891357.024,-0.9829065,116.6393674
WB10-INV10,5,10,3,9891351.659,459822.939,-0.982955,116.6388885,93.63,1.89,255.9,-1.83,0.072,459829.876,9891350.824,-0.9829626,116.6389509
WB10-INV10,6,11,3,9891351.659,459838.385,-0.982955,116.6390273,94.16,2.33,275.3,-2.32,0.057,459845.322,9891350.824,-0.9829626,116.6390897
WB10-INV10,7,12,3,9891351.659,459853.831,-0.982955,116.6391662,94.56,8.237,98.6,8.15,0.16,459860.768,9891350.824,-0.9829626,116.6392285
WB10-INV10,8,13,3,9891351.659,459869.277,-0.982955,116.639305,92.63,5.111,40.9,3.35,0.398,459876.214,9891350.824,-0.9829626,116.6393673
WB10-INV10,9,14,3,9891345.359,459822.939,-0.983012,116.6388885,93.56,1.755,240.6,-1.53,0.044,459829.876,9891344.524,-0.9830196,116.6389509
WB10-INV10,10,5,2,9891345.359,459838.385,-0.983012,116.6390273,94.11,2.154,283.6,-2.09,0.069,459845.322,9891344.524,-0.9830196,116.6390897
WB10-INV10,11,6,2,9891345.359,459853.845,-0.983012,116.6391663,94.49,6.683,88.3,6.68,0.099,459860.768,9891344.524,-0.9830196,116.6392285
WB10-INV10,12,7,2,9891345.359,459869.216,-0.983012,116.6393044,92.86,4.312,0.9,0.07,0.426,459876.214,9891344.524,-0.9830196,116.6393673
WB10-INV10,13,8,2,9891339.059,459822.939,-0.983069,116.6388885,94.24,1.722,166.7,0.4,0.193,459829.876,9891338.224,-0.9830766,116.6389509
WB10-INV10,14,9,2,9891339.059,459838.385,-0.983069,116.6390273,94.13,1.984,278.4,-1.96,0.114,459845.322,9891338.224,-0.9830766,116.6390897
WB10-INV10,15,15,4,9891339.059,459853.845,-0.983069,116.6391663,94.43,5.649,71.6,5.36,0.057,459860.768,9891338.224,-0.9830766,116.6392285
WB10-INV10,16,16,4,9891339.059,459869.277,-0.983069,116.639305,93.07,3.85,302.2,-3.26,0.254,459876.214,9891338.224,-0.9830766,116.6393673
WB10-INV10,17,17,4,9891332.159,459822.939,-0.9831314,116.6388885,93.33,4.436,206.2,-1.96,0.055,459829.876,9891331.324,-0.983139,116.6389508
WB10-INV10,18,18,4,9891332.159,459838.385,-0.9831314,116.6390273,93.89,4.815,226.9,-3.52,0.11,459845.322,9891331.324,-0.983139,116.6390897
WB10-INV10,19,24,6,9891332.159,459853.831,-0.9831315,116.6391661,94.52,4.732,89.2,4.73,0.057,459860.768,9891331.324,-0.983139,116.6392285
WB10-INV10,20,25,6,9891332.159,459869.277,-0.9831315,116.639305,93.3,5.221,289.6,-4.92,0.226,459876.214,9891331.324,-0.983139,116.6393673
WB10-INV10,21,26,6,9891324.759,459822.939,-0.9831984,116.6388885,92.47,9.938,183.6,-0.63,0.042,459829.876,9891323.924,-0.9832059,116.6389508
WB10-INV10,22,27,6,9891324.759,459838.385,-0.9831984,116.6390273,92.71,14.278,197.5,-4.38,0.057,459845.322,9891323.924,-0.9832059,116.6390897
WB10-INV10,23,28,6,9891324.759,459853.845,-0.9831984,116.6391663,93.96,5.833,164.3,1.58,0.133,459860.768,9891323.924,-0.983206,116.6392285
WB10-INV10,24,20,5,9891324.759,459869.277,-0.9831984,116.639305,93.42,3.858,271.9,-3.86,0.197,459876.214,9891323.924,-0.983206,116.6393673
WB10-INV10,25,21,5,9891318.059,459822.939,-0.983259,116.6388885,91.59,7.654,169.8,1.36,0.075,459829.876,9891317.224,-0.9832666,116.6389508
WB10-INV10,26,22,5,9891318.059,459838.385,-0.983259,116.6390273,91.28,16.523,188.7,-2.57,0.138,459845.322,9891317.224,-0.9832666,116.6390897
WB10-INV10,27,23,5,9891318.059,459869.277,-0.983259,116.639305,93.32,2.873,254.3,-2.77,0.12,459876.214,9891317.224,-0.9832666,116.6393673
WB10-INV11,1,1,1,9891388.559,459884.723,-0.9826212,116.6394439,90.12,4.515,45.7,3.23,0.237,459891.66,9891387.724,-0.9826288,116.6395062
WB10-INV11,2,2,1,9891388.559,459900.169,-0.9826212,116.6395827,88.16,,,,0.523,459907.106,9891387.724,-0.9826288,116.639645
WB10-INV11,3,3,1,9891382.559,459884.723,-0.9826755,116.6394439,90.55,,,,0.558,459891.66,9891381.724,-0.9826831,116.6395062
WB10-INV11,4,4,1,9891382.559,459900.169,-0.9826755,116.6395827,87.0,18.361,112.8,17.01,0.266,459907.106,9891381.724,-0.9826831,116.639645
WB10-INV11,5,10,3,9891376.459,459884.723,-0.9827307,116.6394438,90.83,21.244,115.1,19.39,0.459,459891.66,9891375.624,-0.9827383,116.6395062
WB10-INV11,6,11,3,9891376.459,459900.169,-0.9827307,116.6395827,86.02,19.42,114.5,17.79,0.154,459907.106,9891375.624,-0.9827383,116.639645
WB10-INV11,7,12,3,9891370.359,459884.723,-0.9827859,116.6394438,91.18,26.573,105.9,25.69,0.303,459891.66,9891369.524,-0.9827934,116.6395062
WB10-INV11,8,13,3,9891370.359,459900.169,-0.9827859,116.6395827,84.66,11.624,103.9,11.29,0.245,459907.106,9891369.524,-0.9827935,116.639645
WB10-INV11,9,5,2,9891370.359,459915.615,-0.9827859,116.6397215,81.79,21.418,320.2,-14.09,0.056,459922.552,9891369.524,-0.9827935,116.6397838
WB10-INV11,10,14,3,9891364.259,459884.723,-0.9828411,116.6394438,91.28,24.838,90.8,24.84,0.153,459891.66,9891363.424,-0.9828486,116.6395062
WB10-INV11,11,6,2,9891364.259,459900.169,-0.9828411,116.6395827,84.31,13.246,10.8,2.53,0.429,459907.106,9891363.424,-0.9828486,116.639645
WB10-INV11,12,7,2,9891364.259,459915.615,-0.9828411,116.6397215,83.8,21.071,324.2,-12.7,0.101,459922.552,9891363.424,-0.9828487,116.6397838
WB10-INV11,13,15,4,9891364.259,459931.061,-0.9828411,116.6398603,87.3,12.258,348.9,-2.4,0.195,459937.998,9891363.424,-0.9828487,116.6399227
WB10-INV11,14,20,5,9891357.859,459884.723,-0.982899,116.6394438,90.54,19.822,72.5,18.97,0.106,459891.66,9891357.024,-0.9829065,116.6395062
WB10-INV11,15,21,5,9891357.859,459899.669,-0.982899,116.6395782,85.23,15.868,356.2,-1.08,0.255,459907.106,9891357.024,-0.9829066,116.639645
WB10-INV11,16,22,5,9891357.859,459915.115,-0.982899,116.639717,85.7,18.153,317.5,-12.49,0.122,459922.552,9891357.024,-0.9829066,116.6397838
WB10-INV11,17,16,4,9891357.859,459930.561,-0.982899,116.6398558,88.94,11.978,2.4,0.51,0.191,459937.998,9891357.024,-0.9829066,116.6399227
WB10-INV11,18,25,6,9891351.659,459884.723,-0.9829551,116.6394438,90.93,19.886,48.6,15.18,0.11,459891.66,9891350.824,-0.9829626,116.6395062
WB10-INV11,19,26,6,9891351.659,459900.169,-0.9829551,116.6395826,86.91,14.79,354.3,-1.5,0.272,459907.106,9891350.824,-0.9829626,116.639645
WB10-INV11,20,8,2,9891351.659,459915.615,-0.9829551,116.6397215,87.44,16.452,315.6,-11.67,0.115,459922.552,9891350.824,-0.9829627,116.6397838
WB10-INV11,21,17,4,9891351.659,459931.061,-0.9829551,116.6398603,90.31,8.301,19.1,2.73,0.149,459937.998,9891350.824,-0.9829627,116.6399227
WB10-INV11,22,27,6,9891345.359,459884.723,-0.9830121,116.6394438,92.12,18.164,47.1,13.51,0.096,459891.66,9891344.524,-0.9830196,116.6395062
WB10-INV11,23,28,6,9891345.359,459900.169,-0.9830121,116.6395826,88.61,17.104,349.0,-3.36,0.235,459907.106,9891344.524,-0.9830196,116.639645
WB10-INV11,24,23,5,9891345.359,459915.615,-0.9830121,116.6397215,89.24,14.719,327.1,-8.12,0.152,459922.552,9891344.524,-0.9830197,116.6397838
WB10-INV11,25,18,4,9891345.359,459931.061,-0.9830121,116.6398603,91.41,6.63,29.2,3.25,0.08,459937.998,9891344.524,-0.9830197,116.6399226
WB10-INV11,26,9,2,9891370.359,459931.061,-0.9827859,116.6398603,85.72,7.949,319.8,-5.15,0.336,459937.998,9891369.524,-0.9827935,116.6399227
WB10-INV12,1,1,1,9891339.059,459884.723,-0.9830691,116.6394438,93.3,15.889,44.1,11.2,0.09,459891.66,9891338.224,-0.9830766,116.6395062
WB10-INV12,2,2,1,9891339.059,459900.169,-0.9830691,116.6395826,90.2,16.605,344.2,-4.64,0.162,459907.106,9891338.224,-0.9830766,116.639645
WB10-INV12,3,3,1,9891339.059,459916.065,-0.9830691,116.6397255,91.22,11.623,344.7,-3.11,0.087,459922.552,9891338.224,-0.9830767,116.6397838
WB10-INV12,4,4,1,9891339.059,459931.061,-0.9830691,116.6398603,92.01,4.339,56.7,3.63,0.054,459937.998,9891338.224,-0.9830767,116.6399226
WB10-INV12,5,10,3,9891332.159,459884.723,-0.9831315,116.6394438,94.04,11.089,46.2,8.05,0.121,459891.66,9891331.324,-0.983139,116.6395062
WB10-INV12,6,11,3,9891332.159,459900.169,-0.9831315,116.6395826,91.84,9.646,341.8,-3.04,0.128,459907.106,9891331.324,-0.9831391,116.639645
WB10-INV12,7,12,3,9891332.151,459916.065,-0.9831316,116.6397255,92.55,4.51,10.2,0.8,0.088,459922.552,9891331.324,-0.9831391,116.6397838
WB10-INV12,8,13,3,9891332.159,459931.061,-0.9831315,116.6398603,92.28,4.409,97.0,4.38,0.047,459937.998,9891331.324,-0.9831391,116.6399226
WB10-INV12,9,14,3,9891332.159,459946.507,-0.9831315,116.6399991,91.13,8.242,79.0,8.09,0.061,459953.444,9891331.324,-0.9831391,116.6400615
WB10-INV12,10,6,2,9891324.759,459884.723,-0.9831984,116.6394438,94.47,7.907,21.0,2.85,0.137,459891.66,9891323.924,-0.983206,116.6395061
WB10-INV12,11,7,2,9891324.759,459900.169,-0.9831984,116.6395826,93.46,11.977,1.4,0.3,0.077,459907.106,9891323.924,-0.983206,116.639645
WB10-INV12,12,15,4,9891324.759,459915.615,-0.9831985,116.6397214,93.48,5.0,54.0,4.05,0.108,459922.552,9891323.924,-0.983206,116.6397838
WB10-INV12,13,25,6,9891324.759,459931.061,-0.9831985,116.6398603,92.5,15.748,144.2,9.37,0.125,459937.998,9891323.924,-0.983206,116.6399226
WB10-INV12,14,26,6,9891324.759,459946.507,-0.9831985,116.6399991,90.23,12.375,156.7,4.96,0.087,459953.444,9891323.924,-0.9832061,116.6400615
WB10-INV12,15,8,2,9891318.059,459884.723,-0.983259,116.6394438,94.74,2.706,323.4,-1.61,0.095,459891.66,9891317.224,-0.9832666,116.6395061
WB10-INV12,16,9,2,9891318.059,459900.169,-0.9832591,116.6395826,94.97,6.821,23.7,2.75,0.06,459907.106,9891317.224,-0.9832666,116.639645
WB10-INV12,17,16,4,9891318.059,459915.615,-0.9832591,116.6397214,94.07,10.309,102.5,10.07,0.242,459922.552,9891317.224,-0.9832666,116.6397838
WB10-INV12,18,27,6,9891318.059,459931.061,-0.9832591,116.6398603,91.51,16.307,131.4,12.38,0.115,459937.998,9891317.224,-0.9832667,116.6399226
WB10-INV12,19,28,6,9891318.059,459946.507,-0.9832591,116.6399991,88.49,13.637,161.5,4.4,0.082,459953.444,9891317.224,-0.9832667,116.6400614
WB10-INV12,20,17,4,9891311.259,459869.277,-0.9833206,116.639305,92.88,5.538,253.0,-5.3,0.161,459876.214,9891310.424,-0.9833281,116.6393673
WB10-INV12,21,18,4,9891311.259,459884.723,-0.9833206,116.6394438,93.93,6.383,265.5,-6.36,0.224,459891.66,9891310.424,-0.9833281,116.6395061
WB10-INV12,22,20,5,9891311.259,459900.169,-0.9833206,116.6395826,95.49,3.434,64.8,3.11,0.03,459907.106,9891310.424,-0.9833281,116.639645
WB10-INV12,23,21,5,9891311.259,459915.615,-0.9833206,116.6397214,94.54,17.715,105.7,17.09,0.208,459922.552,9891310.424,-0.9833282,116.6397838
WB10-INV12,24,22,5,9891311.259,459931.061,-0.9833206,116.6398603,90.09,16.629,131.4,12.63,0.078,459937.998,9891310.424,-0.9833282,116.6399226
WB10-INV12,25,23,5,9891311.259,459946.507,-0.9833206,116.6399991,86.86,15.895,162.4,4.92,0.067,459953.444,9891310.424,-0.9833282,116.6400614
WB10-INV13,1,1,1,9891303.959,459869.277,-0.9833866,116.6393049,92.36,7.401,272.8,-7.39,0.083,459876.214,9891303.124,-0.9833942,116.6393673
WB10-INV13,2,2,1,9891303.959,459884.723,-0.9833866,116.6394438,94.35,5.901,263.3,-5.86,0.155,459891.66,9891303.124,-0.9833942,116.6395061
WB10-INV13,3,10,3,9891303.959,459900.169,-0.9833866,116.6395826,95.64,4.614,74.5,4.45,0.099,459907.106,9891303.124,-0.9833942,116.639645
WB10-INV13,4,11,3,9891303.959,459915.615,-0.9833866,116.6397214,94.3,19.826,93.1,19.8,0.165,459922.552,9891303.124,-0.9833942,116.6397838
WB10-INV13,5,12,3,9891303.959,459931.061,-0.9833867,116.6398603,89.1,12.243,86.9,12.23,0.107,459937.998,9891303.124,-0.9833942,116.6399226
WB10-INV13,6,3,1,9891296.559,459869.277,-0.9834535,116.6393049,92.65,5.758,263.7,-5.72,0.029,459876.214,9891295.724,-0.9834611,116.6393673
WB10-INV13,7,4,1,9891296.559,459884.723,-0.9834536,116.6394438,94.27,4.063,257.2,-3.96,0.086,459891.66,9891295.724,-0.9834611,116.6395061
WB10-INV13,8,13,3,9891296.559,459900.169,-0.9834536,116.6395826,95.55,2.921,45.5,2.08,0.111,459907.106,9891295.724,-0.9834611,116.6396449
WB10-INV13,9,14,3,9891296.559,459915.615,-0.9834536,116.6397214,94.6,18.641,68.1,17.38,0.108,459922.552,9891295.724,-0.9834612,116.6397838
WB10-INV13,10,6,2,9891288.359,459869.277,-0.9835277,116.6393049,92.83,4.462,290.0,-4.19,0.036,459876.214,9891287.524,-0.9835353,116.6393673
WB10-INV13,11,7,2,9891288.359,459884.723,-0.9835277,116.6394438,94.08,5.3,278.5,-5.24,0.093,459891.66,9891287.524,-0.9835353,116.6395061
WB10-INV13,12,15,4,9891288.359,459900.169,-0.9835278,116.6395826,95.18,1.492,59.6,1.29,0.277,459907.106,9891287.524,-0.9835353,116.6396449
WB10-INV13,13,25,6,9891288.359,459915.615,-0.9835278,116.6397214,94.79,12.787,46.7,9.38,0.121,459922.552,9891287.524,-0.9835353,116.6397838
WB10-INV13,14,20,5,9891288.359,459931.061,-0.9835278,116.6398602,91.92,22.614,59.9,19.82,0.178,459937.998,9891287.524,-0.9835354,116.6399226
WB10-INV13,15,21,5,9891288.359,459946.507,-0.9835278,116.6399991,85.84,19.408,34.4,11.26,0.496,459953.444,9891287.524,-0.9835354,116.6400614
WB10-INV13,16,8,2,9891281.659,459869.277,-0.9835883,116.6393049,93.12,4.028,299.0,-3.52,0.022,459876.214,9891280.824,-0.9835959,116.6393673
WB10-INV13,17,9,2,9891281.659,459884.723,-0.9835884,116.6394438,94.16,5.402,271.8,-5.4,0.026,459891.66,9891280.824,-0.9835959,116.6395061
WB10-INV13,18,16,4,9891281.659,459900.169,-0.9835884,116.6395826,95.56,3.612,335.9,-1.48,0.14,459907.106,9891280.824,-0.9835959,116.6396449
WB10-INV13,19,26,6,9891281.659,459915.615,-0.9835884,116.6397214,95.53,11.903,38.0,7.39,0.162,459922.552,9891280.824,-0.983596,116.6397838
WB10-INV13,20,22,5,9891281.659,459931.061,-0.9835884,116.6398602,93.18,20.845,58.5,17.99,0.125,459937.998,9891280.824,-0.983596,116.6399226
WB10-INV13,21,23,5,9891281.659,459946.507,-0.9835884,116.6399991,87.66,,,,0.578,459953.444,9891280.824,-0.983596,116.6400614
WB10-INV13,22,17,4,9891275.659,459869.277,-0.9836426,116.6393049,93.24,3.628,286.7,-3.48,0.017,459876.214,9891274.824,-0.9836502,116.6393673
WB10-INV13,23,18,4,9891275.659,459884.723,-0.9836426,116.6394437,94.22,4.864,265.9,-4.85,0.031,459891.66,9891274.824,-0.9836502,116.6395061
WB10-INV13,24,27,6,9891275.659,459900.169,-0.9836427,116.6395826,95.62,4.295,271.3,-4.29,0.169,459907.106,9891274.824,-0.9836502,116.6396449
WB10-INV13,25,28,6,9891275.659,459915.615,-0.9836427,116.6397214,96.36,9.834,40.7,6.45,0.108,459922.552,9891274.824,-0.9836502,116.6397838
WB10-INV14,1,1,1,9891275.659,459931.061,-0.9836427,116.6398602,94.21,20.124,56.6,17.01,0.15,459937.998,9891274.824,-0.9836503,116.6399226
WB10-INV14,2,2,1,9891275.659,459946.507,-0.9836427,116.6399991,89.05,25.438,4.3,2.04,0.226,459953.444,9891274.824,-0.9836503,116.6400614
WB10-INV14,3,10,3,9891269.559,459869.573,-0.9836978,116.6393076,93.36,3.196,282.2,-3.12,0.023,459876.214,9891268.724,-0.9837054,116.6393673
WB10-INV14,4,11,3,9891269.559,459884.723,-0.9836978,116.6394437,94.24,4.248,262.8,-4.21,0.042,459891.66,9891268.724,-0.9837054,116.6395061
WB10-INV14,5,12,3,9891269.559,459900.169,-0.9836978,116.6395826,95.4,4.063,260.9,-4.01,0.103,459907.106,9891268.724,-0.9837054,116.6396449
WB10-INV14,6,13,3,9891269.559,459915.615,-0.9836979,116.6397214,96.82,6.144,43.5,4.24,0.164,459922.552,9891268.724,-0.9837054,116.6397837
WB10-INV14,7,3,1,9891269.559,459931.061,-0.9836979,116.6398602,95.22,18.895,49.6,14.61,0.132,459937.998,9891268.724,-0.9837054,116.6399226
WB10-INV14,8,4,1,9891269.559,459946.507,-0.9836979,116.639999,91.36,20.583,9.0,3.36,0.07,459953.444,9891268.724,-0.9837055,116.6400614
WB10-INV14,9,14,3,9891263.459,459869.277,-0.983753,116.6393049,93.47,2.847,284.5,-2.76,0.016,459876.214,9891262.624,-0.9837606,116.6393673
WB10-INV14,10,5,2,9891263.159,459915.615,-0.9837558,116.6397214,96.44,2.276,335.4,-0.95,0.186,459922.552,9891262.324,-0.9837633,116.6397837
WB10-INV14,11,6,2,9891263.159,459931.061,-0.9837558,116.6398602,96.34,17.711,31.1,9.37,0.12,459937.998,9891262.324,-0.9837633,116.6399226
WB10-INV14,12,7,2,9891263.159,459946.507,-0.9837558,116.639999,93.87,18.513,13.1,4.34,0.064,459953.444,9891262.324,-0.9837634,116.6400614
WB10-INV14,13,15,4,9891256.659,459915.615,-0.9838146,116.6397214,96.8,4.894,350.5,-0.81,0.183,459922.552,9891255.824,-0.9838221,116.6397837
WB10-INV14,14,8,2,9891256.659,459931.061,-0.9838146,116.6398602,97.15,10.026,19.8,3.43,0.103,459937.998,9891255.824,-0.9838221,116.6399226
WB10-INV14,15,9,2,9891256.659,459946.507,-0.9838146,116.639999,96.04,17.072,17.9,5.39,0.056,459953.444,9891255.824,-0.9838222,116.6400614
WB10-INV14,16,16,4,9891250.059,459915.615,-0.9838743,116.6397214,98.32,8.661,31.8,4.59,0.186,459922.552,9891249.224,-0.9838818,116.6397837
WB10-INV14,17,17,4,9891250.059,459931.061,-0.9838743,116.6398602,97.41,3.447,354.3,-0.34,0.043,459937.998,9891249.224,-0.9838819,116.6399226
WB10-INV14,18,18,4,9891250.059,459946.507,-0.9838743,116.639999,97.43,8.123,24.7,3.41,0.078,459953.444,9891249.224,-0.9838819,116.6400614
WB10-INV14,19,25,6,9891243.259,459900.169,-0.9839358,116.6395825,96.71,8.774,292.1,-8.14,0.155,459907.106,9891242.424,-0.9839433,116.6396449
WB10-INV14,20,26,6,9891243.259,459915.615,-0.9839358,116.6397214,98.76,5.08,14.1,1.24,0.152,459922.552,9891242.424,-0.9839434,116.6397837
WB10-INV14,21,20,5,9891243.259,459931.061,-0.9839358,116.6398602,98.17,5.353,25.2,2.28,0.171,459937.998,9891242.424,-0.9839434,116.6399226
WB10-INV14,22,21,5,9891243.259,459946.507,-0.9839358,116.639999,97.54,2.133,120.0,1.85,0.042,459953.444,9891242.424,-0.9839434,116.6400614
WB10-INV14,23,27,6,9891236.759,459900.169,-0.9839946,116.6395825,97.17,6.238,263.0,-6.19,0.176,459907.106,9891235.924,-0.9840022,116.6396449
WB10-INV14,24,28,6,9891236.759,459915.615,-0.9839946,116.6397214,98.89,0.672,148.5,0.35,0.052,459922.552,9891235.924,-0.9840022,116.6397837
WB10-INV14,25,22,5,9891236.759,459931.061,-0.9839946,116.6398602,98.69,5.677,20.7,2.01,0.148,459937.998,9891235.924,-0.9840022,116.6399225
WB10-INV14,26,23,5,9891236.759,459946.507,-0.9839946,116.639999,97.72,8.385,21.9,3.15,0.151,459953.444,9891235.924,-0.9840022,116.6400614
WB10-INV15,1,1,1,9891230.459,459884.723,-0.9840516,116.6394437,95.0,11.145,309.7,-8.62,0.074,459891.66,9891229.624,-0.9840591,116.6395061
WB10-INV15,2,2,1,9891230.459,459900.169,-0.9840516,116.6395825,97.47,5.457,196.7,-1.57,0.119,459907.106,9891229.624,-0.9840592,116.6396449
WB10-INV15,3,3,1,9891230.459,459915.615,-0.9840516,116.6397214,98.1,12.612,189.4,-2.09,0.064,459922.552,9891229.624,-0.9840592,116.6397837
WB10-INV15,4,4,1,9891230.459,459931.061,-0.9840516,116.6398602,98.62,4.74,187.9,-0.65,0.076,459937.998,9891229.624,-0.9840592,116.6399225
WB10-INV15,5,10,3,9891230.459,459946.507,-0.9840516,116.639999,98.63,1.868,29.4,0.92,0.102,459953.444,9891229.624,-0.9840592,116.6400614
WB10-INV15,6,11,3,9891223.659,459884.723,-0.9841131,116.6394437,96.12,5.507,301.9,-4.68,0.098,459891.66,9891222.824,-0.9841207,116.6395061
WB10-INV15,7,12,3,9891223.659,459900.169,-0.9841131,116.6395825,97.39,12.526,155.4,5.28,0.138,459907.106,9891222.824,-0.9841207,116.6396449
WB10-INV15,8,13,3,9891223.659,459915.409,-0.9841131,116.6397195,96.4,18.927,184.4,-1.51,0.168,459922.552,9891222.824,-0.9841207,116.6397837
WB10-INV15,9,14,3,9891223.659,459930.855,-0.9841131,116.6398583,97.09,14.602,202.8,-5.76,0.126,459937.998,9891222.824,-0.9841207,116.6399225
WB10-INV15,10,5,2,9891223.659,459946.301,-0.9841132,116.6399972,98.47,0.315,82.9,0.31,0.124,459953.444,9891222.824,-0.9841207,116.6400614
WB10-INV15,11,6,2,9891215.959,459915.409,-0.9841828,116.6397195,93.63,20.564,190.1,-3.76,0.224,459922.552,9891215.124,-0.9841904,116.6397837
WB10-INV15,12,7,2,9891215.959,459930.855,-0.9841828,116.6398583,94.68,18.467,208.8,-9.14,0.085,459937.998,9891215.124,-0.9841904,116.6399225
WB10-INV15,13,8,2,9891215.959,459946.301,-0.9841828,116.6399971,96.94,12.366,192.7,-2.76,0.142,459953.444,9891215.124,-0.9841904,116.6400614
WB10-INV15,14,9,2,9891207.059,459915.409,-0.9842633,116.6397195,90.6,19.697,185.6,-2.0,0.332,459922.552,9891206.224,-0.9842709,116.6397837
WB10-INV15,15,15,4,9891207.059,459930.855,-0.9842633,116.6398583,91.25,21.348,220.6,-14.27,0.095,459937.998,9891206.224,-0.9842709,116.6399225
WB10-INV15,16,16,4,9891207.059,459946.301,-0.9842633,116.6399971,94.83,11.877,204.5,-4.98,0.142,459953.444,9891206.224,-0.9842709,116.6400613
WB10-INV15,17,17,4,9891198.859,459930.855,-0.9843375,116.6398583,88.7,21.512,225.3,-15.65,0.088,459937.998,9891198.024,-0.9843451,116.6399225
WB10-INV15,18,18,4,9891198.859,459946.301,-0.9843375,116.6399971,92.77,12.872,213.6,-7.21,0.255,459953.444,9891198.024,-0.9843451,116.6400613
WB10-INV15,19,25,6,9891190.959,459930.855,-0.984409,116.6398583,86.81,16.219,236.2,-13.59,0.16,459937.998,9891190.124,-0.9844165,116.6399225
WB10-INV15,20,26,6,9891190.959,459946.301,-0.984409,116.6399971,90.9,13.608,211.4,-7.19,0.335,459953.444,9891190.124,-0.9844166,116.6400613
WB10-INV15,21,27,6,9891183.029,459936.983,-0.9844807,116.6399134,86.92,16.864,237.6,-14.36,0.099,459937.973,9891182.193,-0.9844883,116.6399223
WB10-INV15,22,28,6,9891174.659,459929.333,-0.9845564,116.6398446,83.87,17.041,243.2,-15.3,0.069,,,,
WB10-INV15,23,20,5,9891167.059,459930.214,-0.9846252,116.6398525,83.28,17.002,256.7,-16.57,0.15,459937.621,9891166.224,-0.9846328,116.6399191
WB10-INV15,24,21,5,9891159.459,459929.994,-0.984694,116.6398505,82.03,17.362,269.8,-17.36,0.31,459937.384,9891158.624,-0.9847015,116.6399169
WB10-INV15,25,22,5,9891151.559,459930.901,-0.9847654,116.6398587,82.96,10.136,245.0,-9.2,0.247,459937.998,9891150.724,-0.984773,116.6399225
WB10-INV15,26,23,5,9891143.643,459930.901,-0.9848371,116.6398587,82.89,10.657,204.7,-4.5,0.173,459937.93,9891142.807,-0.9848446,116.6399218
WB10-INV16,1,10,3,9891215.959,459869.277,-0.9841827,116.6393049,96.01,8.994,336.8,-3.57,0.095,459876.214,9891215.124,-0.9841903,116.6393672
WB10-INV16,2,1,1,9891215.959,459884.723,-0.9841828,116.6394437,97.12,3.626,134.8,2.57,0.18,459891.66,9891215.124,-0.9841903,116.639506
WB10-INV16,3,2,1,9891215.959,459900.169,-0.9841828,116.6395825,96.33,18.301,145.2,10.69,0.127,459907.106,9891215.124,-0.9841903,116.6396449
WB10-INV16,4,11,3,9891207.059,459869.277,-0.9842633,116.6393049,97.09,1.258,191.5,-0.25,0.076,459876.214,9891206.224,-0.9842708,116.6393672
WB10-INV16,5,3,1,9891207.059,459884.723,-0.9842633,116.6394437,97.1,13.613,137.0,9.38,0.079,459891.66,9891206.224,-0.9842708,116.639506
WB10-INV16,6,4,1,9891207.059,459900.169,-0.9842633,116.6395825,94.64,19.821,134.4,14.44,0.058,459907.106,9891206.224,-0.9842709,116.6396449
WB10-INV16,7,12,3,9891198.859,459853.831,-0.9843374,116.639166,96.94,4.205,175.8,0.31,0.044,459860.768,9891198.024,-0.984345,116.6392284
WB10-INV16,8,13,3,9891198.859,459869.277,-0.9843374,116.6393048,96.98,9.38,153.1,4.27,0.113,459876.214,9891198.024,-0.984345,116.6393672
WB10-INV16,9,14,3,9891198.859,459884.723,-0.9843375,116.6394437,95.82,16.744,134.3,12.15,0.065,459891.66,9891198.024,-0.984345,116.639506
WB10-INV16,10,5,2,9891198.859,459900.169,-0.9843375,116.6395825,92.48,18.711,130.4,14.46,0.074,459907.106,9891198.024,-0.984345,116.6396449
WB10-INV16,11,6,2,9891190.959,459853.831,-0.9844089,116.639166,96.04,12.411,174.1,1.3,0.045,459860.768,9891190.124,-0.9844165,116.6392284
WB10-INV16,12,7,2,9891190.959,459869.277,-0.9844089,116.6393048,95.68,15.648,155.8,6.55,0.128,459876.214,9891190.124,-0.9844165,116.6393672
WB10-INV16,13,8,2,9891190.959,459884.723,-0.9844089,116.6394437,93.95,15.941,139.6,10.49,0.07,459891.66,9891190.124,-0.9844165,116.639506
WB10-INV16,14,9,2,9891190.959,459900.169,-0.9844089,116.6395825,90.9,17.75,127.2,14.3,0.041,459907.106,9891190.124,-0.9844165,116.6396448
WB10-INV16,15,15,4,9891183.059,459853.831,-0.9844804,116.639166,94.18,15.933,172.0,2.28,0.046,459860.768,9891182.224,-0.9844879,116.6392284
WB10-INV16,16,16,4,9891183.059,459869.277,-0.9844804,116.6393048,93.55,15.526,157.2,6.14,0.151,459876.214,9891182.224,-0.984488,116.6393672
WB10-INV16,17,17,4,9891183.059,459884.723,-0.9844804,116.6394437,91.83,13.126,141.8,8.21,0.078,459891.66,9891182.224,-0.984488,116.639506
WB10-INV16,18,18,4,9891183.059,459900.169,-0.9844804,116.6395825,89.44,15.009,113.4,13.82,0.075,459907.106,9891182.224,-0.984488,116.6396448
WB10-INV16,19,25,6,9891174.659,459853.831,-0.9845564,116.639166,91.75,16.999,172.0,2.44,0.053,459860.768,9891173.824,-0.9845639,116.6392283
WB10-INV16,20,26,6,9891174.659,459869.277,-0.9845564,116.6393048,91.17,12.749,165.5,3.24,0.214,459876.214,9891173.824,-0.984564,116.6393672
WB10-INV16,21,27,6,9891174.659,459884.723,-0.9845564,116.6394436,90.11,13.111,151.9,6.26,0.063,459891.66,9891173.824,-0.984564,116.639506
WB10-INV16,22,28,6,9891174.659,459900.169,-0.9845564,116.6395825,88.28,11.094,115.1,10.07,0.094,459907.106,9891173.824,-0.984564,116.6396448
WB10-INV16,23,20,5,9891167.059,459853.831,-0.9846251,116.639166,89.64,14.776,167.1,3.37,0.104,459860.768,9891166.224,-0.9846327,116.6392283
WB10-INV16,24,21,5,9891167.059,459869.277,-0.9846251,116.6393048,89.04,14.873,178.8,0.32,0.22,459876.214,9891166.224,-0.9846327,116.6393672
WB10-INV16,25,22,5,9891167.059,459884.723,-0.9846252,116.6394436,88.55,15.796,156.0,6.56,0.145,459891.66,9891166.224,-0.9846327,116.639506
WB10-INV16,26,23,5,9891167.059,459900.169,-0.9846252,116.6395825,86.83,14.089,150.5,7.05,0.132,459907.106,9891166.224,-0.9846327,116.6396448
WB10-INV17,1,1,1,9891122.125,459888.949,-0.9850317,116.6394816,82.17,13.238,1.2,0.28,0.18,459895.886,9891121.29,-0.9850392,116.6395439
WB10-INV17,2,2,1,9891122.125,459904.395,-0.9850317,116.6396204,82.54,10.134,29.6,5.05,0.043,459911.332,9891121.29,-0.9850393,116.6396828
WB10-INV17,3,10,3,9891115.425,459852.633,-0.9850923,116.6391552,81.99,4.157,5.9,0.43,0.04,459859.57,9891114.59,-0.9850998,116.6392175
WB10-INV17,4,11,3,9891115.425,459868.079,-0.9850923,116.639294,81.86,21.797,336.9,-8.92,0.28,459875.016,9891114.59,-0.9850998,116.6393564
WB10-INV17,5,12,3,9891115.425,459883.025,-0.9850923,116.6394283,83.91,8.791,0.6,0.09,0.062,459890.462,9891114.59,-0.9850999,116.6394952
WB10-INV17,6,3,1,9891115.425,459898.971,-0.9850923,116.6395717,83.89,9.568,27.8,4.5,0.087,459905.908,9891114.59,-0.9850999,116.639634
WB10-INV17,7,4,1,9891115.425,459914.417,-0.9850923,116.6397105,82.69,10.16,41.5,6.77,0.035,459921.354,9891114.59,-0.9850999,116.6397728
WB10-INV17,8,13,3,9891109.125,459852.633,-0.9851493,116.6391552,83.03,30.365,348.6,-6.61,0.324,459859.57,9891108.29,-0.9851568,116.6392175
WB10-INV17,9,14,3,9891109.125,459868.079,-0.9851493,116.639294,84.87,13.541,355.7,-1.03,0.119,459875.016,9891108.29,-0.9851568,116.6393563
WB10-INV17,10,6,2,9891109.125,459883.525,-0.9851493,116.6394328,85.05,9.25,3.4,0.55,0.03,459890.462,9891108.29,-0.9851569,116.6394952
WB10-INV17,11,7,2,9891109.125,459898.971,-0.9851493,116.6395716,84.88,9.662,26.5,4.34,0.071,459905.908,9891108.29,-0.9851569,116.639634
WB10-INV17,12,8,2,9891109.125,459914.417,-0.9851493,116.6397105,83.72,12.548,33.8,7.06,0.035,459921.354,9891108.29,-0.9851569,116.6397728
WB10-INV17,13,9,2,9891102.425,459868.079,-0.9852099,116.639294,86.63,16.177,2.3,0.67,0.057,459875.016,9891101.59,-0.9852175,116.6393563
WB10-INV17,14,15,4,9891102.425,459883.525,-0.9852099,116.6394328,86.43,14.081,4.8,1.2,0.041,459890.462,9891101.59,-0.9852175,116.6394952
WB10-INV17,15,16,4,9891102.425,459898.971,-0.9852099,116.6395716,86.06,12.414,18.3,3.95,0.037,459905.908,9891101.59,-0.9852175,116.639634
WB10-INV17,16,17,4,9891102.425,459914.417,-0.9852099,116.6397105,84.97,12.442,40.3,8.12,0.041,459921.354,9891101.59,-0.9852175,116.6397728
WB10-INV17,17,18,4,9891095.625,459868.079,-0.9852714,116.639294,88.69,16.392,5.7,1.67,0.096,459875.016,9891094.79,-0.985279,116.6393563
WB10-INV17,18,25,6,9891095.625,459883.525,-0.9852714,116.6394328,88.27,13.616,10.6,2.55,0.05,459890.462,9891094.79,-0.985279,116.6394952
WB10-INV17,19,26,6,9891095.625,459898.971,-0.9852714,116.6395716,87.58,11.744,23.4,4.72,0.06,459905.908,9891094.79,-0.985279,116.639634
WB10-INV17,20,27,6,9891095.625,459914.417,-0.9852715,116.6397105,86.21,12.731,36.8,7.71,0.043,459921.354,9891094.79,-0.985279,116.6397728
WB10-INV17,21,28,6,9891088.925,459868.079,-0.985332,116.639294,90.46,15.575,3.2,0.89,0.156,459875.016,9891088.09,-0.9853396,116.6393563
WB10-INV17,22,20,5,9891088.925,459883.755,-0.985332,116.6394349,90.03,13.89,18.2,4.42,0.054,459890.462,9891088.09,-0.9853396,116.6394952
WB10-INV17,23,21,5,9891088.925,459898.971,-0.9853321,116.6395716,88.92,11.283,28.6,5.46,0.047,459905.908,9891088.09,-0.9853396,116.639634
WB10-INV17,24,22,5,9891088.925,459914.417,-0.9853321,116.6397105,87.36,11.946,45.8,8.62,0.051,459921.354,9891088.09,-0.9853396,116.6397728
WB10-INV17,25,23,5,9891088.925,459929.863,-0.9853321,116.6398493,85.01,13.305,66.0,12.19,0.062,459936.8,9891088.09,-0.9853397,116.6399116
